disclosure_id,scraped_at,politician,chamber,ticker,issuer,transaction_type,transaction_date,disclosure_date,amount_range,amount_lower,amount_upper,amount_mid,source
3983cd4c7fbf6d5999b5,2026-04-17T00:12:28Z,August Pfluger,house,UHAL,Amerco UHAL:US,purchase,2026-03-13,2026-04-16,15K–50K,15001,50000,32500.5,capitol_trades
848b97b7fb9e3e63bb2e,2026-04-17T00:12:28Z,August Pfluger,house,BRK,Berkshire Hathaway Inc BRK/B:US,purchase,2026-03-13,2026-04-16,15K–50K,15001,50000,32500.5,capitol_trades
d498a35ce452ff1d0fc4,2026-04-17T00:12:28Z,August Pfluger,house,LP,Dorchester Minerals LP DMLP:US,purchase,2026-03-13,2026-04-16,15K–50K,15001,50000,32500.5,capitol_trades
43464cb765eca44ad7a4,2026-04-17T00:12:28Z,August Pfluger,house,VIPER,VIPER ENERGY INC N/A,purchase,2026-03-13,2026-04-16,15K–50K,15001,50000,32500.5,capitol_trades
75e54e47470b4e024713,2026-04-17T00:12:28Z,Rick Larsen,house,AXP,American Express Co AXP:US,sale,2026-04-07,2026-04-16,1K–15K,1001,15000,8000.5,capitol_trades
9efb18844af2099f7d1b,2026-04-17T00:12:28Z,Rick Larsen,house,AWK,American Water Works Company Inc AWK:US,sale,2026-04-07,2026-04-16,1K–15K,1001,15000,8000.5,capitol_trades
d54d314a3b33fa4187ea,2026-04-17T00:12:28Z,Rick Larsen,house,BR,Broadridge Financial Solutions Inc BR:US,sale,2026-04-07,2026-04-16,1K–15K,1001,15000,8000.5,capitol_trades
f55b5cc52dc42b2b1d9d,2026-04-17T00:12:28Z,Rick Larsen,house,CARR,Carrier Global Corp CARR:US,purchase,2026-04-07,2026-04-16,1K–15K,1001,15000,8000.5,capitol_trades
d0845a499841d158af7b,2026-04-17T00:12:28Z,Rick Larsen,house,CASY,Casey's General Stores Inc. CASY:US,purchase,2026-04-07,2026-04-16,1K–15K,1001,15000,8000.5,capitol_trades
f9e52f0383b9add3451a,2026-04-17T00:12:28Z,Rick Larsen,house,CNL,CNL HEALTHCARE PPTYS INC N/A,exchange,2026-03-31,2026-04-16,1K–15K,1001,15000,8000.5,capitol_trades
cc54d3a794e8c9040d18,2026-04-17T00:12:28Z,Rick Larsen,house,NEE,NextEra Energy Inc NEE:US,purchase,2026-04-07,2026-04-16,1K–15K,1001,15000,8000.5,capitol_trades
39b323839af433e99fe6,2026-04-17T00:12:28Z,Rick Larsen,house,PAYX,Paychex Inc PAYX:US,sale,2026-04-07,2026-04-16,1K–15K,1001,15000,8000.5,capitol_trades
172b1ab93d708b04b0b9,2026-04-17T00:12:28Z,Rick Larsen,house,INC,SONIDA SENIOR LIVING INC N/A,sale,2026-04-07,2026-04-16,1K–15K,1001,15000,8000.5,capitol_trades
3e82bf8c491578b9d270,2026-04-17T00:12:28Z,Rick Larsen,house,INC,SONIDA SENIOR LIVING INC N/A,exchange,2026-03-31,2026-04-16,1K–15K,1001,15000,8000.5,capitol_trades
146d340f6d1313849a40,2026-04-17T00:12:28Z,Rick Larsen,house,WAB,Westinghouse Air Brake Technologies Corp WAB:US,purchase,2026-04-07,2026-04-16,1K–15K,1001,15000,8000.5,capitol_trades
92bc6f7dfb5fe1efa014,2026-04-17T00:12:28Z,Greg Steube,house,IONQ,IONQ INC IONQ:US,purchase,2026-03-18,2026-04-15,1K–15K,1001,15000,8000.5,capitol_trades
a9b826796644f4e9e58d,2026-04-17T00:12:28Z,Greg Steube,house,MAR,Marriott International Inc MAR:US,purchase,2026-04-08,2026-04-15,15K–50K,15001,50000,32500.5,capitol_trades
f571df115f9480b80a53,2026-04-17T00:12:28Z,John Boozman,senate,TPYP,Managed Portfolio Series Tortoise North American Pipeline Fund TPYP:US,sale,2026-03-20,2026-04-14,1K–15K,1001,15000,8000.5,capitol_trades
9ea783beaa2014e08465,2026-04-17T00:12:28Z,John Boozman,senate,JNJ,Johnson & Johnson JNJ:US,sale,2026-03-19,2026-04-14,1K–15K,1001,15000,8000.5,capitol_trades
bf10ca500983f3e8831d,2026-04-17T00:12:28Z,John Boozman,senate,EUROP,JPMORGAN BETABULDR EUROP ETF BBEU:US,sale,2026-03-19,2026-04-14,15K–50K,15001,50000,32500.5,capitol_trades
586116bbaa3b62503816,2026-04-17T00:12:28Z,John Boozman,senate,FTSE,Vanguard FTSE Developed Markets ETF VEA:US,purchase,2026-03-19,2026-04-14,1K–15K,1001,15000,8000.5,capitol_trades
e8c9c647fcde66004c57,2026-04-17T00:12:28Z,John Boozman,senate,TRADR,TRADR 2X LONG SPY MNTHLY ETF SPYM:US,purchase,2026-03-20,2026-04-14,1K–15K,1001,15000,8000.5,capitol_trades
590f8f6b2928c75951a4,2026-04-17T00:12:28Z,John Boozman,senate,NVDA,NVIDIA Corporation NVDA:US,purchase,2026-03-19,2026-04-14,1K–15K,1001,15000,8000.5,capitol_trades
6b92170a801d54ac4e8a,2026-04-17T00:12:28Z,John Boozman,senate,MSFT,Microsoft Corp MSFT:US,purchase,2026-03-05,2026-04-14,1K–15K,1001,15000,8000.5,capitol_trades
87b9d0a70362ba7309a8,2026-04-17T00:12:28Z,John Boozman,senate,FIRST,FIRST TR GLOBAL TACTICAL CMD FTGC:US,purchase,2026-03-19,2026-04-14,1K–15K,1001,15000,8000.5,capitol_trades
32f75d88af0e586f8d31,2026-04-17T00:12:28Z,John Boozman,senate,ARES,Ares Management Corp ARES:US,purchase,2026-03-13,2026-04-14,1K–15K,1001,15000,8000.5,capitol_trades
986246be35eab67973af,2026-04-17T00:12:28Z,Thomas Kean Jr,house,PLC,Amcor PLC AMCR:US,purchase,2026-03-31,2026-04-14,1K–15K,1001,15000,8000.5,capitol_trades
3be60675b4e66e3c0498,2026-04-17T00:12:28Z,Thomas Kean Jr,house,CB,Chubb Ltd CB:US,sale,2026-03-26,2026-04-14,15K–50K,15001,50000,32500.5,capitol_trades
e16f63cf9ac00c3dcc9b,2026-04-17T00:12:28Z,Thomas Kean Jr,house,FCNCA,First Citizens BancShares Inc FCNCA:US,sale,2026-03-26,2026-04-14,1K–15K,1001,15000,8000.5,capitol_trades
e717708b2ad8876004fb,2026-04-17T00:12:28Z,Thomas Kean Jr,house,JNJ,Johnson & Johnson JNJ:US,sale,2026-03-26,2026-04-14,1K–15K,1001,15000,8000.5,capitol_trades
6ef58cd3e59e01ebe411,2026-04-17T00:12:28Z,Thomas Kean Jr,house,PLC,Linde PLC LIN:US,purchase,2026-03-26,2026-04-14,1K–15K,1001,15000,8000.5,capitol_trades
92fb2af9d18a3392369d,2026-04-17T00:12:28Z,Thomas Kean Jr,house,PEP,PepsiCo Inc PEP:US,sale,2026-03-26,2026-04-14,15K–50K,15001,50000,32500.5,capitol_trades
e95f0a70e02a54ba5d0d,2026-04-17T00:12:28Z,Thomas Kean Jr,house,S,S&P Global Inc SPGI:US,sale,2026-03-26,2026-04-14,15K–50K,15001,50000,32500.5,capitol_trades
8b051f0d824d07e6cdd2,2026-04-17T00:12:28Z,Thomas Kean Jr,house,WAT,Waters Corp WAT:US,sale,2026-03-10,2026-04-14,1K–15K,1001,15000,8000.5,capitol_trades
44769ad497abba17ead2,2026-04-17T00:12:28Z,Shelley Moore Capito,senate,MA,Mastercard Inc MA:US,purchase,2026-03-28,2026-04-12,1K–15K,1001,15000,8000.5,capitol_trades
5b64d32bc868f4f6473e,2026-04-17T00:12:28Z,Michael McCaul,house,CEDAR,CEDAR HOLDINGS LP N/A,purchase,2026-03-24,2026-04-10,500K–1M,500001,1000000,750000.5,capitol_trades
2ddc404c859cd0acfde0,2026-04-17T00:12:28Z,Michael McCaul,house,CITY,CITY OF JACKSONVILLE FLORIDA N/A,purchase,2026-03-16,2026-04-10,100K–250K,100001,250000,175000.5,capitol_trades
4f7f921a8997f6882bfa,2026-04-17T00:12:28Z,Michael McCaul,house,OF,DEVELOPMENT AUTHORITY OF BULLOCH COUNTY N/A,purchase,2026-03-18,2026-04-10,100K–250K,100001,250000,175000.5,capitol_trades
2327adc4b78ea33ba0d0,2026-04-17T00:12:28Z,Michael McCaul,house,MAYS,MAYS ALLOCATE LP N/A,purchase,2026-03-16,2026-04-10,100K–250K,100001,250000,175000.5,capitol_trades
00d320468b30fb9d7c6d,2026-04-17T00:12:28Z,Michael McCaul,house,BOARD,LANSING BOARD OF WATER & LIGHT N/A,purchase,2026-03-27,2026-04-10,100K–250K,100001,250000,175000.5,capitol_trades
8516b7186fead24f3d65,2026-04-17T00:12:28Z,Michael McCaul,house,OF,DEPARTMENT OF AIRPORTS OF THE CITY OF LOS ANGELES CALIFORNIA N/A,purchase,2026-03-16,2026-04-10,50K–100K,50001,100000,75000.5,capitol_trades
0e49cdd38e776cac8029,2026-04-17T00:12:28Z,Michael McCaul,house,MAYS,MAYS ALLOCATE LP N/A,purchase,2026-03-31,2026-04-10,50K–100K,50001,100000,75000.5,capitol_trades
6599fc5254e4fa3aceb5,2026-04-17T00:12:28Z,Michael McCaul,house,MAYS,MAYS ALLOCATE LP N/A,purchase,2026-03-04,2026-04-10,15K–50K,15001,50000,32500.5,capitol_trades
7b78e3c882411549b9c7,2026-04-17T00:12:28Z,Michael McCaul,house,MAYS,MAYS ALLOCATE LP N/A,purchase,2026-03-06,2026-04-10,15K–50K,15001,50000,32500.5,capitol_trades
aad8c2d5a7b44f9b1f03,2026-04-17T00:12:28Z,Michael McCaul,house,NSIT,Insight Enterprises Inc NSIT:US,purchase,2026-03-03,2026-04-10,15K–50K,15001,50000,32500.5,capitol_trades
5c99515cc380a7e62287,2026-04-17T00:12:28Z,Michael McCaul,house,EQT,EQT Corp EQT:US,purchase,2026-03-31,2026-04-10,15K–50K,15001,50000,32500.5,capitol_trades
1121e3b26ed85d777530,2026-04-17T00:12:28Z,Michael McCaul,house,J,Arthur J. Gallagher & Co AJG:US,purchase,2026-03-04,2026-04-10,15K–50K,15001,50000,32500.5,capitol_trades
bd8b5559e5f2706a871c,2026-04-17T00:12:28Z,Michael McCaul,house,MA,Mastercard Inc MA:US,purchase,2026-03-02,2026-04-10,15K–50K,15001,50000,32500.5,capitol_trades
8eb48d1f110840df8fe5,2026-04-17T00:12:28Z,Michael McCaul,house,S,S&P Global Inc SPGI:US,purchase,2026-03-13,2026-04-10,15K–50K,15001,50000,32500.5,capitol_trades
ef2f50727de613f20961,2026-04-17T00:12:28Z,Michael McCaul,house,J,Arthur J. Gallagher & Co AJG:US,purchase,2026-03-25,2026-04-10,15K–50K,15001,50000,32500.5,capitol_trades
ae9fd21cccaab1e7cc9e,2026-04-17T00:12:28Z,Michael McCaul,house,ROAD,ALBANY ROAD STRATEGIC OPPORTUNITY FUND LLC N/A,purchase,2026-03-16,2026-04-10,15K–50K,15001,50000,32500.5,capitol_trades
8e113ad82cf972305be0,2026-04-17T00:12:28Z,Michael McCaul,house,J,Arthur J. Gallagher & Co AJG:US,purchase,2026-03-12,2026-04-10,15K–50K,15001,50000,32500.5,capitol_trades
e70d235c894cabf5de66,2026-04-17T00:12:28Z,Michael McCaul,house,MAYS,MAYS ALLOCATE LP N/A,purchase,2026-03-16,2026-04-10,1K–15K,1001,15000,8000.5,capitol_trades
391dfa42261f32ee2e8e,2026-04-17T00:12:28Z,Michael McCaul,house,BSX,Boston Scientific Corp BSX:US,purchase,2026-03-27,2026-04-10,1K–15K,1001,15000,8000.5,capitol_trades
3f7925e93a3e82e73094,2026-04-17T00:12:28Z,Michael McCaul,house,INTU,Intuit Inc INTU:US,purchase,2026-03-20,2026-04-10,1K–15K,1001,15000,8000.5,capitol_trades
0f1e1dc50fd76dd11f0b,2026-04-17T00:12:28Z,Michael McCaul,house,MAYS,MAYS ALLOCATE LP N/A,purchase,2026-03-20,2026-04-10,1K–15K,1001,15000,8000.5,capitol_trades
da41c68e7332f83c4c0a,2026-04-17T00:12:28Z,Michael McCaul,house,INTU,Intuit Inc INTU:US,purchase,2026-03-02,2026-04-10,1K–15K,1001,15000,8000.5,capitol_trades
bded3ed645209ee7003d,2026-04-17T00:12:28Z,Michael McCaul,house,S,S&P Global Inc SPGI:US,purchase,2026-03-31,2026-04-10,1K–15K,1001,15000,8000.5,capitol_trades
89f6ecde77e7c18d9c04,2026-04-17T00:12:28Z,Michael McCaul,house,MAYS,MAYS ALLOCATE LP N/A,purchase,2026-03-27,2026-04-10,1K–15K,1001,15000,8000.5,capitol_trades
4b3e8c1d7cdfc079c3ec,2026-04-17T00:12:28Z,Michael McCaul,house,MELI,MercadoLibre Inc MELI:US,purchase,2026-03-02,2026-04-10,1K–15K,1001,15000,8000.5,capitol_trades
eca83093481fda6b3e34,2026-04-17T00:12:28Z,Michael McCaul,house,NOW,ServiceNow Inc NOW:US,purchase,2026-03-04,2026-04-10,1K–15K,1001,15000,8000.5,capitol_trades
ba851ac22b2c3f92052f,2026-04-17T00:12:28Z,Michael McCaul,house,MA,Mastercard Inc MA:US,purchase,2026-03-17,2026-04-10,1K–15K,1001,15000,8000.5,capitol_trades
fa49f7715895afd7dfd9,2026-04-17T00:12:28Z,Michael McCaul,house,S,S&P Global Inc SPGI:US,purchase,2026-03-20,2026-04-10,1K–15K,1001,15000,8000.5,capitol_trades
e01527876a5cdc56aca8,2026-04-17T00:12:28Z,Michael McCaul,house,S,S&P Global Inc SPGI:US,purchase,2026-03-24,2026-04-10,1K–15K,1001,15000,8000.5,capitol_trades
e5550c814d18b8684ea7,2026-04-17T00:12:28Z,Michael McCaul,house,S,S&P Global Inc SPGI:US,purchase,2026-03-18,2026-04-10,1K–15K,1001,15000,8000.5,capitol_trades
307f91ed6d3f9df34b3a,2026-04-17T00:12:28Z,Michael McCaul,house,INTU,Intuit Inc INTU:US,purchase,2026-03-10,2026-04-10,1K–15K,1001,15000,8000.5,capitol_trades
f8970eb945487a433ce8,2026-04-17T00:12:28Z,Michael McCaul,house,INTU,Intuit Inc INTU:US,purchase,2026-03-17,2026-04-10,1K–15K,1001,15000,8000.5,capitol_trades
7ae7ae96ff6cb15a3490,2026-04-17T00:12:28Z,Michael McCaul,house,SAP,SAP SE SAP:US,purchase,2026-03-06,2026-04-10,1K–15K,1001,15000,8000.5,capitol_trades
bf921cae481dd8177d9f,2026-04-17T00:12:28Z,Michael McCaul,house,INTU,Intuit Inc INTU:US,purchase,2026-03-12,2026-04-10,1K–15K,1001,15000,8000.5,capitol_trades
d61f2d75a998c27d222f,2026-04-17T00:12:28Z,Michael McCaul,house,SAP,SAP SE SAP:US,purchase,2026-03-23,2026-04-10,1K–15K,1001,15000,8000.5,capitol_trades
ed92cc909b9ad2a5e030,2026-04-17T00:12:28Z,Michael McCaul,house,SAP,SAP SE SAP:US,purchase,2026-03-19,2026-04-10,1K–15K,1001,15000,8000.5,capitol_trades
1f0be19f3fc2521ba3a3,2026-04-17T00:12:28Z,Michael McCaul,house,MELI,MercadoLibre Inc MELI:US,purchase,2026-03-12,2026-04-10,1K–15K,1001,15000,8000.5,capitol_trades
75856fffce2b30af7dc7,2026-04-17T00:12:28Z,Michael McCaul,house,DHR,Danaher Corp DHR:US,purchase,2026-03-05,2026-04-10,1K–15K,1001,15000,8000.5,capitol_trades
015c1778142cacf6f3b5,2026-04-17T00:12:28Z,Michael McCaul,house,ADSK,AUTODESK Inc ADSK:US,purchase,2026-03-04,2026-04-10,1K–15K,1001,15000,8000.5,capitol_trades
127c666f37e3c56d56f9,2026-04-17T00:12:28Z,Michael McCaul,house,LEWIS,LEWIS & CLARK AGRIFOOD FUND II LP N/A,purchase,2026-03-31,2026-04-10,1K–15K,1001,15000,8000.5,capitol_trades
468095ece53ebed2c02a,2026-04-17T00:12:28Z,Michael McCaul,house,S,S&P Global Inc SPGI:US,purchase,2026-03-17,2026-04-10,1K–15K,1001,15000,8000.5,capitol_trades
74398f8b6d36500aebac,2026-04-17T00:12:28Z,Michael McCaul,house,TAX,NORTHERN TAX-ADVANTAGED ULTRA-SHORT FIXED INCOME FUND N/A,sale,2026-03-09,2026-04-10,1K–15K,1001,15000,8000.5,capitol_trades
733221aa9eb0edebfad8,2026-04-17T00:12:28Z,Michael McCaul,house,AMZN,Amazon.com Inc AMZN:US,sale,2026-03-27,2026-04-10,1K–15K,1001,15000,8000.5,capitol_trades
e2c5577fcf10071b1e7e,2026-04-17T00:12:28Z,Michael McCaul,house,CMCSA,Comcast Corp CMCSA:US,sale,2026-03-23,2026-04-10,1K–15K,1001,15000,8000.5,capitol_trades
c10117136e2fc0becaab,2026-04-17T00:12:28Z,Michael McCaul,house,GE,GE VERNOVA INC GEV:US,sale,2026-03-27,2026-04-10,1K–15K,1001,15000,8000.5,capitol_trades
e7303edb32af629c8e42,2026-04-17T00:12:28Z,Michael McCaul,house,CMCSA,Comcast Corp CMCSA:US,sale,2026-03-12,2026-04-10,1K–15K,1001,15000,8000.5,capitol_trades
2f71707aed64b07a657d,2026-04-17T00:12:28Z,Michael McCaul,house,PTC,PTC Inc PTC:US,sale,2026-03-04,2026-04-10,1K–15K,1001,15000,8000.5,capitol_trades
d1c99a72cbf73e46e5dd,2026-04-17T00:12:28Z,Michael McCaul,house,AG,Bayer AG BAYRY:US,sale,2026-03-17,2026-04-10,1K–15K,1001,15000,8000.5,capitol_trades
fbe52552ede9e6c48f1b,2026-04-17T00:12:28Z,Michael McCaul,house,ASML,ASML Holding NV ASML:US,sale,2026-03-31,2026-04-10,1K–15K,1001,15000,8000.5,capitol_trades
8cc60983dfbb7fbb4711,2026-04-17T00:12:28Z,Michael McCaul,house,WWD,Woodward Inc WWD:US,sale,2026-03-11,2026-04-10,1K–15K,1001,15000,8000.5,capitol_trades
eefb78489295d19c4423,2026-04-17T00:12:28Z,Michael McCaul,house,WWD,Woodward Inc WWD:US,sale,2026-03-31,2026-04-10,1K–15K,1001,15000,8000.5,capitol_trades
1fd1fe704994723c9cc6,2026-04-17T00:12:28Z,Michael McCaul,house,NV,AerCap Holdings NV AER:US,sale,2026-03-03,2026-04-10,1K–15K,1001,15000,8000.5,capitol_trades
d40d04e8e37a4c41f8f6,2026-04-17T00:12:28Z,Michael McCaul,house,HLT,Hilton Worldwide Holdings Inc HLT:US,sale,2026-03-03,2026-04-10,1K–15K,1001,15000,8000.5,capitol_trades
55ad4e90b8d4407b5dfc,2026-04-17T00:12:28Z,Michael McCaul,house,ABT,Abbott Laboratories ABT:US,sale,2026-03-04,2026-04-10,1K–15K,1001,15000,8000.5,capitol_trades
e93e28c5439158a53826,2026-04-17T00:12:28Z,Michael McCaul,house,HLT,Hilton Worldwide Holdings Inc HLT:US,sale,2026-03-12,2026-04-10,15K–50K,15001,50000,32500.5,capitol_trades
375a6af880969de8b389,2026-04-17T00:12:29Z,Michael McCaul,house,PLC,Aon PLC AON:US,sale,2026-03-12,2026-04-10,15K–50K,15001,50000,32500.5,capitol_trades
4d9c5a3a912a4ba1e59c,2026-04-17T00:12:29Z,Michael McCaul,house,PLC,Aon PLC AON:US,sale,2026-03-25,2026-04-10,15K–50K,15001,50000,32500.5,capitol_trades
02ac98e34b18f9649924,2026-04-17T00:12:29Z,Michael McCaul,house,PLC,Aon PLC AON:US,sale,2026-03-04,2026-04-10,15K–50K,15001,50000,32500.5,capitol_trades
e6d07ce67e7c5e9e4b2c,2026-04-17T00:12:29Z,Michael McCaul,house,PLC,Shell PLC SHEL:US,sale,2026-03-31,2026-04-10,15K–50K,15001,50000,32500.5,capitol_trades
42b7b5bb83addf5aad3c,2026-04-17T00:12:29Z,Michael McCaul,house,TAX,NORTHERN TAX-ADVANTAGED ULTRA-SHORT FIXED INCOME FUND N/A,sale,2026-03-23,2026-04-10,15K–50K,15001,50000,32500.5,capitol_trades
f526f0529d020adec4b9,2026-04-17T00:12:29Z,Michael McCaul,house,TAX,NORTHERN TAX-ADVANTAGED ULTRA-SHORT FIXED INCOME FUND N/A,sale,2026-03-26,2026-04-10,50K–100K,50001,100000,75000.5,capitol_trades
d6febd3f57f9bd8e2d49,2026-04-17T00:12:29Z,Michael McCaul,house,PLXS,Plexus Corp PLXS:US,sale,2026-03-04,2026-04-10,50K–100K,50001,100000,75000.5,capitol_trades
cf2d8ab5331bb37e26ff,2026-04-17T00:12:29Z,Michael McCaul,house,TAX,NORTHERN TAX-ADVANTAGED ULTRA-SHORT FIXED INCOME FUND N/A,sale,2026-03-20,2026-04-10,500K–1M,500001,1000000,750000.5,capitol_trades
18dcf33d634a9ddc8ab3,2026-04-17T00:12:29Z,Michael McCaul,house,PAYX,Paychex Inc PAYX:US,purchase,2026-03-04,2026-04-10,100K–250K,100001,250000,175000.5,capitol_trades
46ddb77e8a252c4b712c,2026-04-17T00:12:29Z,Michael McCaul,house,ARE,Alexandria Real Estate Equities Inc ARE:US,purchase,2026-03-23,2026-04-10,100K–250K,100001,250000,175000.5,capitol_trades
b978b1dc45d4c6722ffc,2026-04-17T00:12:29Z,Michael McCaul,house,EQH,Equitable Holdings Inc EQH:US,purchase,2026-03-02,2026-04-10,50K–100K,50001,100000,75000.5,capitol_trades
0f3a484dbf89e1635aeb,2026-04-17T00:12:29Z,Michael McCaul,house,GPN,GLOBAL PAYMENTS Inc GPN:US,purchase,2026-03-23,2026-04-10,15K–50K,15001,50000,32500.5,capitol_trades
6a8ea5199b4be3c48691,2026-04-17T00:12:29Z,Michael McCaul,house,SWK,Stanley Black & Decker Inc SWK:US,purchase,2026-03-13,2026-04-10,15K–50K,15001,50000,32500.5,capitol_trades
718046209da894367e93,2026-04-17T00:12:29Z,Michael McCaul,house,BAX,Baxter International Inc BAX:US,purchase,2026-03-23,2026-04-10,15K–50K,15001,50000,32500.5,capitol_trades
bdd91443b8b67dee3b5f,2026-04-17T00:12:29Z,Michael McCaul,house,GPC,Genuine Parts Co GPC:US,purchase,2026-03-13,2026-04-10,15K–50K,15001,50000,32500.5,capitol_trades
5652311b9ac2941d58c3,2026-04-17T00:12:29Z,Michael McCaul,house,IBM,International Business Machines Corp IBM:US,purchase,2026-03-04,2026-04-10,15K–50K,15001,50000,32500.5,capitol_trades
41fc3ed884f304e7e339,2026-04-17T00:12:29Z,Michael McCaul,house,CVX,Chevron Corp CVX:US,sale,2026-03-23,2026-04-10,15K–50K,15001,50000,32500.5,capitol_trades
146529f0b7f9974755e6,2026-04-17T00:12:29Z,Michael McCaul,house,CVX,Chevron Corp CVX:US,sale,2026-03-13,2026-04-10,500K–1M,500001,1000000,750000.5,capitol_trades
5432160bbe75238fdb03,2026-04-17T00:12:29Z,Michael McCaul,house,LPL,LPL Financial Holdings Inc LPLA:US,sale,2026-03-02,2026-04-10,50K–100K,50001,100000,75000.5,capitol_trades
fddbd92b53143a9d2c58,2026-04-17T00:12:29Z,Michael McCaul,house,PEAK,Healthpeak Properties Inc PEAK:US,sale,2026-03-23,2026-04-10,100K–250K,100001,250000,175000.5,capitol_trades
3569473795b4af7b961e,2026-04-17T00:12:29Z,Michael McCaul,house,CVX,Chevron Corp CVX:US,sale,2026-03-04,2026-04-10,100K–250K,100001,250000,175000.5,capitol_trades
e0a196b983afade9f748,2026-04-17T00:12:29Z,Michael McCaul,house,ETF,Vanguard Total Stock Market ETF VTI:US,purchase,2026-03-31,2026-04-10,1K–15K,1001,15000,8000.5,capitol_trades
baf6c9fea519afbd680a,2026-04-17T00:12:29Z,Michael McCaul,house,INTL,DIMENSIONAL INTL CR EQ 2 ETF DFIC:US,purchase,2026-03-26,2026-04-10,1K–15K,1001,15000,8000.5,capitol_trades
7dfd3f12932ae49bfa07,2026-04-17T00:12:29Z,Michael McCaul,house,ETF,Vanguard Total Stock Market ETF VTI:US,purchase,2026-03-27,2026-04-10,15K–50K,15001,50000,32500.5,capitol_trades
e62e0f7e3c606cab1b8f,2026-04-17T00:12:29Z,Michael McCaul,house,TRUST,NORTHERN TRUST INTERMEDI ETF N/A,purchase,2026-03-24,2026-04-10,15K–50K,15001,50000,32500.5,capitol_trades
fc13f3569c25ee07ac5d,2026-04-17T00:12:29Z,Michael McCaul,house,S,Vanguard S&P 500 ETF VOO:US,purchase,2026-03-31,2026-04-10,15K–50K,15001,50000,32500.5,capitol_trades
f85c0e32181a63f5a3de,2026-04-17T00:12:29Z,Michael McCaul,house,ETF,Vanguard Total Stock Market ETF VTI:US,purchase,2026-03-27,2026-04-10,1K–15K,1001,15000,8000.5,capitol_trades
bfd6d70b808079ee1caf,2026-04-17T00:12:29Z,Michael McCaul,house,DFA,DFA EMERGING MARKETS CORE EQUITY PORTFOLIO DFCEX:US,purchase,2026-03-30,2026-04-10,1K–15K,1001,15000,8000.5,capitol_trades
0a6de0cf03cc18c2d3f2,2026-04-17T00:12:29Z,Michael McCaul,house,FTSE,Vanguard FTSE Developed Markets ETF VEA:US,purchase,2026-03-24,2026-04-10,1K–15K,1001,15000,8000.5,capitol_trades
52e53ba5c22a21e297f8,2026-04-17T00:12:29Z,Michael McCaul,house,INTER,DIMENSIO INTER CORE EQUI ETF DFAI:US,purchase,2026-03-30,2026-04-10,1K–15K,1001,15000,8000.5,capitol_trades
08e37f0f4d5deedd5381,2026-04-17T00:12:29Z,Richard Blumenthal,senate,LLC,ELCM2 LLC N/A,sale,2026-03-12,2026-04-09,1K–15K,1001,15000,8000.5,capitol_trades
04d16c9025d913d0757b,2026-04-17T00:12:29Z,Richard Blumenthal,senate,NOT,NOT FADE AWAY LLC N/A,purchase,2026-03-23,2026-04-09,1K–15K,1001,15000,8000.5,capitol_trades
b9d567cc08a6d41526ba,2026-04-17T00:12:29Z,Richard Blumenthal,senate,LLC,ELCM2 LLC N/A,sale,2026-03-31,2026-04-09,1K–15K,1001,15000,8000.5,capitol_trades
638f129ea06ccf430f7d,2026-04-17T00:12:29Z,Richard Blumenthal,senate,NOT,NOT FADE AWAY LLC N/A,purchase,2026-03-31,2026-04-09,1K–15K,1001,15000,8000.5,capitol_trades
000d155786f94d8d7df5,2026-04-17T00:12:29Z,Richard Blumenthal,senate,NOT,NOT FADE AWAY LLC N/A,sale,2026-03-10,2026-04-09,1K–15K,1001,15000,8000.5,capitol_trades
29ea265400017de672ba,2026-04-17T00:12:29Z,Richard Blumenthal,senate,LLC,ELCM2 LLC N/A,purchase,2026-03-12,2026-04-09,1K–15K,1001,15000,8000.5,capitol_trades
075a2bf739c2bcb0f676,2026-04-17T00:12:29Z,Richard Blumenthal,senate,NOT,NOT FADE AWAY LLC N/A,sale,2026-03-12,2026-04-09,1K–15K,1001,15000,8000.5,capitol_trades
8a447814543446a5905b,2026-04-17T00:12:29Z,Richard Blumenthal,senate,NOT,NOT FADE AWAY LLC N/A,sale,2026-03-23,2026-04-09,1K–15K,1001,15000,8000.5,capitol_trades
58f925c15185ddf2f05a,2026-04-17T00:12:29Z,Richard Blumenthal,senate,MH,MH BUILT TO LAST LLC N/A,purchase,2026-03-24,2026-04-09,1K–15K,1001,15000,8000.5,capitol_trades
9913154bd5b57fbbac57,2026-04-17T00:12:29Z,Richard Blumenthal,senate,MH,MH BUILT TO LAST LLC N/A,sale,2026-03-26,2026-04-09,1K–15K,1001,15000,8000.5,capitol_trades
8ccb117625241863f6c7,2026-04-17T00:12:29Z,Richard Blumenthal,senate,LLC,ELCM2 LLC N/A,purchase,2026-03-31,2026-04-09,1K–15K,1001,15000,8000.5,capitol_trades
359109f029cb4bd84bd1,2026-04-17T00:12:29Z,Richard Blumenthal,senate,NOT,NOT FADE AWAY LLC N/A,purchase,2026-03-10,2026-04-09,1K–15K,1001,15000,8000.5,capitol_trades
c10a86fb2f51cdd61b8f,2026-04-17T00:12:29Z,Richard Blumenthal,senate,NOT,NOT FADE AWAY LLC N/A,purchase,2026-03-12,2026-04-09,1K–15K,1001,15000,8000.5,capitol_trades
d6d80a87843b2843f0f8,2026-04-17T00:12:29Z,Richard Blumenthal,senate,LP,YIHENG CAPITAL PARTNERS LP N/A,sale,2026-03-13,2026-04-09,1K–15K,1001,15000,8000.5,capitol_trades
a9d97f6a880b588711c4,2026-04-17T00:12:29Z,Richard Blumenthal,senate,NOT,NOT FADE AWAY LLC N/A,purchase,2026-03-23,2026-04-09,15K–50K,15001,50000,32500.5,capitol_trades
7dc65fe537be1198ff2f,2026-04-17T00:12:29Z,Richard Blumenthal,senate,MH,MH BUILT TO LAST LLC N/A,sale,2026-03-24,2026-04-09,1K–15K,1001,15000,8000.5,capitol_trades
b8b9264d8d38c8d2cd28,2026-04-17T00:12:29Z,Richard Blumenthal,senate,MH,MH BUILT TO LAST LLC N/A,purchase,2026-03-26,2026-04-09,1K–15K,1001,15000,8000.5,capitol_trades
5b93bc4b46264393874d,2026-04-17T00:12:29Z,Richard Blumenthal,senate,NOT,NOT FADE AWAY LLC N/A,purchase,2026-03-31,2026-04-09,500K–1M,500001,1000000,750000.5,capitol_trades
bcf6fe320a8f72afebd6,2026-04-17T00:12:29Z,Richard Blumenthal,senate,RRE,RRE VENTURES VI LP N/A,sale,2026-03-30,2026-04-09,15K–50K,15001,50000,32500.5,capitol_trades
f89b10c21b20f30ceffe,2026-04-17T00:12:29Z,Richard Blumenthal,senate,DAYS,DAYS BETWEEN LLC N/A,sale,2026-03-05,2026-04-09,50K–100K,50001,100000,75000.5,capitol_trades
8bd17b515e19cd759ba4,2026-04-17T00:12:29Z,Richard Blumenthal,senate,NOT,NOT FADE AWAY LLC N/A,purchase,2026-03-10,2026-04-09,15K–50K,15001,50000,32500.5,capitol_trades
165b2bf52ac69035787b,2026-04-17T00:12:29Z,Richard Blumenthal,senate,NOT,NOT FADE AWAY LLC N/A,purchase,2026-03-12,2026-04-09,15K–50K,15001,50000,32500.5,capitol_trades
6285d1f7c23793fb1cca,2026-04-17T00:12:29Z,Richard Blumenthal,senate,LP,YIHENG CAPITAL PARTNERS LP N/A,sale,2026-03-13,2026-04-09,15K–50K,15001,50000,32500.5,capitol_trades
0f1b8ce45b852ecd1f17,2026-04-17T00:12:29Z,Richard Blumenthal,senate,DAYS,DAYS BETWEEN LLC N/A,purchase,2026-03-18,2026-04-09,15K–50K,15001,50000,32500.5,capitol_trades
7234bcfeb13f4f139114,2026-04-17T00:12:29Z,Richard Blumenthal,senate,DAYS,DAYS BETWEEN LLC N/A,purchase,2026-03-20,2026-04-09,15K–50K,15001,50000,32500.5,capitol_trades
21245660a79f42bef854,2026-04-17T00:12:29Z,Richard Blumenthal,senate,MH,MH BUILT TO LAST LLC N/A,sale,2026-03-24,2026-04-09,15K–50K,15001,50000,32500.5,capitol_trades
e62c46faf8b01ec79c5a,2026-04-17T00:12:29Z,Richard Blumenthal,senate,MH,MH BUILT TO LAST LLC N/A,purchase,2026-03-26,2026-04-09,15K–50K,15001,50000,32500.5,capitol_trades
d26b838ba35065228233,2026-04-17T00:12:29Z,Richard Blumenthal,senate,DAYS,DAYS BETWEEN LLC N/A,purchase,2026-03-26,2026-04-09,50K–100K,50001,100000,75000.5,capitol_trades
7386d65ce9607600c1df,2026-04-17T00:12:29Z,Richard Blumenthal,senate,NOT,NOT FADE AWAY LLC N/A,purchase,2026-03-31,2026-04-09,15K–50K,15001,50000,32500.5,capitol_trades
0b1ce72fab27e9193766,2026-04-17T00:12:29Z,Richard Blumenthal,senate,DAYS,DAYS BETWEEN LLC N/A,sale,2026-03-05,2026-04-09,1K–15K,1001,15000,8000.5,capitol_trades
15f340fab2c1d1abb86c,2026-04-17T00:12:29Z,Richard Blumenthal,senate,DAYS,DAYS BETWEEN LLC N/A,purchase,2026-03-18,2026-04-09,1K–15K,1001,15000,8000.5,capitol_trades
6477634f4200285cbcfb,2026-04-17T00:12:29Z,Richard Blumenthal,senate,DAYS,DAYS BETWEEN LLC N/A,purchase,2026-03-20,2026-04-09,1K–15K,1001,15000,8000.5,capitol_trades
dedb21658e576ef813cb,2026-04-17T00:12:29Z,Richard Blumenthal,senate,DAYS,DAYS BETWEEN LLC N/A,purchase,2026-03-26,2026-04-09,1K–15K,1001,15000,8000.5,capitol_trades
08de0311af12599bac28,2026-04-17T00:12:29Z,Richard Blumenthal,senate,DAYS,DAYS BETWEEN LLC N/A,sale,2026-03-05,2026-04-09,100K–250K,100001,250000,175000.5,capitol_trades
9b6e3ae08daa4a868f5e,2026-04-17T00:12:29Z,Richard Blumenthal,senate,DAYS,DAYS BETWEEN LLC N/A,purchase,2026-03-20,2026-04-09,50K–100K,50001,100000,75000.5,capitol_trades
21dcedb0cc31a2544fbb,2026-04-17T00:12:31Z,Richard Blumenthal,senate,LLC,ELCM2 LLC N/A,sale,2026-03-26,2026-04-09,50K–100K,50001,100000,75000.5,capitol_trades
c42f164007eb7db448cc,2026-04-17T00:12:31Z,Ro Khanna,house,BMO,Bank of Montreal BMO:US,purchase,2026-03-16,2026-04-09,1K–15K,1001,15000,8000.5,capitol_trades
980603996c384db3e0ac,2026-04-17T00:12:31Z,Ro Khanna,house,NTIOF,National Bank of Canada NTIOF:US,purchase,2026-03-03,2026-04-09,50K–100K,50001,100000,75000.5,capitol_trades
f79b60ec8a3a9291b4d8,2026-04-17T00:12:31Z,Ro Khanna,house,GOOGL,Alphabet Inc GOOGL:US,purchase,2026-03-06,2026-04-09,1K–15K,1001,15000,8000.5,capitol_trades
3bd8d5a520104a33a279,2026-04-17T00:12:31Z,Ro Khanna,house,WFC,Wells Fargo & Co WFC:US,purchase,2026-03-11,2026-04-09,1K–15K,1001,15000,8000.5,capitol_trades
41603f36aae5ed90546d,2026-04-17T00:12:31Z,Ro Khanna,house,ROK,Rockwell Automation Inc ROK:US,purchase,2026-03-06,2026-04-09,1K–15K,1001,15000,8000.5,capitol_trades
19cc9f776992d899226f,2026-04-17T00:12:31Z,Ro Khanna,house,TMO,Thermo Fisher Scientific Inc TMO:US,purchase,2026-03-06,2026-04-09,1K–15K,1001,15000,8000.5,capitol_trades
599012d3551e0a081072,2026-04-17T00:12:31Z,Ro Khanna,house,AVGO,Broadcom Inc AVGO:US,purchase,2026-03-06,2026-04-09,1K–15K,1001,15000,8000.5,capitol_trades
6ed797bb905a667fdbbf,2026-04-17T00:12:31Z,Ro Khanna,house,RCI,Rogers Communications Inc RCI:US,purchase,2026-03-24,2026-04-09,1K–15K,1001,15000,8000.5,capitol_trades
d50202d9128ed4c63694,2026-04-17T00:12:31Z,Ro Khanna,house,KEY,KeyCorp KEY:US,purchase,2026-03-12,2026-04-09,1K–15K,1001,15000,8000.5,capitol_trades
c7ebc8102ac39ec1f999,2026-04-17T00:12:31Z,Ro Khanna,house,EMERA,EMERA US FINANCE LP N/A,purchase,2026-03-17,2026-04-09,1K–15K,1001,15000,8000.5,capitol_trades
db442d6f980ed3716a2a,2026-04-17T00:12:31Z,Ro Khanna,house,FHN,First Horizon Corp FHN:US,purchase,2026-03-05,2026-04-09,1K–15K,1001,15000,8000.5,capitol_trades
0b3d9a618828695af9a3,2026-04-17T00:12:31Z,Ro Khanna,house,JNJ,Johnson & Johnson JNJ:US,purchase,2026-03-06,2026-04-09,1K–15K,1001,15000,8000.5,capitol_trades
feaf5fbfdd78ba863f9d,2026-04-17T00:12:31Z,Ro Khanna,house,SBUX,Starbucks Corp SBUX:US,sale,2026-03-06,2026-04-09,1K–15K,1001,15000,8000.5,capitol_trades
f3f7572c86be32a59801,2026-04-17T00:12:31Z,Ro Khanna,house,PLC,Eaton Corp PLC ETN:US,sale,2026-03-06,2026-04-09,1K–15K,1001,15000,8000.5,capitol_trades
54c808ba0dd5bcd0ab5f,2026-04-17T00:12:31Z,Ro Khanna,house,JNJ,Johnson & Johnson JNJ:US,sale,2026-03-06,2026-04-09,1K–15K,1001,15000,8000.5,capitol_trades
0016863f496920ff7184,2026-04-17T00:12:31Z,Ro Khanna,house,META,Meta Platforms Inc META:US,sale,2026-03-06,2026-04-09,1K–15K,1001,15000,8000.5,capitol_trades
5f5db36063fd6386a757,2026-04-17T00:12:31Z,Ro Khanna,house,AAPL,Apple Inc AAPL:US,sale,2026-03-06,2026-04-09,1K–15K,1001,15000,8000.5,capitol_trades
9205ded6e0ab09cb7adc,2026-04-17T00:12:31Z,Ro Khanna,house,NDAQ,Nasdaq Inc NDAQ:US,sale,2026-03-24,2026-04-09,1K–15K,1001,15000,8000.5,capitol_trades
03d0bfaa0ca4177d9835,2026-04-17T00:12:31Z,Ro Khanna,house,MCD,McDonald's Corp MCD:US,purchase,2026-03-30,2026-04-09,15K–50K,15001,50000,32500.5,capitol_trades
357c51b8c2c68fb43442,2026-04-17T00:12:31Z,Ro Khanna,house,CSCO,Cisco Systems Inc CSCO:US,purchase,2026-03-30,2026-04-09,15K–50K,15001,50000,32500.5,capitol_trades
ee47147626203e17183e,2026-04-17T00:12:31Z,Ro Khanna,house,KO,The Coca-Cola Co KO:US,purchase,2026-03-30,2026-04-09,15K–50K,15001,50000,32500.5,capitol_trades
48846fe6a5574b725283,2026-04-17T00:12:31Z,Ro Khanna,house,UNH,Unitedhealth Group Inc UNH:US,purchase,2026-03-30,2026-04-09,1K–15K,1001,15000,8000.5,capitol_trades
90997e9d7e6b36ce37e2,2026-04-17T00:12:31Z,Ro Khanna,house,BSX,Boston Scientific Corp BSX:US,purchase,2026-03-30,2026-04-09,15K–50K,15001,50000,32500.5,capitol_trades
05f3f8e0dfa3807256c0,2026-04-17T00:12:31Z,Ro Khanna,house,PGR,The Progressive Corp PGR:US,purchase,2026-03-30,2026-04-09,15K–50K,15001,50000,32500.5,capitol_trades
71a056d659350ef0f213,2026-04-17T00:12:31Z,Ro Khanna,house,AMZN,Amazon.com Inc AMZN:US,purchase,2026-03-30,2026-04-09,15K–50K,15001,50000,32500.5,capitol_trades
09e9d3d8fd1548b22b65,2026-04-17T00:12:31Z,Ro Khanna,house,INTU,Intuit Inc INTU:US,purchase,2026-03-30,2026-04-09,15K–50K,15001,50000,32500.5,capitol_trades
a0eca405c395c9a95888,2026-04-17T00:12:31Z,Ro Khanna,house,S,S&P Global Inc SPGI:US,purchase,2026-03-30,2026-04-09,15K–50K,15001,50000,32500.5,capitol_trades
9615683555647bf5c4ce,2026-04-17T00:12:31Z,Ro Khanna,house,CRM,salesforce.com Inc CRM:US,purchase,2026-03-30,2026-04-09,15K–50K,15001,50000,32500.5,capitol_trades
8c346a0323bd2378f590,2026-04-17T00:12:31Z,Ro Khanna,house,ORCL,Oracle Corp ORCL:US,purchase,2026-03-30,2026-04-09,15K–50K,15001,50000,32500.5,capitol_trades
abcc86310c7b98b03898,2026-04-17T00:12:31Z,Ro Khanna,house,AXP,American Express Co AXP:US,purchase,2026-03-30,2026-04-09,15K–50K,15001,50000,32500.5,capitol_trades
94fb2f38a91e7d60ce7d,2026-04-17T00:12:31Z,Ro Khanna,house,TFC,Truist Financial Corp TFC:US,purchase,2026-03-30,2026-04-09,15K–50K,15001,50000,32500.5,capitol_trades
776029097ab73f0f0e68,2026-04-17T00:12:31Z,Ro Khanna,house,GOOGL,Alphabet Inc GOOGL:US,purchase,2026-03-30,2026-04-09,15K–50K,15001,50000,32500.5,capitol_trades
dbf2e378d24c5b1fc8a2,2026-04-17T00:12:31Z,Ro Khanna,house,DIS,The Walt Disney Co DIS:US,purchase,2026-03-30,2026-04-09,15K–50K,15001,50000,32500.5,capitol_trades
9f8fd8b5b8a414276de8,2026-04-17T00:12:31Z,Ro Khanna,house,MCO,Moody's Corp. MCO:US,purchase,2026-03-30,2026-04-09,15K–50K,15001,50000,32500.5,capitol_trades
2303ea471acb1c223cd4,2026-04-17T00:12:31Z,Ro Khanna,house,COF,Capital One Financial Corp COF:US,purchase,2026-03-30,2026-04-09,15K–50K,15001,50000,32500.5,capitol_trades
7e51d89f916a013a2ba9,2026-04-17T00:12:31Z,Ro Khanna,house,PANW,Palo Alto Networks Inc PANW:US,purchase,2026-03-30,2026-04-09,15K–50K,15001,50000,32500.5,capitol_trades
017257d250039540ada6,2026-04-17T00:12:31Z,Ro Khanna,house,JPM,JPMorgan Chase & Co JPM:US,purchase,2026-03-30,2026-04-09,15K–50K,15001,50000,32500.5,capitol_trades
f8706633966ef02e834b,2026-04-17T00:12:31Z,Ro Khanna,house,PG,The Procter & Gamble Co PG:US,purchase,2026-03-30,2026-04-09,15K–50K,15001,50000,32500.5,capitol_trades
51cf06a98844403f4f21,2026-04-17T00:12:31Z,Ro Khanna,house,ADP,Automatic Data Processing Inc ADP:US,purchase,2026-03-30,2026-04-09,15K–50K,15001,50000,32500.5,capitol_trades
08c040b2c259c7c6eea8,2026-04-17T00:12:31Z,Ro Khanna,house,PRU,Prudential Financial Inc PRU:US,purchase,2026-03-30,2026-04-09,15K–50K,15001,50000,32500.5,capitol_trades
c17090ad6b0f929cbc2a,2026-04-17T00:12:31Z,Ro Khanna,house,KKR,KKR & Co Inc KKR:US,purchase,2026-03-30,2026-04-09,15K–50K,15001,50000,32500.5,capitol_trades
5744b023af83daa2f1dc,2026-04-17T00:12:31Z,Ro Khanna,house,ADSK,AUTODESK Inc ADSK:US,purchase,2026-03-30,2026-04-09,15K–50K,15001,50000,32500.5,capitol_trades
63a6300e3c07c6b53c4f,2026-04-17T00:12:31Z,Ro Khanna,house,LOW,Lowe's Cos Inc LOW:US,purchase,2026-03-30,2026-04-09,15K–50K,15001,50000,32500.5,capitol_trades
41a7ecb7d3f402359782,2026-04-17T00:12:31Z,Ro Khanna,house,WFC,Wells Fargo & Co WFC:US,purchase,2026-03-30,2026-04-09,15K–50K,15001,50000,32500.5,capitol_trades
9b4eace0b43233aaf295,2026-04-17T00:12:31Z,Ro Khanna,house,BX,Blackstone Group Inc BX:US,purchase,2026-03-30,2026-04-09,15K–50K,15001,50000,32500.5,capitol_trades
a75d264e0e965b8d8398,2026-04-17T00:12:31Z,Ro Khanna,house,IDEXX,IDEXX Laboratories Inc IDXX:US,purchase,2026-03-30,2026-04-09,15K–50K,15001,50000,32500.5,capitol_trades
91701a77699e5fe6d453,2026-04-17T00:12:31Z,Ro Khanna,house,TSLA,Tesla Inc TSLA:US,purchase,2026-03-30,2026-04-09,15K–50K,15001,50000,32500.5,capitol_trades
4e77d240e4df22b47c9c,2026-04-17T00:12:31Z,Ro Khanna,house,PLC,Accenture PLC ACN:US,purchase,2026-03-30,2026-04-09,15K–50K,15001,50000,32500.5,capitol_trades
d75f3e0add6aebd65d8d,2026-04-17T00:12:31Z,Ro Khanna,house,MDLZ,Mondelez International Inc MDLZ:US,purchase,2026-03-30,2026-04-09,1K–15K,1001,15000,8000.5,capitol_trades
48a58cc611e586ce386c,2026-04-17T00:12:31Z,Ro Khanna,house,HLT,Hilton Worldwide Holdings Inc HLT:US,purchase,2026-03-30,2026-04-09,1K–15K,1001,15000,8000.5,capitol_trades
86049ff5d623264d8a1f,2026-04-17T00:12:31Z,Ro Khanna,house,PPG,PPG Industries Inc PPG:US,purchase,2026-03-30,2026-04-09,1K–15K,1001,15000,8000.5,capitol_trades
de41ce30ae09e3920249,2026-04-17T00:12:31Z,Ro Khanna,house,INCY,Incyte Corp INCY:US,purchase,2026-03-30,2026-04-09,1K–15K,1001,15000,8000.5,capitol_trades
95780a8b6127a5a81ace,2026-04-17T00:12:31Z,Ro Khanna,house,MLM,Martin Marietta Materials Inc MLM:US,purchase,2026-03-30,2026-04-09,1K–15K,1001,15000,8000.5,capitol_trades
5b67ad5d76b21fc13aba,2026-04-17T00:12:31Z,Ro Khanna,house,VRT,Vertiv Holdings Co VRT:US,purchase,2026-03-30,2026-04-09,1K–15K,1001,15000,8000.5,capitol_trades
5c9f7829935d1bc753f5,2026-04-17T00:12:31Z,Ro Khanna,house,LULU,Lululemon Athletica Inc LULU:US,purchase,2026-03-30,2026-04-09,1K–15K,1001,15000,8000.5,capitol_trades
c2755bc093eef9afa647,2026-04-17T00:12:31Z,Ro Khanna,house,WM,Waste Management Inc WM:US,purchase,2026-03-30,2026-04-09,1K–15K,1001,15000,8000.5,capitol_trades
e2c0c3bc42f146e2d004,2026-04-17T00:12:31Z,Ro Khanna,house,J,Arthur J. Gallagher & Co AJG:US,purchase,2026-03-30,2026-04-09,1K–15K,1001,15000,8000.5,capitol_trades
84b7ed700f72028a974d,2026-04-17T00:12:31Z,Ro Khanna,house,GPC,Genuine Parts Co GPC:US,purchase,2026-03-30,2026-04-09,1K–15K,1001,15000,8000.5,capitol_trades
ab45e71812005e14901e,2026-04-17T00:12:31Z,Ro Khanna,house,FTV,Fortive Corp FTV:US,purchase,2026-03-30,2026-04-09,1K–15K,1001,15000,8000.5,capitol_trades
81b8fbf41e594679d63b,2026-04-17T00:12:31Z,Ro Khanna,house,KEYS,Keysight Technologies Inc KEYS:US,purchase,2026-03-30,2026-04-09,1K–15K,1001,15000,8000.5,capitol_trades
c12f6478c95964f13028,2026-04-17T00:12:31Z,Ro Khanna,house,HENRY,HENRY SCHEIN Inc HSIC:US,purchase,2026-03-30,2026-04-09,1K–15K,1001,15000,8000.5,capitol_trades
55cb1ec89eab185baeda,2026-04-17T00:12:31Z,Ro Khanna,house,HOOD,Robinhood Markets Inc HOOD:US,purchase,2026-03-30,2026-04-09,1K–15K,1001,15000,8000.5,capitol_trades
62bc38afdeba29fc4671,2026-04-17T00:12:31Z,Ro Khanna,house,DDOG,Datadog Inc DDOG:US,purchase,2026-03-30,2026-04-09,1K–15K,1001,15000,8000.5,capitol_trades
9f769aaf99ffbfe4e185,2026-04-17T00:12:31Z,Ro Khanna,house,SQ,Block Inc SQ:US,purchase,2026-03-30,2026-04-09,1K–15K,1001,15000,8000.5,capitol_trades
ecfddcc52748263b8ed2,2026-04-17T00:12:31Z,Ro Khanna,house,LRCX,Lam Research Corp LRCX:US,purchase,2026-03-30,2026-04-09,1K–15K,1001,15000,8000.5,capitol_trades
facd0b460a2ef186d451,2026-04-17T00:12:31Z,Ro Khanna,house,TECH,Bio-Techne Corp TECH:US,purchase,2026-03-30,2026-04-09,1K–15K,1001,15000,8000.5,capitol_trades
a6f3c1f8c92fe6027c4d,2026-04-17T00:12:31Z,Ro Khanna,house,CRL,Charles River Laboratories International Inc CRL:US,purchase,2026-03-30,2026-04-09,1K–15K,1001,15000,8000.5,capitol_trades
e5a71371c0f766689354,2026-04-17T00:12:31Z,Ro Khanna,house,MCHP,Microchip Technology Inc MCHP:US,sale,2026-03-30,2026-04-09,50K–100K,50001,100000,75000.5,capitol_trades
d060762f7d22bf2d0319,2026-04-17T00:12:31Z,Ro Khanna,house,BAC,Bank of America Corp BAC:US,sale,2026-03-30,2026-04-09,50K–100K,50001,100000,75000.5,capitol_trades
e2917f85af19a1ffbe88,2026-04-17T00:12:31Z,Ro Khanna,house,V,Visa Inc V:US,sale,2026-03-30,2026-04-09,50K–100K,50001,100000,75000.5,capitol_trades
676e2fe518768239d721,2026-04-17T00:12:31Z,Ro Khanna,house,BRK,Berkshire Hathaway Inc BRK/B:US,sale,2026-03-30,2026-04-09,50K–100K,50001,100000,75000.5,capitol_trades
fc16892b9cbcbef4ed1f,2026-04-17T00:12:31Z,Ro Khanna,house,MA,Mastercard Inc MA:US,sale,2026-03-30,2026-04-09,15K–50K,15001,50000,32500.5,capitol_trades
b4522591cf1c664285e6,2026-04-17T00:12:31Z,Ro Khanna,house,ABBV,AbbVie Inc ABBV:US,sale,2026-03-30,2026-04-09,15K–50K,15001,50000,32500.5,capitol_trades
7b974f46096a8c07a150,2026-04-17T00:12:31Z,Ro Khanna,house,SCHW,Schwab (Charles) Corp SCHW:US,sale,2026-03-30,2026-04-09,15K–50K,15001,50000,32500.5,capitol_trades
ef7451870b91a32388a6,2026-04-17T00:12:31Z,Ro Khanna,house,ABT,Abbott Laboratories ABT:US,sale,2026-03-30,2026-04-09,15K–50K,15001,50000,32500.5,capitol_trades
7abe5057d3968d2ccae5,2026-04-17T00:12:31Z,Ro Khanna,house,MRSH,Marsh & McLennan Companies Inc MRSH:US,sale,2026-03-30,2026-04-09,15K–50K,15001,50000,32500.5,capitol_trades
d74b9eeac675fed81049,2026-04-17T00:12:31Z,Ro Khanna,house,ADBE,Adobe Inc ADBE:US,sale,2026-03-30,2026-04-09,15K–50K,15001,50000,32500.5,capitol_trades
1f5e967f9900af0faa97,2026-04-17T00:12:31Z,Ro Khanna,house,SYK,Stryker Corp SYK:US,sale,2026-03-30,2026-04-09,15K–50K,15001,50000,32500.5,capitol_trades
c9878d9bba222143f7b6,2026-04-17T00:12:31Z,Ro Khanna,house,HUBB,Hubbell Inc HUBB:US,sale,2026-03-30,2026-04-09,15K–50K,15001,50000,32500.5,capitol_trades
f2706cca4f2d37cb5fd0,2026-04-17T00:12:31Z,Ro Khanna,house,NOW,ServiceNow Inc NOW:US,sale,2026-03-30,2026-04-09,15K–50K,15001,50000,32500.5,capitol_trades
b09c6c4f31b1f6baf30f,2026-04-17T00:12:31Z,Ro Khanna,house,AMP,Ameriprise Financial Inc AMP:US,sale,2026-03-30,2026-04-09,15K–50K,15001,50000,32500.5,capitol_trades
37bdbbe268d71a645654,2026-04-17T00:12:31Z,Ro Khanna,house,CDNS,Cadence Design Systems Inc CDNS:US,sale,2026-03-30,2026-04-09,15K–50K,15001,50000,32500.5,capitol_trades
059cc47a17cfbd73fa72,2026-04-17T00:12:31Z,Ro Khanna,house,AMGN,Amgen Inc AMGN:US,sale,2026-03-30,2026-04-09,15K–50K,15001,50000,32500.5,capitol_trades
018273b5938f86e3f130,2026-04-17T00:12:31Z,Ro Khanna,house,ICE,Intercontinental Exchange Inc ICE:US,sale,2026-03-30,2026-04-09,15K–50K,15001,50000,32500.5,capitol_trades
fa300ab0d7c66bce860d,2026-04-17T00:12:31Z,Ro Khanna,house,SNPS,Synopsys Inc SNPS:US,sale,2026-03-30,2026-04-09,15K–50K,15001,50000,32500.5,capitol_trades
37133432b934c543bce6,2026-04-17T00:12:31Z,Ro Khanna,house,HCA,HCA Healthcare Inc HCA:US,sale,2026-03-30,2026-04-09,1K–15K,1001,15000,8000.5,capitol_trades
84ee89c9d62e53e77391,2026-04-17T00:12:31Z,Ro Khanna,house,AMT,American Tower Corp AMT:US,sale,2026-03-30,2026-04-09,1K–15K,1001,15000,8000.5,capitol_trades
05e082e4dd4f463acdd4,2026-04-17T00:12:31Z,Ro Khanna,house,CTAS,Cintas Corp CTAS:US,sale,2026-03-30,2026-04-09,1K–15K,1001,15000,8000.5,capitol_trades
610234312379fd614fee,2026-04-17T00:12:31Z,Ro Khanna,house,APO,Apollo Global Management Inc APO:US,sale,2026-03-30,2026-04-09,1K–15K,1001,15000,8000.5,capitol_trades
fb84523b87fd311263a1,2026-04-17T00:12:34Z,Ro Khanna,house,ECL,Ecolab Inc ECL:US,sale,2026-03-30,2026-04-09,1K–15K,1001,15000,8000.5,capitol_trades
64e082e74a3eb41ae3f6,2026-04-17T00:12:34Z,Ro Khanna,house,BKNG,Booking Holdings Inc BKNG:US,sale,2026-03-30,2026-04-09,1K–15K,1001,15000,8000.5,capitol_trades
960051b70a0dae773a0c,2026-04-17T00:12:34Z,Ro Khanna,house,CTSH,Cognizant Technology Solutions Corp CTSH:US,sale,2026-03-30,2026-04-09,1K–15K,1001,15000,8000.5,capitol_trades
5ca4dadafedd652a5d8a,2026-04-17T00:12:34Z,Ro Khanna,house,MMM,3M Co MMM:US,sale,2026-03-30,2026-04-09,1K–15K,1001,15000,8000.5,capitol_trades
3804778c662a608090d6,2026-04-17T00:12:34Z,Ro Khanna,house,CSX,CSX Corp CSX:US,sale,2026-03-30,2026-04-09,1K–15K,1001,15000,8000.5,capitol_trades
4b8acbfcd036f7dcc519,2026-04-17T00:12:34Z,Ro Khanna,house,IBM,International Business Machines Corp IBM:US,sale,2026-03-30,2026-04-09,1K–15K,1001,15000,8000.5,capitol_trades
479cfe384f5abff37ff3,2026-04-17T00:12:34Z,Ro Khanna,house,META,Meta Platforms Inc META:US,sale,2026-03-30,2026-04-09,1K–15K,1001,15000,8000.5,capitol_trades
ac214d6ffe1b20123e01,2026-04-17T00:12:34Z,Ro Khanna,house,PLTR,Palantir Technologies Inc PLTR:US,sale,2026-03-30,2026-04-09,1K–15K,1001,15000,8000.5,capitol_trades
fa9b6acf63efcad28ccf,2026-04-17T00:12:34Z,Ro Khanna,house,TTWO,Take-Two Interactive Software Inc TTWO:US,sale,2026-03-30,2026-04-09,1K–15K,1001,15000,8000.5,capitol_trades
ca90217dfde6554d6cab,2026-04-17T00:12:34Z,Ro Khanna,house,NKE,Nike Inc NKE:US,sale,2026-03-30,2026-04-09,1K–15K,1001,15000,8000.5,capitol_trades
1d9f7bd462d4cfde5be8,2026-04-17T00:12:34Z,Ro Khanna,house,MET,Metlife Inc MET:US,sale,2026-03-30,2026-04-09,1K–15K,1001,15000,8000.5,capitol_trades
13642264c49c9ecf3e48,2026-04-17T00:12:34Z,Ro Khanna,house,CMG,Chipotle Mexican Grill Inc CMG:US,sale,2026-03-30,2026-04-09,1K–15K,1001,15000,8000.5,capitol_trades
1df25a0e27c564ff3c83,2026-04-17T00:12:34Z,Ro Khanna,house,COR,Cencora Inc COR:US,sale,2026-03-30,2026-04-09,1K–15K,1001,15000,8000.5,capitol_trades
c4939d98c349cf54e151,2026-04-17T00:12:34Z,Ro Khanna,house,RJF,Raymond James Financial Inc RJF:US,sale,2026-03-30,2026-04-09,1K–15K,1001,15000,8000.5,capitol_trades
1dce920c133273defac5,2026-04-17T00:12:34Z,Ro Khanna,house,PH,Parker-Hannifin Corp PH:US,sale,2026-03-30,2026-04-09,1K–15K,1001,15000,8000.5,capitol_trades
99aa013fd3d8b35badbe,2026-04-17T00:12:34Z,Ro Khanna,house,PLC,Trane Technologies PLC TT:US,sale,2026-03-30,2026-04-09,1K–15K,1001,15000,8000.5,capitol_trades
5a758ec0af082ee8fac3,2026-04-17T00:12:34Z,Ro Khanna,house,VMC,Vulcan Materials Co VMC:US,sale,2026-03-30,2026-04-09,1K–15K,1001,15000,8000.5,capitol_trades
1e3e13099255ee2eeed6,2026-04-17T00:12:34Z,Ro Khanna,house,STT,State Street Corporation STT:US,sale,2026-03-30,2026-04-09,1K–15K,1001,15000,8000.5,capitol_trades
5b3ba5deafdd767200d7,2026-04-17T00:12:34Z,Ro Khanna,house,F,Ford Motor Co F:US,sale,2026-03-30,2026-04-09,1K–15K,1001,15000,8000.5,capitol_trades
14e2fda4512a4d0cdda9,2026-04-17T00:12:34Z,Ro Khanna,house,ZTS,Zoetis Inc ZTS:US,sale,2026-03-30,2026-04-09,1K–15K,1001,15000,8000.5,capitol_trades
f16c2c600127cea4d63d,2026-04-17T00:12:34Z,Ro Khanna,house,EW,Edwards Lifesciences Corp EW:US,sale,2026-03-30,2026-04-09,1K–15K,1001,15000,8000.5,capitol_trades
9f05b86d027f3015cd0b,2026-04-17T00:12:34Z,Ro Khanna,house,IP,International Paper Co IP:US,sale,2026-03-30,2026-04-09,1K–15K,1001,15000,8000.5,capitol_trades
c7f62a0128ccd3784177,2026-04-17T00:12:34Z,Ro Khanna,house,EMR,Emerson Electric Co EMR:US,sale,2026-03-30,2026-04-09,1K–15K,1001,15000,8000.5,capitol_trades
4dd695eb117ce1018d88,2026-04-17T00:12:34Z,Ro Khanna,house,NXP,NXP Semiconductors NV NXPI:US,sale,2026-03-30,2026-04-09,1K–15K,1001,15000,8000.5,capitol_trades
b97bea4dd6472a1af47b,2026-04-17T00:12:34Z,Ro Khanna,house,EL,The Estee Lauder Cos Inc EL:US,sale,2026-03-30,2026-04-09,1K–15K,1001,15000,8000.5,capitol_trades
0cc11f2c497b4ce391dc,2026-04-17T00:12:34Z,Ro Khanna,house,T,T. Rowe Price Group Inc TROW:US,sale,2026-03-30,2026-04-09,1K–15K,1001,15000,8000.5,capitol_trades
6b7c8109d47e502c2797,2026-04-17T00:12:34Z,Ro Khanna,house,MSCI,MSCI Inc MSCI:US,sale,2026-03-30,2026-04-09,1K–15K,1001,15000,8000.5,capitol_trades
fa5f492432c503c6aa81,2026-04-17T00:12:34Z,Ro Khanna,house,GPN,GLOBAL PAYMENTS Inc GPN:US,sale,2026-03-30,2026-04-09,1K–15K,1001,15000,8000.5,capitol_trades
768a35da1d84eb5daf2b,2026-04-17T00:12:34Z,Ro Khanna,house,DG,Dollar General Corporation DG:US,sale,2026-03-30,2026-04-09,1K–15K,1001,15000,8000.5,capitol_trades
a99996da09c00faffa3d,2026-04-17T00:12:34Z,Ro Khanna,house,VRTX,Vertex Pharmaceuticals Inc VRTX:US,sale,2026-03-30,2026-04-09,1K–15K,1001,15000,8000.5,capitol_trades
841c202c902aba833172,2026-04-17T00:12:34Z,Ro Khanna,house,PSA,Public Storage PSA:US,sale,2026-03-30,2026-04-09,1K–15K,1001,15000,8000.5,capitol_trades
95011b6754209f2761a7,2026-04-17T00:12:34Z,Ro Khanna,house,HAS,Hasbro Inc HAS:US,sale,2026-03-30,2026-04-09,1K–15K,1001,15000,8000.5,capitol_trades
d9c58e365bd10e11fc6c,2026-04-17T00:12:34Z,Ro Khanna,house,RCL,Royal Caribbean Group RCL:US,sale,2026-03-30,2026-04-09,1K–15K,1001,15000,8000.5,capitol_trades
abcc20453f13122315ab,2026-04-17T00:12:34Z,Ro Khanna,house,DRI,Darden Restaurants Inc DRI:US,sale,2026-03-30,2026-04-09,1K–15K,1001,15000,8000.5,capitol_trades
ac61ab5167dfd1dfde36,2026-04-17T00:12:34Z,Ro Khanna,house,J,Jacobs Engineering Group Inc J:US,sale,2026-03-30,2026-04-09,1K–15K,1001,15000,8000.5,capitol_trades
7ca543bec04d2836efcf,2026-04-17T00:12:34Z,Ro Khanna,house,CORP,APPLOVIN CORP APP:US,sale,2026-03-30,2026-04-09,1K–15K,1001,15000,8000.5,capitol_trades
efb82e757a4bb57ba2f2,2026-04-17T00:12:34Z,Ro Khanna,house,ABNB,Airbnb Inc ABNB:US,sale,2026-03-30,2026-04-09,1K–15K,1001,15000,8000.5,capitol_trades
b6e3641c1017ee546d80,2026-04-17T00:12:34Z,Ro Khanna,house,FSLR,First Solar Inc FSLR:US,sale,2026-03-30,2026-04-09,1K–15K,1001,15000,8000.5,capitol_trades
56e636d68286abfedc38,2026-04-17T00:12:34Z,Ro Khanna,house,GDDY,GoDaddy Inc GDDY:US,sale,2026-03-30,2026-04-09,1K–15K,1001,15000,8000.5,capitol_trades
bdc12454fdfabc522860,2026-04-17T00:12:34Z,Ro Khanna,house,WBD,Warner Bros Discover Inc WBD:US,sale,2026-03-30,2026-04-09,1K–15K,1001,15000,8000.5,capitol_trades
acf7568c4b31e9f97b92,2026-04-17T00:12:34Z,Ro Khanna,house,MAA,Mid-America Apartment Communities Inc MAA:US,sale,2026-03-30,2026-04-09,1K–15K,1001,15000,8000.5,capitol_trades
eaa118cdbcfe82cf1781,2026-04-17T00:12:34Z,Ro Khanna,house,SYF,Synchrony Financial SYF:US,sale,2026-03-30,2026-04-09,1K–15K,1001,15000,8000.5,capitol_trades
99ba607d7111475d3dda,2026-04-17T00:12:34Z,Ro Khanna,house,KDP,Keurig Dr Pepper Inc KDP:US,sale,2026-03-30,2026-04-09,1K–15K,1001,15000,8000.5,capitol_trades
49ea169ed10e3d9f49bf,2026-04-17T00:12:34Z,Ro Khanna,house,WSM,Williams-Sonoma Inc WSM:US,sale,2026-03-30,2026-04-09,1K–15K,1001,15000,8000.5,capitol_trades
8d4d9d145ecb2596ab69,2026-04-17T00:12:34Z,Ro Khanna,house,CARR,Carrier Global Corp CARR:US,sale,2026-03-30,2026-04-09,1K–15K,1001,15000,8000.5,capitol_trades
00ebb88ec070e9aa4d36,2026-04-17T00:12:34Z,Ro Khanna,house,DPZ,Domino's Pizza Inc DPZ:US,sale,2026-03-30,2026-04-09,1K–15K,1001,15000,8000.5,capitol_trades
4283ab2a7e4fc249bbd1,2026-04-17T00:12:34Z,Ro Khanna,house,PTC,PTC Inc PTC:US,sale,2026-03-30,2026-04-09,1K–15K,1001,15000,8000.5,capitol_trades
e09059b4a8ea06e13d87,2026-04-17T00:12:34Z,Ro Khanna,house,OTIS,Otis Worldwide Corp OTIS:US,sale,2026-03-30,2026-04-09,1K–15K,1001,15000,8000.5,capitol_trades
c325439bde36154b2a32,2026-04-17T00:12:34Z,Ro Khanna,house,PHM,PulteGroup Inc PHM:US,sale,2026-03-30,2026-04-09,1K–15K,1001,15000,8000.5,capitol_trades
29c71dd7f6bf623503ad,2026-04-17T00:12:34Z,Ro Khanna,house,TTD,The Trade Desk Inc TTD:US,sale,2026-03-30,2026-04-09,1K–15K,1001,15000,8000.5,capitol_trades
3fd45d0db79f7ea0f969,2026-04-17T00:12:34Z,Ro Khanna,house,DXCM,DexCom Inc DXCM:US,sale,2026-03-30,2026-04-09,1K–15K,1001,15000,8000.5,capitol_trades
d27255c15e15016694b5,2026-04-17T00:12:34Z,Ro Khanna,house,NCLH,Norwegian Cruise Line Holdings Ltd NCLH:US,sale,2026-03-30,2026-04-09,1K–15K,1001,15000,8000.5,capitol_trades
ccb5a774ba0855dd2ad7,2026-04-17T00:12:34Z,Ro Khanna,house,BXP,Boston Properties Inc BXP:US,sale,2026-03-30,2026-04-09,1K–15K,1001,15000,8000.5,capitol_trades
be61ee949953338f6fc8,2026-04-17T00:12:34Z,Ro Khanna,house,A,Agilent Technologies Inc A:US,sale,2026-03-30,2026-04-09,1K–15K,1001,15000,8000.5,capitol_trades
bfd183b9e74fea90f16e,2026-04-17T00:12:34Z,Ro Khanna,house,LKQ,LKQ Corporation LKQ:US,sale,2026-03-30,2026-04-09,1K–15K,1001,15000,8000.5,capitol_trades
38194906af9d914aa1e7,2026-04-17T00:12:34Z,Ro Khanna,house,D,D.R. Horton Inc DHI:US,sale,2026-03-30,2026-04-09,1K–15K,1001,15000,8000.5,capitol_trades
e611cb810abf6bc5a83e,2026-04-17T00:12:34Z,Ro Khanna,house,AZO,AutoZone Inc AZO:US,sale,2026-03-30,2026-04-09,1K–15K,1001,15000,8000.5,capitol_trades
0c8ac583a5f5b3a768a0,2026-04-17T00:12:34Z,Ro Khanna,house,CAG,Conagra Brands Inc CAG:US,sale,2026-03-30,2026-04-09,1K–15K,1001,15000,8000.5,capitol_trades
82e8b10f7500f26554a5,2026-04-17T00:12:34Z,Ro Khanna,house,RMD,Resmed Inc RMD:US,sale,2026-03-30,2026-04-09,1K–15K,1001,15000,8000.5,capitol_trades
90df7c18fad17f06d46e,2026-04-17T00:12:34Z,Ro Khanna,house,MOH,Molina Healthcare Inc MOH:US,sale,2026-03-30,2026-04-09,1K–15K,1001,15000,8000.5,capitol_trades
8dc2c3dc7aeadd9b33ac,2026-04-17T00:12:34Z,Ro Khanna,house,CSGP,CoStar Group Inc CSGP:US,sale,2026-03-30,2026-04-09,1K–15K,1001,15000,8000.5,capitol_trades
31c50121f3c76ad80242,2026-04-17T00:12:34Z,Ro Khanna,house,HSY,The Hershey Co HSY:US,sale,2026-03-30,2026-04-09,1K–15K,1001,15000,8000.5,capitol_trades
1405961548db36d939f6,2026-04-17T00:12:34Z,Ro Khanna,house,BAX,Baxter International Inc BAX:US,sale,2026-03-30,2026-04-09,1K–15K,1001,15000,8000.5,capitol_trades
b8b5dd1e7ca8d0bbc858,2026-04-17T00:12:34Z,Ro Khanna,house,CRH,CRH PLC CRH:US,sale,2026-03-30,2026-04-09,1K–15K,1001,15000,8000.5,capitol_trades
cd6005d2e95b86645205,2026-04-17T00:12:34Z,Ro Khanna,house,ZBRA,Zebra Technologies Corp ZBRA:US,sale,2026-03-30,2026-04-09,1K–15K,1001,15000,8000.5,capitol_trades
622289f1184daf9b6b60,2026-04-17T00:12:34Z,Ro Khanna,house,MCHP,Microchip Technology Inc MCHP:US,sale,2026-03-30,2026-04-09,1K–15K,1001,15000,8000.5,capitol_trades
6ac80ce44c726c3956c3,2026-04-17T00:12:34Z,Ro Khanna,house,UAL,United Airlines Holdings Inc UAL:US,sale,2026-03-30,2026-04-09,1K–15K,1001,15000,8000.5,capitol_trades
1632d112010d8bfe5ea2,2026-04-17T00:12:34Z,Ro Khanna,house,GIS,General Mills Inc GIS:US,sale,2026-03-30,2026-04-09,1K–15K,1001,15000,8000.5,capitol_trades
a210d79d68a2b9ca1f94,2026-04-17T00:12:34Z,Ro Khanna,house,MKC,McCormick & Co Inc MKC:US,sale,2026-03-30,2026-04-09,1K–15K,1001,15000,8000.5,capitol_trades
aa12cd734c698b5541fb,2026-04-17T00:12:34Z,Ro Khanna,house,MHK,Mohawk Industries Inc MHK:US,sale,2026-03-30,2026-04-09,1K–15K,1001,15000,8000.5,capitol_trades
c2f6cdcbc8423aac74ea,2026-04-17T00:12:34Z,Ro Khanna,house,ELV,Elevance Health Inc ELV:US,sale,2026-03-30,2026-04-09,1K–15K,1001,15000,8000.5,capitol_trades
384a9d6b75663741529c,2026-04-17T00:12:34Z,Ro Khanna,house,BLDR,Builders FirstSource Inc BLDR:US,sale,2026-03-30,2026-04-09,1K–15K,1001,15000,8000.5,capitol_trades
f2ef1d784f6f6b2a9e0b,2026-04-17T00:12:34Z,Ro Khanna,house,GEN,NortonLifeLock Inc GEN:US,sale,2026-03-30,2026-04-09,1K–15K,1001,15000,8000.5,capitol_trades
7f5e32bbc05200e54ad7,2026-04-17T00:12:34Z,Ro Khanna,house,BOFA,BOFA FINANCE LLC N/A,purchase,2026-03-12,2026-04-09,50K–100K,50001,100000,75000.5,capitol_trades
a59bdd3ab82d4441119f,2026-04-17T00:12:34Z,Ro Khanna,house,BAC,Bank of America Corp BAC:US,purchase,2026-03-10,2026-04-09,15K–50K,15001,50000,32500.5,capitol_trades
32e98665e764495bae6d,2026-04-17T00:12:34Z,Ro Khanna,house,MA,Mastercard Inc MA:US,purchase,2026-03-10,2026-04-09,15K–50K,15001,50000,32500.5,capitol_trades
7513aa02a98802f8aa7e,2026-04-17T00:12:34Z,Ro Khanna,house,V,Visa Inc V:US,purchase,2026-03-10,2026-04-09,15K–50K,15001,50000,32500.5,capitol_trades
1d67054ffc19556cc16a,2026-04-17T00:12:34Z,Ro Khanna,house,KO,The Coca-Cola Co KO:US,purchase,2026-03-10,2026-04-09,15K–50K,15001,50000,32500.5,capitol_trades
f9488070b5a8766e73dd,2026-04-17T00:12:34Z,Ro Khanna,house,MCD,McDonald's Corp MCD:US,purchase,2026-03-10,2026-04-09,15K–50K,15001,50000,32500.5,capitol_trades
3a7a84515951cc16e70f,2026-04-17T00:12:34Z,Ro Khanna,house,MRK,Merck & Co Inc MRK:US,purchase,2026-03-10,2026-04-09,15K–50K,15001,50000,32500.5,capitol_trades
6789d4aafaca0a86869b,2026-04-17T00:12:34Z,Ro Khanna,house,PM,Philip Morris International Inc PM:US,purchase,2026-03-10,2026-04-09,15K–50K,15001,50000,32500.5,capitol_trades
215de51047c65cb159a5,2026-04-17T00:12:34Z,Ro Khanna,house,LOW,Lowe's Cos Inc LOW:US,purchase,2026-03-10,2026-04-09,15K–50K,15001,50000,32500.5,capitol_trades
4ca25d654b323843657c,2026-04-17T00:12:34Z,Ro Khanna,house,AMAT,Applied Materials Inc AMAT:US,purchase,2026-03-10,2026-04-09,15K–50K,15001,50000,32500.5,capitol_trades
a17913412fc5fad845f2,2026-04-17T00:12:34Z,Ro Khanna,house,PLC,Linde PLC LIN:US,purchase,2026-03-10,2026-04-09,15K–50K,15001,50000,32500.5,capitol_trades
13d4e1c3a262ff30b5ca,2026-04-17T00:12:34Z,Ro Khanna,house,UNH,Unitedhealth Group Inc UNH:US,purchase,2026-03-10,2026-04-09,15K–50K,15001,50000,32500.5,capitol_trades
d980e029b246404ac334,2026-04-17T00:12:34Z,Ro Khanna,house,NVDA,NVIDIA Corporation NVDA:US,purchase,2026-03-10,2026-04-09,1K–15K,1001,15000,8000.5,capitol_trades
34679389664fc1672a9c,2026-04-17T00:12:34Z,Ro Khanna,house,ABT,Abbott Laboratories ABT:US,purchase,2026-03-10,2026-04-09,1K–15K,1001,15000,8000.5,capitol_trades
34a8a9716c4b0502c8d4,2026-04-17T00:12:34Z,Ro Khanna,house,CRM,salesforce.com Inc CRM:US,purchase,2026-03-10,2026-04-09,1K–15K,1001,15000,8000.5,capitol_trades
2e4fb2455cbe01ed848f,2026-04-17T00:12:34Z,Ro Khanna,house,J,Arthur J. Gallagher & Co AJG:US,purchase,2026-03-10,2026-04-09,1K–15K,1001,15000,8000.5,capitol_trades
03515105794749bf1827,2026-04-17T00:12:34Z,Ro Khanna,house,UPS,United Parcel Service Inc UPS:US,purchase,2026-03-10,2026-04-09,1K–15K,1001,15000,8000.5,capitol_trades
43174382b55571b3d41a,2026-04-17T00:12:34Z,Ro Khanna,house,GRMN,Garmin Ltd GRMN:US,purchase,2026-03-10,2026-04-09,1K–15K,1001,15000,8000.5,capitol_trades
1e279eef1924b18959c9,2026-04-17T00:12:34Z,Ro Khanna,house,ORCL,Oracle Corp ORCL:US,purchase,2026-03-10,2026-04-09,1K–15K,1001,15000,8000.5,capitol_trades
3b1a6edfa154cdaa4239,2026-04-17T00:12:34Z,Ro Khanna,house,DHR,Danaher Corp DHR:US,purchase,2026-03-10,2026-04-09,1K–15K,1001,15000,8000.5,capitol_trades
9a7c44606eedc9a08302,2026-04-17T00:12:36Z,Ro Khanna,house,NKE,Nike Inc NKE:US,purchase,2026-03-10,2026-04-09,1K–15K,1001,15000,8000.5,capitol_trades
0d4a161a2d295a1490d4,2026-04-17T00:12:36Z,Ro Khanna,house,SCHW,Schwab (Charles) Corp SCHW:US,purchase,2026-03-10,2026-04-09,1K–15K,1001,15000,8000.5,capitol_trades
17c6c82b94d851033d80,2026-04-17T00:12:36Z,Ro Khanna,house,ARE,Alexandria Real Estate Equities Inc ARE:US,purchase,2026-03-10,2026-04-09,1K–15K,1001,15000,8000.5,capitol_trades
78369f1d8fa2f42360ab,2026-04-17T00:12:36Z,Ro Khanna,house,PLC,Amcor PLC AMCR:US,purchase,2026-03-10,2026-04-09,1K–15K,1001,15000,8000.5,capitol_trades
038b69108b90a6305677,2026-04-17T00:12:36Z,Ro Khanna,house,APO,Apollo Global Management Inc APO:US,purchase,2026-03-10,2026-04-09,1K–15K,1001,15000,8000.5,capitol_trades
a1c1cdbecd1714bd2e56,2026-04-17T00:12:36Z,Ro Khanna,house,KDP,Keurig Dr Pepper Inc KDP:US,purchase,2026-03-10,2026-04-09,1K–15K,1001,15000,8000.5,capitol_trades
7e1e05bff52c0efc396d,2026-04-17T00:12:36Z,Ro Khanna,house,BSX,Boston Scientific Corp BSX:US,purchase,2026-03-10,2026-04-09,1K–15K,1001,15000,8000.5,capitol_trades
9e600c313a1cc4eff011,2026-04-17T00:12:36Z,Ro Khanna,house,LULU,Lululemon Athletica Inc LULU:US,purchase,2026-03-10,2026-04-09,1K–15K,1001,15000,8000.5,capitol_trades
4e70b530b5e9daf314df,2026-04-17T00:12:36Z,Ro Khanna,house,ICE,Intercontinental Exchange Inc ICE:US,purchase,2026-03-10,2026-04-09,1K–15K,1001,15000,8000.5,capitol_trades
78bc243ae54ffd676d52,2026-04-17T00:12:36Z,Ro Khanna,house,AMZN,Amazon.com Inc AMZN:US,purchase,2026-03-10,2026-04-09,1K–15K,1001,15000,8000.5,capitol_trades
3337fd803c95173d13e2,2026-04-17T00:12:36Z,Ro Khanna,house,PG,The Procter & Gamble Co PG:US,purchase,2026-03-10,2026-04-09,1K–15K,1001,15000,8000.5,capitol_trades
99c58a5cda58ccb2214f,2026-04-17T00:12:36Z,Ro Khanna,house,EFX,Equifax Inc EFX:US,purchase,2026-03-10,2026-04-09,1K–15K,1001,15000,8000.5,capitol_trades
07d1a86952f947cc5187,2026-04-17T00:12:36Z,Ro Khanna,house,A,Agilent Technologies Inc A:US,purchase,2026-03-10,2026-04-09,1K–15K,1001,15000,8000.5,capitol_trades
f8cd64667e14beaaa3d7,2026-04-17T00:12:36Z,Ro Khanna,house,MET,Metlife Inc MET:US,purchase,2026-03-10,2026-04-09,1K–15K,1001,15000,8000.5,capitol_trades
f8e2e4a8e6e95f0cf3ed,2026-04-17T00:12:36Z,Ro Khanna,house,TSCO,Tractor Supply Co TSCO:US,purchase,2026-03-10,2026-04-09,1K–15K,1001,15000,8000.5,capitol_trades
f6cb5b1dc5319efcebcd,2026-04-17T00:12:36Z,Ro Khanna,house,PYPL,PayPal Holdings Inc PYPL:US,purchase,2026-03-10,2026-04-09,1K–15K,1001,15000,8000.5,capitol_trades
81b39ea48a5bf3ecba4c,2026-04-17T00:12:36Z,Ro Khanna,house,KKR,KKR & Co Inc KKR:US,purchase,2026-03-10,2026-04-09,1K–15K,1001,15000,8000.5,capitol_trades
2d2e177d8c5bee2763af,2026-04-17T00:12:36Z,Ro Khanna,house,FISV,Fiserv Inc FISV:US,purchase,2026-03-10,2026-04-09,1K–15K,1001,15000,8000.5,capitol_trades
390107b0a51b691111e3,2026-04-17T00:12:36Z,Ro Khanna,house,ABNB,Airbnb Inc ABNB:US,purchase,2026-03-10,2026-04-09,1K–15K,1001,15000,8000.5,capitol_trades
08e8c92973d89f6b1cb0,2026-04-17T00:12:36Z,Ro Khanna,house,IQV,Iqvia Holdings Inc IQV:US,purchase,2026-03-10,2026-04-09,1K–15K,1001,15000,8000.5,capitol_trades
a57f80a292f5ebca0ee5,2026-04-17T00:12:36Z,Ro Khanna,house,IBM,International Business Machines Corp IBM:US,purchase,2026-03-10,2026-04-09,1K–15K,1001,15000,8000.5,capitol_trades
3037b691339dd54d6924,2026-04-17T00:12:36Z,Ro Khanna,house,PLD,Prologis Inc PLD:US,purchase,2026-03-10,2026-04-09,1K–15K,1001,15000,8000.5,capitol_trades
d5f444438fb3adc95e2d,2026-04-17T00:12:36Z,Ro Khanna,house,DOW,Dow Inc DOW:US,purchase,2026-03-10,2026-04-09,1K–15K,1001,15000,8000.5,capitol_trades
9e9f4ee151fbab2554ad,2026-04-17T00:12:36Z,Ro Khanna,house,SQ,Block Inc SQ:US,purchase,2026-03-10,2026-04-09,1K–15K,1001,15000,8000.5,capitol_trades
1814d7bf9a918dd37eee,2026-04-17T00:12:36Z,Ro Khanna,house,GPN,GLOBAL PAYMENTS Inc GPN:US,purchase,2026-03-10,2026-04-09,1K–15K,1001,15000,8000.5,capitol_trades
fcfc54cd4ad915e7be60,2026-04-17T00:12:36Z,Ro Khanna,house,CSGP,CoStar Group Inc CSGP:US,purchase,2026-03-10,2026-04-09,1K–15K,1001,15000,8000.5,capitol_trades
77646c82d0a775f70024,2026-04-17T00:12:36Z,Ro Khanna,house,CIEN,Ciena Corp CIEN:US,purchase,2026-03-30,2026-04-09,1K–15K,1001,15000,8000.5,capitol_trades
3f4c6df96b5f32f73848,2026-04-17T00:12:36Z,Ro Khanna,house,LITE,Lumentum Holdings Inc LITE:US,purchase,2026-03-30,2026-04-09,1K–15K,1001,15000,8000.5,capitol_trades
4cb00c5b42d11ddf552a,2026-04-17T00:12:36Z,Ro Khanna,house,INC,MAPLEBEAR INC N/A,purchase,2026-03-06,2026-04-09,1K–15K,1001,15000,8000.5,capitol_trades
01c24e8c21eca2f22b1e,2026-04-17T00:12:36Z,Ro Khanna,house,TSLA,Tesla Inc TSLA:US,purchase,2026-03-10,2026-04-09,1K–15K,1001,15000,8000.5,capitol_trades
fad917618c109fd6ed0f,2026-04-17T00:12:36Z,Ro Khanna,house,ACI,Albertsons Cos Inc ACI:US,purchase,2026-03-10,2026-04-09,1K–15K,1001,15000,8000.5,capitol_trades
d1b13a0118e636d81952,2026-04-17T00:12:36Z,Ro Khanna,house,LTD,GENIUS SPORTS LTD N/A,purchase,2026-03-09,2026-04-09,1K–15K,1001,15000,8000.5,capitol_trades
ac1e499b96b3fa3c2ed0,2026-04-17T00:12:36Z,Ro Khanna,house,ACI,Albertsons Cos Inc ACI:US,purchase,2026-03-04,2026-04-09,1K–15K,1001,15000,8000.5,capitol_trades
6090e77afef5bbf985e7,2026-04-17T00:12:36Z,Ro Khanna,house,LTD,GENIUS SPORTS LTD N/A,purchase,2026-03-18,2026-04-09,1K–15K,1001,15000,8000.5,capitol_trades
c129761fa7f9936bef77,2026-04-17T00:12:36Z,Ro Khanna,house,ACI,Albertsons Cos Inc ACI:US,purchase,2026-03-12,2026-04-09,1K–15K,1001,15000,8000.5,capitol_trades
55db5e44fafa860a5d14,2026-04-17T00:12:36Z,Ro Khanna,house,CSCO,Cisco Systems Inc CSCO:US,sale,2026-03-10,2026-04-09,50K–100K,50001,100000,75000.5,capitol_trades
55b6dc28db4dda2e41bd,2026-04-17T00:12:36Z,Ro Khanna,house,BRK,Berkshire Hathaway Inc BRK/B:US,sale,2026-03-10,2026-04-09,15K–50K,15001,50000,32500.5,capitol_trades
e40a025e2a87353aeb88,2026-04-17T00:12:36Z,Ro Khanna,house,HD,The Home Depot Inc HD:US,sale,2026-03-10,2026-04-09,15K–50K,15001,50000,32500.5,capitol_trades
18361ca44824ea3e7f07,2026-04-17T00:12:36Z,Ro Khanna,house,TMO,Thermo Fisher Scientific Inc TMO:US,sale,2026-03-10,2026-04-09,15K–50K,15001,50000,32500.5,capitol_trades
06090bf68abedff7c9ad,2026-04-17T00:12:36Z,Ro Khanna,house,JPM,JPMorgan Chase & Co JPM:US,sale,2026-03-10,2026-04-09,15K–50K,15001,50000,32500.5,capitol_trades
34cb0210722a3ac5cd04,2026-04-17T00:12:36Z,Ro Khanna,house,GIS,General Mills Inc GIS:US,sale,2026-03-10,2026-04-09,15K–50K,15001,50000,32500.5,capitol_trades
98e73c90b05b8e8b02b6,2026-04-17T00:12:36Z,Ro Khanna,house,PAYX,Paychex Inc PAYX:US,sale,2026-03-10,2026-04-09,15K–50K,15001,50000,32500.5,capitol_trades
d79533575a6aa5c13715,2026-04-17T00:12:36Z,Ro Khanna,house,STZ,Constellation Brands Inc STZ:US,sale,2026-03-10,2026-04-09,15K–50K,15001,50000,32500.5,capitol_trades
59ac785ad6c7151dd180,2026-04-17T00:12:36Z,Ro Khanna,house,WFC,Wells Fargo & Co WFC:US,sale,2026-03-10,2026-04-09,15K–50K,15001,50000,32500.5,capitol_trades
2c01ef5b03c27d89d8ae,2026-04-17T00:12:36Z,Ro Khanna,house,MNST,Monster Beverage Corp MNST:US,sale,2026-03-10,2026-04-09,15K–50K,15001,50000,32500.5,capitol_trades
db12a51eb90539dd649c,2026-04-17T00:12:36Z,Ro Khanna,house,MU,Micron Technology Inc MU:US,sale,2026-03-10,2026-04-09,15K–50K,15001,50000,32500.5,capitol_trades
2cbbd35a828a03673c60,2026-04-17T00:12:36Z,Ro Khanna,house,CPRT,Copart Inc CPRT:US,sale,2026-03-10,2026-04-09,15K–50K,15001,50000,32500.5,capitol_trades
68232d2007f62e8db849,2026-04-17T00:12:36Z,Ro Khanna,house,PLC,Medtronic PLC MDT:US,sale,2026-03-10,2026-04-09,15K–50K,15001,50000,32500.5,capitol_trades
9e59eed1ba7d26b3d3bf,2026-04-17T00:12:36Z,Ro Khanna,house,WAT,Waters Corp WAT:US,sale,2026-03-10,2026-04-09,15K–50K,15001,50000,32500.5,capitol_trades
54eca00c3319969594dc,2026-04-17T00:12:36Z,Ro Khanna,house,CMG,Chipotle Mexican Grill Inc CMG:US,sale,2026-03-10,2026-04-09,1K–15K,1001,15000,8000.5,capitol_trades
50ef0fc42e67744feb32,2026-04-17T00:12:36Z,Ro Khanna,house,PNC,The PNC Financial Services Group Inc PNC:US,sale,2026-03-10,2026-04-09,1K–15K,1001,15000,8000.5,capitol_trades
f5776f8a22705b2c8ba0,2026-04-17T00:12:36Z,Ro Khanna,house,PFG,Principal Financial Group Inc PFG:US,sale,2026-03-10,2026-04-09,1K–15K,1001,15000,8000.5,capitol_trades
fdfc4fb6b75bd95c02bb,2026-04-17T00:12:36Z,Ro Khanna,house,CORP,APPLOVIN CORP APP:US,sale,2026-03-10,2026-04-09,1K–15K,1001,15000,8000.5,capitol_trades
178d212986eb78666691,2026-04-17T00:12:36Z,Ro Khanna,house,U,U.S. Bancorp USB:US,sale,2026-03-10,2026-04-09,1K–15K,1001,15000,8000.5,capitol_trades
80b89c36da7a2a91eae9,2026-04-17T00:12:36Z,Ro Khanna,house,COF,Capital One Financial Corp COF:US,sale,2026-03-10,2026-04-09,1K–15K,1001,15000,8000.5,capitol_trades
2b85de7553424267c3e5,2026-04-17T00:12:36Z,Ro Khanna,house,HPE,Hewlett Packard Enterprise Co HPE:US,sale,2026-03-10,2026-04-09,1K–15K,1001,15000,8000.5,capitol_trades
cf50b041c966b36c50ad,2026-04-17T00:12:36Z,Ro Khanna,house,FLT,FleetCor Technologies Inc FLT:US,sale,2026-03-10,2026-04-09,1K–15K,1001,15000,8000.5,capitol_trades
c71635d0905314d669af,2026-04-17T00:12:36Z,Ro Khanna,house,POOL,Pool Corp POOL:US,sale,2026-03-10,2026-04-09,1K–15K,1001,15000,8000.5,capitol_trades
b3275ad115f90c8245af,2026-04-17T00:12:36Z,Ro Khanna,house,DIS,The Walt Disney Co DIS:US,sale,2026-03-10,2026-04-09,1K–15K,1001,15000,8000.5,capitol_trades
a12ba11e172ab1eff0de,2026-04-17T00:12:36Z,Ro Khanna,house,IDEX,IDEX Corp IEX:US,sale,2026-03-10,2026-04-09,1K–15K,1001,15000,8000.5,capitol_trades
f7d005716ecbbe8710d2,2026-04-17T00:12:36Z,Ro Khanna,house,HRL,Hormel Foods Corp HRL:US,sale,2026-03-10,2026-04-09,1K–15K,1001,15000,8000.5,capitol_trades
3c191c51dcf332b54046,2026-04-17T00:12:36Z,Ro Khanna,house,EXPD,Expeditors International of Washington Inc EXPD:US,sale,2026-03-10,2026-04-09,1K–15K,1001,15000,8000.5,capitol_trades
9eebc822ac7bea6032c6,2026-04-17T00:12:36Z,Ro Khanna,house,LULU,Lululemon Athletica Inc LULU:US,sale,2026-03-10,2026-04-09,1K–15K,1001,15000,8000.5,capitol_trades
3612a7f298e16bc72dba,2026-04-17T00:12:36Z,Ro Khanna,house,PLC,Aptiv PLC APTV:US,sale,2026-03-10,2026-04-09,1K–15K,1001,15000,8000.5,capitol_trades
2673511d895832c8435a,2026-04-17T00:12:36Z,Ro Khanna,house,DDOG,Datadog Inc DDOG:US,sale,2026-03-10,2026-04-09,1K–15K,1001,15000,8000.5,capitol_trades
1bbd653908ec89e33fbf,2026-04-17T00:12:36Z,Ro Khanna,house,DAL,Delta Air Lines Inc DAL:US,sale,2026-03-10,2026-04-09,1K–15K,1001,15000,8000.5,capitol_trades
657ef9bb3cc2c4437a34,2026-04-17T00:12:36Z,Ro Khanna,house,CVNA,Carvana Co CVNA:US,sale,2026-03-10,2026-04-09,1K–15K,1001,15000,8000.5,capitol_trades
a2b63a89fa584d562962,2026-04-17T00:12:36Z,Ro Khanna,house,AXP,American Express Co AXP:US,sale,2026-03-10,2026-04-09,1K–15K,1001,15000,8000.5,capitol_trades
4b4dfee6832469399496,2026-04-17T00:12:36Z,Ro Khanna,house,MU,Micron Technology Inc MU:US,sale,2026-03-12,2026-04-09,1K–15K,1001,15000,8000.5,capitol_trades
91d1643255e39da82ab6,2026-04-17T00:12:36Z,Ro Khanna,house,COO,The Cooper Cos Inc COO:US,sale,2026-03-10,2026-04-09,1K–15K,1001,15000,8000.5,capitol_trades
ef1588a4ab2c8680eaaf,2026-04-17T00:12:36Z,Ro Khanna,house,ACGL,Arch Capital Group Ltd ACGL:US,sale,2026-03-10,2026-04-09,1K–15K,1001,15000,8000.5,capitol_trades
b5572dcaaffa331ce5eb,2026-04-17T00:12:36Z,Ro Khanna,house,MPWR,Monolithic Power Systems Inc MPWR:US,sale,2026-03-10,2026-04-09,1K–15K,1001,15000,8000.5,capitol_trades
081c56c51d0a180905d5,2026-04-17T00:12:36Z,Ro Khanna,house,DECK,Deckers Outdoor Corp DECK:US,sale,2026-03-10,2026-04-09,1K–15K,1001,15000,8000.5,capitol_trades
dc2eb16a354e05e99949,2026-04-17T00:12:36Z,Ro Khanna,house,HOOD,Robinhood Markets Inc HOOD:US,sale,2026-03-10,2026-04-09,1K–15K,1001,15000,8000.5,capitol_trades
a2bd98c4c850ad1753b5,2026-04-17T00:12:36Z,Ro Khanna,house,MU,Micron Technology Inc MU:US,sale,2026-03-18,2026-04-09,1K–15K,1001,15000,8000.5,capitol_trades
3d93ce74618eeccacfce,2026-04-17T00:12:36Z,Ro Khanna,house,LUV,Southwest Airlines Co LUV:US,sale,2026-03-10,2026-04-09,1K–15K,1001,15000,8000.5,capitol_trades
d671a44b8facf479c97f,2026-04-17T00:12:36Z,Ro Khanna,house,AME,AMETEK Inc AME:US,sale,2026-03-10,2026-04-09,1K–15K,1001,15000,8000.5,capitol_trades
5afc56298ec8aa6c2f7e,2026-04-17T00:12:36Z,Ro Khanna,house,AXTA,Axalta Coating Systems Ltd AXTA:US,sale,2026-03-18,2026-04-09,1K–15K,1001,15000,8000.5,capitol_trades
892c72e211be2749250b,2026-04-17T00:12:36Z,Ro Khanna,house,MCHP,Microchip Technology Inc MCHP:US,sale,2026-03-10,2026-04-09,1K–15K,1001,15000,8000.5,capitol_trades
393e624bf628140a376a,2026-04-17T00:12:36Z,Ro Khanna,house,NDAQ,Nasdaq Inc NDAQ:US,sale,2026-03-30,2026-04-09,1K–15K,1001,15000,8000.5,capitol_trades
3f21780c5c3f0cc1cc34,2026-04-17T00:12:36Z,Ro Khanna,house,BEN,Franklin Resources Inc BEN:US,sale,2026-03-10,2026-04-09,1K–15K,1001,15000,8000.5,capitol_trades
d6120c30ab675eca45f5,2026-04-17T00:12:36Z,Ro Khanna,house,INCY,Incyte Corp INCY:US,sale,2026-03-10,2026-04-09,1K–15K,1001,15000,8000.5,capitol_trades
875c912f71e8e38e9f5b,2026-04-17T00:12:36Z,Ro Khanna,house,WSM,Williams-Sonoma Inc WSM:US,sale,2026-03-10,2026-04-09,1K–15K,1001,15000,8000.5,capitol_trades
d705cabb0ee4c798ef26,2026-04-17T00:12:36Z,Ro Khanna,house,UAL,United Airlines Holdings Inc UAL:US,sale,2026-03-10,2026-04-09,1K–15K,1001,15000,8000.5,capitol_trades
3343136b1b397aa06fd9,2026-04-17T00:12:36Z,Ro Khanna,house,APD,Air Products and Chemicals Inc APD:US,sale,2026-03-10,2026-04-09,1K–15K,1001,15000,8000.5,capitol_trades
4b07d7ed0bcd196189d7,2026-04-17T00:12:36Z,Ro Khanna,house,CI,Cigna Corp CI:US,sale,2026-03-10,2026-04-09,1K–15K,1001,15000,8000.5,capitol_trades
3834589c14019c0c8138,2026-04-17T00:12:36Z,Ro Khanna,house,SWK,Stanley Black & Decker Inc SWK:US,sale,2026-03-10,2026-04-09,1K–15K,1001,15000,8000.5,capitol_trades
af9e7b2b6b373c4661d9,2026-04-17T00:12:36Z,Ro Khanna,house,ERIE,Erie Indemnity Co ERIE:US,sale,2026-03-10,2026-04-09,1K–15K,1001,15000,8000.5,capitol_trades
2155820e1417483b2a50,2026-04-17T00:12:36Z,Ro Khanna,house,NDAQ,Nasdaq Inc NDAQ:US,sale,2026-03-25,2026-04-09,1K–15K,1001,15000,8000.5,capitol_trades
bce76c272b72b21cdf09,2026-04-17T00:12:36Z,Ro Khanna,house,INC,KENVUE INC KVUE:US,sale,2026-03-10,2026-04-09,1K–15K,1001,15000,8000.5,capitol_trades
8227c00b901882285141,2026-04-17T00:12:36Z,Ro Khanna,house,LLC,MORGAN STANLEY FINANCE LLC N/A,purchase,2026-03-12,2026-04-09,50K–100K,50001,100000,75000.5,capitol_trades
480003d29af39d80a92c,2026-04-17T00:12:36Z,Ro Khanna,house,MCHP,Microchip Technology Inc MCHP:US,purchase,2026-03-23,2026-04-09,15K–50K,15001,50000,32500.5,capitol_trades
78fb9e1b0cce1db3af30,2026-04-17T00:12:36Z,Ro Khanna,house,ABT,Abbott Laboratories ABT:US,purchase,2026-03-23,2026-04-09,15K–50K,15001,50000,32500.5,capitol_trades
79fa739d8643c0ecd9e6,2026-04-17T00:12:39Z,Ro Khanna,house,HD,The Home Depot Inc HD:US,purchase,2026-03-23,2026-04-09,15K–50K,15001,50000,32500.5,capitol_trades
c79ccb10edf034c2264c,2026-04-17T00:12:39Z,Ro Khanna,house,UNH,Unitedhealth Group Inc UNH:US,purchase,2026-03-23,2026-04-09,15K–50K,15001,50000,32500.5,capitol_trades
27c9c73597516a37c552,2026-04-17T00:12:39Z,Ro Khanna,house,ISRG,Intuitive Surgical Inc ISRG:US,purchase,2026-03-23,2026-04-09,15K–50K,15001,50000,32500.5,capitol_trades
dcf2851b067d07b62339,2026-04-17T00:12:39Z,Ro Khanna,house,KO,The Coca-Cola Co KO:US,purchase,2026-03-23,2026-04-09,15K–50K,15001,50000,32500.5,capitol_trades
e9fe560a2742606c1f81,2026-04-17T00:12:39Z,Ro Khanna,house,AMZN,Amazon.com Inc AMZN:US,purchase,2026-03-23,2026-04-09,15K–50K,15001,50000,32500.5,capitol_trades
41a873716a69eafac9ad,2026-04-17T00:12:39Z,Ro Khanna,house,BKNG,Booking Holdings Inc BKNG:US,purchase,2026-03-23,2026-04-09,15K–50K,15001,50000,32500.5,capitol_trades
f32b868955265c5e5702,2026-04-17T00:12:39Z,Ro Khanna,house,ADP,Automatic Data Processing Inc ADP:US,purchase,2026-03-23,2026-04-09,15K–50K,15001,50000,32500.5,capitol_trades
afbe33f081a8a456ffb3,2026-04-17T00:12:39Z,Ro Khanna,house,PLC,Accenture PLC ACN:US,purchase,2026-03-23,2026-04-09,15K–50K,15001,50000,32500.5,capitol_trades
c4e27cf5e2f5eab6cad0,2026-04-17T00:12:39Z,Ro Khanna,house,LULU,Lululemon Athletica Inc LULU:US,purchase,2026-03-23,2026-04-09,15K–50K,15001,50000,32500.5,capitol_trades
007ccabdad4f8ac60c32,2026-04-17T00:12:39Z,Ro Khanna,house,AIG,American International Group Inc AIG:US,purchase,2026-03-23,2026-04-09,15K–50K,15001,50000,32500.5,capitol_trades
6806db8e69ca262014c6,2026-04-17T00:12:39Z,Ro Khanna,house,CRM,salesforce.com Inc CRM:US,purchase,2026-03-23,2026-04-09,15K–50K,15001,50000,32500.5,capitol_trades
9e80c8fa3245064b4aeb,2026-04-17T00:12:39Z,Ro Khanna,house,S,S&P Global Inc SPGI:US,purchase,2026-03-23,2026-04-09,15K–50K,15001,50000,32500.5,capitol_trades
bc203e226c0bd536613b,2026-04-17T00:12:39Z,Ro Khanna,house,BX,Blackstone Group Inc BX:US,purchase,2026-03-23,2026-04-09,15K–50K,15001,50000,32500.5,capitol_trades
2495e352334a110da1e2,2026-04-17T00:12:39Z,Ro Khanna,house,PANW,Palo Alto Networks Inc PANW:US,purchase,2026-03-23,2026-04-09,15K–50K,15001,50000,32500.5,capitol_trades
8841a7f779b784a3fc2e,2026-04-17T00:12:39Z,Ro Khanna,house,J,Arthur J. Gallagher & Co AJG:US,purchase,2026-03-23,2026-04-09,15K–50K,15001,50000,32500.5,capitol_trades
045261e231156c7b720c,2026-04-17T00:12:39Z,Ro Khanna,house,INVH,Invitation Homes Inc INVH:US,purchase,2026-03-23,2026-04-09,15K–50K,15001,50000,32500.5,capitol_trades
4cfabb39ee254d55594d,2026-04-17T00:12:39Z,Ro Khanna,house,ROP,Roper Technologies Inc ROP:US,purchase,2026-03-23,2026-04-09,1K–15K,1001,15000,8000.5,capitol_trades
46a560bacd926b25c175,2026-04-17T00:12:39Z,Ro Khanna,house,APO,Apollo Global Management Inc APO:US,purchase,2026-03-23,2026-04-09,1K–15K,1001,15000,8000.5,capitol_trades
0322ff901ced0d7455e8,2026-04-17T00:12:39Z,Ro Khanna,house,PRU,Prudential Financial Inc PRU:US,purchase,2026-03-23,2026-04-09,1K–15K,1001,15000,8000.5,capitol_trades
ce1d881cd63046784b5e,2026-04-17T00:12:39Z,Ro Khanna,house,KKR,KKR & Co Inc KKR:US,purchase,2026-03-23,2026-04-09,1K–15K,1001,15000,8000.5,capitol_trades
546f71d5d0c6269a623c,2026-04-17T00:12:39Z,Ro Khanna,house,ICE,Intercontinental Exchange Inc ICE:US,purchase,2026-03-23,2026-04-09,1K–15K,1001,15000,8000.5,capitol_trades
0ee2eb06b42a84843c22,2026-04-17T00:12:39Z,Ro Khanna,house,CPRT,Copart Inc CPRT:US,purchase,2026-03-23,2026-04-09,1K–15K,1001,15000,8000.5,capitol_trades
760f47b59dfdb759e594,2026-04-17T00:12:39Z,Ro Khanna,house,CORP,APPLOVIN CORP APP:US,purchase,2026-03-23,2026-04-09,1K–15K,1001,15000,8000.5,capitol_trades
cbfe13de6773cee4993c,2026-04-17T00:12:39Z,Ro Khanna,house,CCI,Crown Castle International Corp CCI:US,purchase,2026-03-23,2026-04-09,1K–15K,1001,15000,8000.5,capitol_trades
d5830980766ee397c4c0,2026-04-17T00:12:39Z,Ro Khanna,house,AMT,American Tower Corp AMT:US,purchase,2026-03-23,2026-04-09,1K–15K,1001,15000,8000.5,capitol_trades
4f068ac1d1bde7454171,2026-04-17T00:12:39Z,Ro Khanna,house,AZO,AutoZone Inc AZO:US,purchase,2026-03-23,2026-04-09,1K–15K,1001,15000,8000.5,capitol_trades
a41bd00ef9693b6adfcf,2026-04-17T00:12:39Z,Ro Khanna,house,PLC,Coca-Cola Europacific Partners PLC CCEP:US,purchase,2026-03-13,2026-04-09,1K–15K,1001,15000,8000.5,capitol_trades
5a561ac7981da66c6a37,2026-04-17T00:12:39Z,Ro Khanna,house,IT,Gartner Inc IT:US,purchase,2026-03-23,2026-04-09,1K–15K,1001,15000,8000.5,capitol_trades
9484e20d8eff4f01f9e1,2026-04-17T00:12:39Z,Ro Khanna,house,BXP,Boston Properties Inc BXP:US,purchase,2026-03-23,2026-04-09,1K–15K,1001,15000,8000.5,capitol_trades
131dfd65f9f6cb50b96d,2026-04-17T00:12:39Z,Ro Khanna,house,PYPL,PayPal Holdings Inc PYPL:US,purchase,2026-03-23,2026-04-09,1K–15K,1001,15000,8000.5,capitol_trades
8307dc694742ac1737eb,2026-04-17T00:12:39Z,Ro Khanna,house,CTSH,Cognizant Technology Solutions Corp CTSH:US,purchase,2026-03-23,2026-04-09,1K–15K,1001,15000,8000.5,capitol_trades
ef33cb03565774a0d89b,2026-04-17T00:12:39Z,Ro Khanna,house,VICI,VICI Properties Inc VICI:US,purchase,2026-03-23,2026-04-09,1K–15K,1001,15000,8000.5,capitol_trades
ed3eb945175310bd31a9,2026-04-17T00:12:39Z,Ro Khanna,house,DIS,The Walt Disney Co DIS:US,purchase,2026-03-23,2026-04-09,1K–15K,1001,15000,8000.5,capitol_trades
839c8145a3631c118662,2026-04-17T00:12:39Z,Ro Khanna,house,RIO,Rio Tinto Group RIO:US,purchase,2026-03-13,2026-04-09,1K–15K,1001,15000,8000.5,capitol_trades
fc4b727957781a5e9195,2026-04-17T00:12:39Z,Ro Khanna,house,COF,Capital One Financial Corp COF:US,purchase,2026-03-23,2026-04-09,1K–15K,1001,15000,8000.5,capitol_trades
708ff55e164b00fe8a38,2026-04-17T00:12:39Z,Ro Khanna,house,ADSK,AUTODESK Inc ADSK:US,purchase,2026-03-23,2026-04-09,1K–15K,1001,15000,8000.5,capitol_trades
cb3a44f0949e00b768ba,2026-04-17T00:12:39Z,Ro Khanna,house,AXP,American Express Co AXP:US,purchase,2026-03-23,2026-04-09,1K–15K,1001,15000,8000.5,capitol_trades
6c137f22be0261256b71,2026-04-17T00:12:39Z,Ro Khanna,house,WFC,Wells Fargo & Co WFC:US,purchase,2026-03-23,2026-04-09,1K–15K,1001,15000,8000.5,capitol_trades
6583d9ae8063d7b1d28f,2026-04-17T00:12:39Z,Ro Khanna,house,WM,Waste Management Inc WM:US,purchase,2026-03-23,2026-04-09,1K–15K,1001,15000,8000.5,capitol_trades
a9e6d21be1518b8fa8be,2026-04-17T00:12:39Z,Ro Khanna,house,BR,Broadridge Financial Solutions Inc BR:US,purchase,2026-03-23,2026-04-09,1K–15K,1001,15000,8000.5,capitol_trades
ce95d0d142c97fe62004,2026-04-17T00:12:39Z,Ro Khanna,house,AFLAC,AFLAC Inc AFL:US,purchase,2026-03-23,2026-04-09,1K–15K,1001,15000,8000.5,capitol_trades
1ae2d20ff93c0856be33,2026-04-17T00:12:39Z,Ro Khanna,house,FDS,FactSet Research Systems Inc FDS:US,purchase,2026-03-23,2026-04-09,1K–15K,1001,15000,8000.5,capitol_trades
28b1c84cd31349cdc32c,2026-04-17T00:12:39Z,Ro Khanna,house,GPN,GLOBAL PAYMENTS Inc GPN:US,purchase,2026-03-23,2026-04-09,1K–15K,1001,15000,8000.5,capitol_trades
7b655ef9d5bbbc95a096,2026-04-17T00:12:39Z,Ro Khanna,house,SQ,Block Inc SQ:US,purchase,2026-03-23,2026-04-09,1K–15K,1001,15000,8000.5,capitol_trades
6790dc24069a93d7497f,2026-04-17T00:12:39Z,Ro Khanna,house,VRSK,VERISK ANALYTICS Inc VRSK:US,purchase,2026-03-23,2026-04-09,1K–15K,1001,15000,8000.5,capitol_trades
4118dff9805f22e8cd34,2026-04-17T00:12:39Z,Ro Khanna,house,CSGP,CoStar Group Inc CSGP:US,purchase,2026-03-23,2026-04-09,1K–15K,1001,15000,8000.5,capitol_trades
df76043b02252e5e99ad,2026-04-17T00:12:39Z,Ro Khanna,house,W,Berkley (W.R.) Corp WRB:US,purchase,2026-03-23,2026-04-09,1K–15K,1001,15000,8000.5,capitol_trades
928495df81fe2c11d0d6,2026-04-17T00:12:39Z,Ro Khanna,house,EW,Edwards Lifesciences Corp EW:US,purchase,2026-03-23,2026-04-09,1K–15K,1001,15000,8000.5,capitol_trades
674d5b1816f5bed50f74,2026-04-17T00:12:39Z,Ro Khanna,house,WDAY,Workday Inc WDAY:US,purchase,2026-03-23,2026-04-09,1K–15K,1001,15000,8000.5,capitol_trades
8e39c041ca90c1ed1775,2026-04-17T00:12:39Z,Ro Khanna,house,JPM,JPMorgan Chase & Co JPM:US,purchase,2026-03-23,2026-04-09,1K–15K,1001,15000,8000.5,capitol_trades
9fff50a570db2dab9b14,2026-04-17T00:12:39Z,Ro Khanna,house,MCO,Moody's Corp. MCO:US,purchase,2026-03-23,2026-04-09,1K–15K,1001,15000,8000.5,capitol_trades
072d60d60d5252263f3b,2026-04-17T00:12:39Z,Ro Khanna,house,SNPS,Synopsys Inc SNPS:US,purchase,2026-03-23,2026-04-09,1K–15K,1001,15000,8000.5,capitol_trades
133bfc779dfbe04b4779,2026-04-17T00:12:39Z,Ro Khanna,house,IP,International Paper Co IP:US,purchase,2026-03-23,2026-04-09,1K–15K,1001,15000,8000.5,capitol_trades
a660794ccb59857477e3,2026-04-17T00:12:39Z,Ro Khanna,house,ESS,Essex Property Trust Inc ESS:US,purchase,2026-03-23,2026-04-09,1K–15K,1001,15000,8000.5,capitol_trades
07755808768b4054a9a6,2026-04-17T00:12:39Z,Ro Khanna,house,VRSN,Verisign Inc VRSN:US,purchase,2026-03-23,2026-04-09,1K–15K,1001,15000,8000.5,capitol_trades
9b39502b1f30de6d503c,2026-04-17T00:12:39Z,Ro Khanna,house,AMP,Ameriprise Financial Inc AMP:US,purchase,2026-03-23,2026-04-09,1K–15K,1001,15000,8000.5,capitol_trades
933d3dd7e4712ea4db2e,2026-04-17T00:12:39Z,Ro Khanna,house,A,Novo Nordisk A/S NVO:US,purchase,2026-03-13,2026-04-09,1K–15K,1001,15000,8000.5,capitol_trades
418608860f188045a37d,2026-04-17T00:12:39Z,Ro Khanna,house,TYL,Tyler Technologies Inc TYL:US,purchase,2026-03-23,2026-04-09,1K–15K,1001,15000,8000.5,capitol_trades
6ac4fcd1a550aa5b3087,2026-04-17T00:12:39Z,Ro Khanna,house,D,D.R. Horton Inc DHI:US,purchase,2026-03-23,2026-04-09,1K–15K,1001,15000,8000.5,capitol_trades
9c29a3a4c4b2b7d06293,2026-04-17T00:12:39Z,Ro Khanna,house,SBA,SBA Communications Corp SBAC:US,purchase,2026-03-23,2026-04-09,1K–15K,1001,15000,8000.5,capitol_trades
fa97989f39394cd16d49,2026-04-17T00:12:39Z,Ro Khanna,house,CBRE,CBRE Group Inc CBRE:US,purchase,2026-03-23,2026-04-09,1K–15K,1001,15000,8000.5,capitol_trades
b1442819a719512c24c0,2026-04-17T00:12:39Z,Ro Khanna,house,HIG,The Hartford Financial Services Group Inc HIG:US,purchase,2026-03-23,2026-04-09,1K–15K,1001,15000,8000.5,capitol_trades
c9b6445ca0fa2652fbef,2026-04-17T00:12:39Z,Ro Khanna,house,HUM,Humana Inc HUM:US,purchase,2026-03-23,2026-04-09,1K–15K,1001,15000,8000.5,capitol_trades
23569fa07385fed945e7,2026-04-17T00:12:39Z,Ro Khanna,house,TJX,The TJX Companies Inc TJX:US,purchase,2026-03-23,2026-04-09,1K–15K,1001,15000,8000.5,capitol_trades
a287a8491420d5f8b3bf,2026-04-17T00:12:39Z,Ro Khanna,house,BDX,Becton Dickinson and Co BDX:US,purchase,2026-03-23,2026-04-09,1K–15K,1001,15000,8000.5,capitol_trades
60d9a191e2e86df70d2c,2026-04-17T00:12:39Z,Ro Khanna,house,MCD,McDonald's Corp MCD:US,purchase,2026-03-23,2026-04-09,1K–15K,1001,15000,8000.5,capitol_trades
59586538846f8a4a29d2,2026-04-17T00:12:39Z,Ro Khanna,house,INTC,Intel Corp INTC:US,purchase,2026-03-23,2026-04-09,1K–15K,1001,15000,8000.5,capitol_trades
06e31707ce3d607e7923,2026-04-17T00:12:39Z,Ro Khanna,house,LW,Lamb Weston Holdings Inc LW:US,purchase,2026-03-23,2026-04-09,1K–15K,1001,15000,8000.5,capitol_trades
36349ae616bbf89db01a,2026-04-17T00:12:39Z,Ro Khanna,house,GPC,Genuine Parts Co GPC:US,purchase,2026-03-23,2026-04-09,1K–15K,1001,15000,8000.5,capitol_trades
b0eb25bd850f4edd8d5c,2026-04-17T00:12:39Z,Ro Khanna,house,PEAK,Healthpeak Properties Inc PEAK:US,purchase,2026-03-23,2026-04-09,1K–15K,1001,15000,8000.5,capitol_trades
b88f69f70d2647491546,2026-04-17T00:12:39Z,Ro Khanna,house,CVNA,Carvana Co CVNA:US,purchase,2026-03-23,2026-04-09,1K–15K,1001,15000,8000.5,capitol_trades
faf85d564fda696f67b7,2026-04-17T00:12:39Z,Ro Khanna,house,TTD,The Trade Desk Inc TTD:US,purchase,2026-03-23,2026-04-09,1K–15K,1001,15000,8000.5,capitol_trades
f9aa3c985aca77beee5a,2026-04-17T00:12:39Z,Ro Khanna,house,MOS,The Mosaic Company MOS:US,purchase,2026-03-23,2026-04-09,1K–15K,1001,15000,8000.5,capitol_trades
4f7e9fdb0ddbb017484f,2026-04-17T00:12:39Z,Ro Khanna,house,KHC,The Kraft Heinz Co KHC:US,purchase,2026-03-23,2026-04-09,1K–15K,1001,15000,8000.5,capitol_trades
1bb39b62a31f4cc25183,2026-04-17T00:12:39Z,Ro Khanna,house,FLT,FleetCor Technologies Inc FLT:US,purchase,2026-03-23,2026-04-09,1K–15K,1001,15000,8000.5,capitol_trades
e85e6c3ee8e28cd21eb7,2026-04-17T00:12:39Z,Ro Khanna,house,ROL,ROLLINS Inc ROL:US,purchase,2026-03-23,2026-04-09,1K–15K,1001,15000,8000.5,capitol_trades
c5fffa03b464ba81f710,2026-04-17T00:12:39Z,Ro Khanna,house,APD,Air Products and Chemicals Inc APD:US,purchase,2026-03-23,2026-04-09,1K–15K,1001,15000,8000.5,capitol_trades
34949921f71a16554e06,2026-04-17T00:12:39Z,Ro Khanna,house,MSCI,MSCI Inc MSCI:US,purchase,2026-03-23,2026-04-09,1K–15K,1001,15000,8000.5,capitol_trades
3d6269a30037b3bd0e65,2026-04-17T00:12:39Z,Ro Khanna,house,ECL,Ecolab Inc ECL:US,purchase,2026-03-23,2026-04-09,1K–15K,1001,15000,8000.5,capitol_trades
fdc54bcafc973be13010,2026-04-17T00:12:39Z,Ro Khanna,house,VRTX,Vertex Pharmaceuticals Inc VRTX:US,purchase,2026-03-23,2026-04-09,1K–15K,1001,15000,8000.5,capitol_trades
ede9f6d702a96050999e,2026-04-17T00:12:39Z,Ro Khanna,house,CBOE,CBOE MINI SPX INDEX XSP:US,purchase,2026-03-30,2026-04-09,1K–15K,1001,15000,8000.5,capitol_trades
46bc9b364528751c8a61,2026-04-17T00:12:39Z,Ro Khanna,house,SE,TotalEnergies SE TTE:US,purchase,2026-03-13,2026-04-09,1K–15K,1001,15000,8000.5,capitol_trades
25e6c4bc33ef07726de2,2026-04-17T00:12:39Z,Ro Khanna,house,CBOE,CBOE MINI SPX INDEX XSP:US,purchase,2026-03-19,2026-04-09,1K–15K,1001,15000,8000.5,capitol_trades
c03df566751c944b44cf,2026-04-17T00:12:39Z,Ro Khanna,house,CBOE,CBOE MINI SPX INDEX XSP:US,sale,2026-03-30,2026-04-09,1K–15K,1001,15000,8000.5,capitol_trades
b6bc96039d3261ba468e,2026-04-17T00:12:39Z,Ro Khanna,house,CBOE,CBOE MINI SPX INDEX XSP:US,sale,2026-03-19,2026-04-09,1K–15K,1001,15000,8000.5,capitol_trades
b14808d35858d76ac7f4,2026-04-17T00:12:39Z,Ro Khanna,house,CBOE,CBOE MINI SPX INDEX XSP:US,sale,2026-03-06,2026-04-09,1K–15K,1001,15000,8000.5,capitol_trades
a40f87f048250e4c1ffb,2026-04-17T00:12:39Z,Ro Khanna,house,V,Visa Inc V:US,sale,2026-03-23,2026-04-09,15K–50K,15001,50000,32500.5,capitol_trades
b98d4bba56fbeecd903f,2026-04-17T00:12:39Z,Ro Khanna,house,MA,Mastercard Inc MA:US,sale,2026-03-23,2026-04-09,15K–50K,15001,50000,32500.5,capitol_trades
7cb52a3a4cb7a2b7c6a0,2026-04-17T00:12:39Z,Ro Khanna,house,IBM,International Business Machines Corp IBM:US,sale,2026-03-23,2026-04-09,15K–50K,15001,50000,32500.5,capitol_trades
4ae2d7b046b36f9f0198,2026-04-17T00:12:41Z,Ro Khanna,house,FISV,Fiserv Inc FISV:US,sale,2026-03-23,2026-04-09,15K–50K,15001,50000,32500.5,capitol_trades
0e38d68d662e25789c8f,2026-04-17T00:12:41Z,Ro Khanna,house,BRK,Berkshire Hathaway Inc BRK/B:US,sale,2026-03-23,2026-04-09,15K–50K,15001,50000,32500.5,capitol_trades
d5a3f107081874c637b2,2026-04-17T00:12:41Z,Ro Khanna,house,MRSH,Marsh & McLennan Companies Inc MRSH:US,sale,2026-03-23,2026-04-09,15K–50K,15001,50000,32500.5,capitol_trades
117a759fd346d9dfe043,2026-04-17T00:12:41Z,Ro Khanna,house,ORCL,Oracle Corp ORCL:US,sale,2026-03-23,2026-04-09,15K–50K,15001,50000,32500.5,capitol_trades
b5b3473db83932aa1167,2026-04-17T00:12:41Z,Ro Khanna,house,BSX,Boston Scientific Corp BSX:US,sale,2026-03-23,2026-04-09,15K–50K,15001,50000,32500.5,capitol_trades
dd479c759acf68ab215d,2026-04-17T00:12:41Z,Ro Khanna,house,ADBE,Adobe Inc ADBE:US,sale,2026-03-23,2026-04-09,15K–50K,15001,50000,32500.5,capitol_trades
14b97dc767536a65f8b1,2026-04-17T00:12:41Z,Ro Khanna,house,SYK,Stryker Corp SYK:US,sale,2026-03-23,2026-04-09,15K–50K,15001,50000,32500.5,capitol_trades
3313bbbbbbcc65b84600,2026-04-17T00:12:41Z,Ro Khanna,house,PAYX,Paychex Inc PAYX:US,sale,2026-03-23,2026-04-09,15K–50K,15001,50000,32500.5,capitol_trades
5b11dd0acb044893aa61,2026-04-17T00:12:41Z,Ro Khanna,house,LOW,Lowe's Cos Inc LOW:US,sale,2026-03-23,2026-04-09,15K–50K,15001,50000,32500.5,capitol_trades
55f85a11378aeb2d6d8f,2026-04-17T00:12:41Z,Ro Khanna,house,UDR,UDR Inc UDR:US,sale,2026-03-23,2026-04-09,15K–50K,15001,50000,32500.5,capitol_trades
4435dacd44de6ca0c979,2026-04-17T00:12:41Z,Ro Khanna,house,O,O'Reilly Automotive Inc ORLY:US,sale,2026-03-23,2026-04-09,15K–50K,15001,50000,32500.5,capitol_trades
c0e71a04929550707d83,2026-04-17T00:12:41Z,Ro Khanna,house,MAA,Mid-America Apartment Communities Inc MAA:US,sale,2026-03-23,2026-04-09,15K–50K,15001,50000,32500.5,capitol_trades
68108d0d1ec59e5bb09e,2026-04-17T00:12:41Z,Ro Khanna,house,WDC,Western Digital Corp WDC:US,sale,2026-03-23,2026-04-09,1K–15K,1001,15000,8000.5,capitol_trades
0ffc61bb99f6bdf8f37f,2026-04-17T00:12:41Z,Ro Khanna,house,BAC,Bank of America Corp BAC:US,sale,2026-03-23,2026-04-09,1K–15K,1001,15000,8000.5,capitol_trades
32d74246d76a15924b55,2026-04-17T00:12:41Z,Ro Khanna,house,CMG,Chipotle Mexican Grill Inc CMG:US,sale,2026-03-23,2026-04-09,1K–15K,1001,15000,8000.5,capitol_trades
d8e12a3b380ce70a05fe,2026-04-17T00:12:41Z,Ro Khanna,house,SHW,The Sherwin-Williams Co SHW:US,sale,2026-03-23,2026-04-09,1K–15K,1001,15000,8000.5,capitol_trades
316e03f3b5623761423d,2026-04-17T00:12:41Z,Ro Khanna,house,CRWD,CrowdStrike Holdings Inc CRWD:US,sale,2026-03-23,2026-04-09,1K–15K,1001,15000,8000.5,capitol_trades
e87e2fff1a5e3e2e36cf,2026-04-17T00:12:41Z,Ro Khanna,house,FICO,Fair Isaac Corporation FICO:US,sale,2026-03-23,2026-04-09,1K–15K,1001,15000,8000.5,capitol_trades
f4e4a7e688ec9cacde63,2026-04-17T00:12:41Z,Ro Khanna,house,KLA,KLA Corp KLAC:US,sale,2026-03-23,2026-04-09,1K–15K,1001,15000,8000.5,capitol_trades
60e939bc49cfe67afe9b,2026-04-17T00:12:41Z,Ro Khanna,house,LULU,Lululemon Athletica Inc LULU:US,sale,2026-03-23,2026-04-09,1K–15K,1001,15000,8000.5,capitol_trades
926e545580234b7f70e1,2026-04-17T00:12:41Z,Ro Khanna,house,PM,Philip Morris International Inc PM:US,sale,2026-03-23,2026-04-09,1K–15K,1001,15000,8000.5,capitol_trades
e32a182dc2b8f2b65ae1,2026-04-17T00:12:41Z,Ro Khanna,house,AT,AT&T Inc T:US,sale,2026-03-23,2026-04-09,1K–15K,1001,15000,8000.5,capitol_trades
6484d77407ddcb383eff,2026-04-17T00:12:41Z,Ro Khanna,house,PGR,The Progressive Corp PGR:US,sale,2026-03-23,2026-04-09,1K–15K,1001,15000,8000.5,capitol_trades
bc481e718fa99a9a2a18,2026-04-17T00:12:41Z,Ro Khanna,house,MCK,McKesson Corp MCK:US,sale,2026-03-23,2026-04-09,1K–15K,1001,15000,8000.5,capitol_trades
035b7c01aaaddbc04813,2026-04-17T00:12:41Z,Ro Khanna,house,FTNT,Fortinet Inc FTNT:US,sale,2026-03-23,2026-04-09,1K–15K,1001,15000,8000.5,capitol_trades
2e47f647a4b9db4e99e3,2026-04-17T00:12:41Z,Ro Khanna,house,MET,Metlife Inc MET:US,sale,2026-03-23,2026-04-09,1K–15K,1001,15000,8000.5,capitol_trades
60dda10ea2a4eeb207b7,2026-04-17T00:12:41Z,Ro Khanna,house,PSA,Public Storage PSA:US,sale,2026-03-23,2026-04-09,1K–15K,1001,15000,8000.5,capitol_trades
29d13af756ce5b78c8a5,2026-04-17T00:12:41Z,Ro Khanna,house,MNST,Monster Beverage Corp MNST:US,sale,2026-03-23,2026-04-09,1K–15K,1001,15000,8000.5,capitol_trades
d8e0b1b3c8fb9e96ba44,2026-04-17T00:12:41Z,Ro Khanna,house,NV,Koninklijke Ahold Delhaize NV ADRNY:US,sale,2026-03-13,2026-04-09,1K–15K,1001,15000,8000.5,capitol_trades
38ecce5f02dc366ff4f6,2026-04-17T00:12:41Z,Ro Khanna,house,TSCO,Tractor Supply Co TSCO:US,sale,2026-03-23,2026-04-09,1K–15K,1001,15000,8000.5,capitol_trades
cdf6a3f69275b3375ced,2026-04-17T00:12:41Z,Ro Khanna,house,DASH,DoorDash Inc DASH:US,sale,2026-03-23,2026-04-09,1K–15K,1001,15000,8000.5,capitol_trades
13a76be58fea809e7cc1,2026-04-17T00:12:41Z,Ro Khanna,house,ERIE,Erie Indemnity Co ERIE:US,sale,2026-03-23,2026-04-09,1K–15K,1001,15000,8000.5,capitol_trades
3fe6d067b9e02ca7748d,2026-04-17T00:12:41Z,Ro Khanna,house,SBUX,Starbucks Corp SBUX:US,sale,2026-03-23,2026-04-09,1K–15K,1001,15000,8000.5,capitol_trades
d342b4bfcb5eb2151750,2026-04-17T00:12:41Z,Ro Khanna,house,EQR,Equity Residential EQR:US,sale,2026-03-23,2026-04-09,1K–15K,1001,15000,8000.5,capitol_trades
3d0f2bbd0f07f9aece7f,2026-04-17T00:12:41Z,Ro Khanna,house,CHTR,Charter Communications Inc CHTR:US,sale,2026-03-23,2026-04-09,1K–15K,1001,15000,8000.5,capitol_trades
5bb8f327fcc06a2c6be6,2026-04-17T00:12:41Z,Ro Khanna,house,CTAS,Cintas Corp CTAS:US,sale,2026-03-23,2026-04-09,1K–15K,1001,15000,8000.5,capitol_trades
c14a1fc9280e63a6cf01,2026-04-17T00:12:41Z,Ro Khanna,house,WY,Weyerhaeuser Co WY:US,sale,2026-03-23,2026-04-09,1K–15K,1001,15000,8000.5,capitol_trades
46f824ef971c3411db09,2026-04-17T00:12:41Z,Ro Khanna,house,ZBH,Zimmer Biomet Holdings Inc ZBH:US,sale,2026-03-23,2026-04-09,1K–15K,1001,15000,8000.5,capitol_trades
0ae450edc5a40fd75196,2026-04-17T00:12:41Z,Ro Khanna,house,PLC,Medtronic PLC MDT:US,sale,2026-03-23,2026-04-09,1K–15K,1001,15000,8000.5,capitol_trades
912bb1703978e4951f49,2026-04-17T00:12:41Z,Ro Khanna,house,SA,"Iberdrola SA, Bilbao IBDRY:US",sale,2026-03-13,2026-04-09,1K–15K,1001,15000,8000.5,capitol_trades
5b74961832031e33d953,2026-04-17T00:12:41Z,Ro Khanna,house,GDDY,GoDaddy Inc GDDY:US,sale,2026-03-23,2026-04-09,1K–15K,1001,15000,8000.5,capitol_trades
7cd26a36471542861cdf,2026-04-17T00:12:41Z,Ro Khanna,house,ARE,Alexandria Real Estate Equities Inc ARE:US,sale,2026-03-23,2026-04-09,1K–15K,1001,15000,8000.5,capitol_trades
dfb8874b4aadf195115c,2026-04-17T00:12:41Z,Ro Khanna,house,MLM,Martin Marietta Materials Inc MLM:US,sale,2026-03-23,2026-04-09,1K–15K,1001,15000,8000.5,capitol_trades
acdd1f8416ada2978ae2,2026-04-17T00:12:41Z,Ro Khanna,house,GEN,NortonLifeLock Inc GEN:US,sale,2026-03-23,2026-04-09,1K–15K,1001,15000,8000.5,capitol_trades
6b2cbb8f1052a04d4511,2026-04-17T00:12:41Z,Ro Khanna,house,L,"Enel Ente Nazionale Per L'Energia Elettrica SPA, Roma ENLAY:US",sale,2026-03-13,2026-04-09,1K–15K,1001,15000,8000.5,capitol_trades
d1207df10df3c4e6616f,2026-04-17T00:12:41Z,Ro Khanna,house,T,T. Rowe Price Group Inc TROW:US,sale,2026-03-23,2026-04-09,1K–15K,1001,15000,8000.5,capitol_trades
08532078d21da2667dc5,2026-04-17T00:12:41Z,Ro Khanna,house,PG,The Procter & Gamble Co PG:US,sale,2026-03-23,2026-04-09,1K–15K,1001,15000,8000.5,capitol_trades
f332ddc847efbc378b3f,2026-04-17T00:12:41Z,Ro Khanna,house,NEM,Newmont Corporation NEM:US,sale,2026-03-23,2026-04-09,1K–15K,1001,15000,8000.5,capitol_trades
ca0e9d032c346e59a8f0,2026-04-17T00:12:41Z,Ro Khanna,house,ABB,ABB Ltd ABB:US,sale,2026-03-13,2026-04-09,1K–15K,1001,15000,8000.5,capitol_trades
be6b183a4d9965048184,2026-04-17T00:12:41Z,Ro Khanna,house,NKE,Nike Inc NKE:US,sale,2026-03-23,2026-04-09,1K–15K,1001,15000,8000.5,capitol_trades
1e9f013237b51c0ce80f,2026-04-17T00:12:41Z,Ro Khanna,house,AXAHY,"Axa, Paris AXAHY:US",sale,2026-03-13,2026-04-09,1K–15K,1001,15000,8000.5,capitol_trades
499e21f52a9633cd8a88,2026-04-17T00:12:41Z,Ro Khanna,house,PODD,Insulet Corp PODD:US,sale,2026-03-23,2026-04-09,1K–15K,1001,15000,8000.5,capitol_trades
73930061d01dfb13ca4f,2026-04-17T00:12:41Z,Ro Khanna,house,EXR,Extra Space Storage Inc EXR:US,sale,2026-03-23,2026-04-09,1K–15K,1001,15000,8000.5,capitol_trades
f0ba3af6cf2a208f24ca,2026-04-17T00:12:41Z,Ro Khanna,house,PLC,Compass Group PLC CMPGY:US,sale,2026-03-13,2026-04-09,1K–15K,1001,15000,8000.5,capitol_trades
c3d044d80f180da0ca16,2026-04-17T00:12:41Z,Ro Khanna,house,AVB,AvalonBay Communities Inc AVB:US,sale,2026-03-23,2026-04-09,1K–15K,1001,15000,8000.5,capitol_trades
b78bc03382ad715fba8b,2026-04-17T00:12:41Z,Ro Khanna,house,BEN,Franklin Resources Inc BEN:US,sale,2026-03-23,2026-04-09,1K–15K,1001,15000,8000.5,capitol_trades
ade695d9ffbe37d06bd6,2026-04-17T00:12:41Z,Ro Khanna,house,COR,Cencora Inc COR:US,sale,2026-03-23,2026-04-09,1K–15K,1001,15000,8000.5,capitol_trades
418ef2492c0d274cc2fe,2026-04-17T00:12:41Z,Ro Khanna,house,DELL,Dell Technologies Inc DELL:US,sale,2026-03-23,2026-04-09,1K–15K,1001,15000,8000.5,capitol_trades
cc038e5487cd408223dd,2026-04-17T00:12:41Z,Ro Khanna,house,TFC,Truist Financial Corp TFC:US,sale,2026-03-23,2026-04-09,1K–15K,1001,15000,8000.5,capitol_trades
5a309972a496c7d1b5a8,2026-04-17T00:12:41Z,Ro Khanna,house,DECK,Deckers Outdoor Corp DECK:US,sale,2026-03-23,2026-04-09,1K–15K,1001,15000,8000.5,capitol_trades
518208298590b15f550b,2026-04-17T00:12:41Z,Ro Khanna,house,POOL,Pool Corp POOL:US,sale,2026-03-23,2026-04-09,1K–15K,1001,15000,8000.5,capitol_trades
55aa00e42a220208e4cc,2026-04-17T00:12:41Z,Ro Khanna,house,NTAP,NetApp Inc NTAP:US,sale,2026-03-23,2026-04-09,1K–15K,1001,15000,8000.5,capitol_trades
9abfbb8a088f020b13fa,2026-04-17T00:12:41Z,Ro Khanna,house,FTV,Fortive Corp FTV:US,sale,2026-03-23,2026-04-09,1K–15K,1001,15000,8000.5,capitol_trades
d2ff6784c27b23b2a886,2026-04-17T00:12:41Z,Ro Khanna,house,DXCM,DexCom Inc DXCM:US,sale,2026-03-23,2026-04-09,1K–15K,1001,15000,8000.5,capitol_trades
ce37858f47d47aae653b,2026-04-17T00:12:41Z,Ro Khanna,house,DRI,Darden Restaurants Inc DRI:US,sale,2026-03-23,2026-04-09,1K–15K,1001,15000,8000.5,capitol_trades
1d5f896f2813bd9cbf16,2026-04-17T00:12:41Z,Ro Khanna,house,COIN,Coinbase Global Inc COIN:US,sale,2026-03-23,2026-04-09,1K–15K,1001,15000,8000.5,capitol_trades
93e4526a870253a68f61,2026-04-17T00:12:41Z,Ro Khanna,house,CPT,Camden Property Trust CPT:US,sale,2026-03-23,2026-04-09,1K–15K,1001,15000,8000.5,capitol_trades
b18b61fce9aab7fbedff,2026-04-17T00:12:41Z,Ro Khanna,house,ZTS,Zoetis Inc ZTS:US,sale,2026-03-23,2026-04-09,1K–15K,1001,15000,8000.5,capitol_trades
634fae29ee01d9354928,2026-04-17T00:12:41Z,Ro Khanna,house,GE,GE HEALTHCARE TECHNOLOGI INC GEHC:US,sale,2026-03-23,2026-04-09,1K–15K,1001,15000,8000.5,capitol_trades
a3151b20b053aee023a4,2026-04-17T00:12:41Z,Ro Khanna,house,DHR,Danaher Corp DHR:US,sale,2026-03-23,2026-04-09,1K–15K,1001,15000,8000.5,capitol_trades
f25f43e1bd59c76998ba,2026-04-17T00:12:41Z,Ro Khanna,house,A,Agilent Technologies Inc A:US,sale,2026-03-23,2026-04-09,1K–15K,1001,15000,8000.5,capitol_trades
2814877b934d9de6a5ec,2026-04-17T00:12:41Z,Ro Khanna,house,WSM,Williams-Sonoma Inc WSM:US,sale,2026-03-23,2026-04-09,1K–15K,1001,15000,8000.5,capitol_trades
f34a60fcf2af95a1813a,2026-04-17T00:12:41Z,Ro Khanna,house,EPAM,EPAM Systems Inc EPAM:US,sale,2026-03-23,2026-04-09,1K–15K,1001,15000,8000.5,capitol_trades
02e5c2b2aa21d7094099,2026-04-17T00:12:41Z,Ro Khanna,house,BRO,Brown & Brown Inc BRO:US,sale,2026-03-23,2026-04-09,1K–15K,1001,15000,8000.5,capitol_trades
58ec35286e87d25c2bff,2026-04-17T00:12:41Z,Ro Khanna,house,AG,Siemens AG SIEGY:US,sale,2026-03-13,2026-04-09,1K–15K,1001,15000,8000.5,capitol_trades
b2e1292ad8d1fcb998a9,2026-04-17T00:12:41Z,Ro Khanna,house,ING,ING Groep NV ING:US,sale,2026-03-13,2026-04-09,1K–15K,1001,15000,8000.5,capitol_trades
be0fcce880ad9a82c3c7,2026-04-17T00:12:41Z,Ro Khanna,house,TM,Toyota Motor Corp TM:US,sale,2026-03-13,2026-04-09,1K–15K,1001,15000,8000.5,capitol_trades
f136f91a734229c7feec,2026-04-17T00:12:41Z,Ro Khanna,house,LEN,Lennar Corp LEN:US,sale,2026-03-23,2026-04-09,1K–15K,1001,15000,8000.5,capitol_trades
6bc09d71b8d55c43e2a2,2026-04-17T00:12:41Z,Ro Khanna,house,SUPER,SUPER MICRO COMPUTER INC SMCI:US,sale,2026-03-23,2026-04-09,1K–15K,1001,15000,8000.5,capitol_trades
3946f272d2b1a2102ebb,2026-04-17T00:12:41Z,Ro Khanna,house,RMD,Resmed Inc RMD:US,sale,2026-03-23,2026-04-09,1K–15K,1001,15000,8000.5,capitol_trades
9c6ee594747426f4a912,2026-04-17T00:12:41Z,Ro Khanna,house,INTU,Intuit Inc INTU:US,sale,2026-03-23,2026-04-09,1K–15K,1001,15000,8000.5,capitol_trades
9048e87dff8112eb18cd,2026-04-17T00:12:41Z,Ro Khanna,house,ZBRA,Zebra Technologies Corp ZBRA:US,sale,2026-03-23,2026-04-09,1K–15K,1001,15000,8000.5,capitol_trades
8b901b057e6b57b99a94,2026-04-17T00:12:41Z,Ro Khanna,house,SMFG,Sumitomo Mitsui Financial Group Inc SMFG:US,sale,2026-03-13,2026-04-09,1K–15K,1001,15000,8000.5,capitol_trades
9507972190ffc2fd76c7,2026-04-17T00:12:41Z,Ro Khanna,house,TSM,Taiwan Semiconductor Manufacturing Co Ltd TSM:US,sale,2026-03-13,2026-04-09,1K–15K,1001,15000,8000.5,capitol_trades
7d47a8995ef65772d515,2026-04-17T00:12:41Z,Ro Khanna,house,GROUP,3I GROUP PLC III:LN,sale,2026-03-13,2026-04-09,1K–15K,1001,15000,8000.5,capitol_trades
fabe06ae23ec73fe2b7b,2026-04-17T00:12:41Z,Ro Khanna,house,BMO,Bank of Montreal BMO:US,purchase,2026-03-16,2026-04-09,50K–100K,50001,100000,75000.5,capitol_trades
96ed5a6ce07447e8f9d5,2026-04-17T00:12:41Z,Ro Khanna,house,PLC,Barclays Bank PLC 8376923Z:LN,purchase,2026-03-02,2026-04-09,15K–50K,15001,50000,32500.5,capitol_trades
70df94391e257c554c7a,2026-04-17T00:12:44Z,Ro Khanna,house,BMO,Bank of Montreal BMO:US,purchase,2026-03-09,2026-04-09,15K–50K,15001,50000,32500.5,capitol_trades
f068176f2bc4ecbf1d17,2026-04-17T00:12:44Z,Ro Khanna,house,NTIOF,National Bank of Canada NTIOF:US,purchase,2026-03-04,2026-04-09,15K–50K,15001,50000,32500.5,capitol_trades
3c12c35c8c30d35cbf75,2026-04-17T00:12:44Z,Ro Khanna,house,BWX,BWX Technologies Inc BWXT:US,purchase,2026-03-19,2026-04-09,15K–50K,15001,50000,32500.5,capitol_trades
609be8560763bbe85705,2026-04-17T00:12:44Z,Ro Khanna,house,STATE,STATE OF OHIO N/A,purchase,2026-03-02,2026-04-09,15K–50K,15001,50000,32500.5,capitol_trades
c8522f8dd517ec9efcd2,2026-04-17T00:12:44Z,Ro Khanna,house,KLA,KLA Corp KLAC:US,purchase,2026-03-18,2026-04-09,15K–50K,15001,50000,32500.5,capitol_trades
15d2ca6d48fc2d8e617c,2026-04-17T00:12:44Z,Ro Khanna,house,COF,Capital One Financial Corp COF:US,purchase,2026-03-02,2026-04-09,1K–15K,1001,15000,8000.5,capitol_trades
67ee360b20fe51b24e25,2026-04-17T00:12:44Z,Ro Khanna,house,INTU,Intuit Inc INTU:US,purchase,2026-03-02,2026-04-09,1K–15K,1001,15000,8000.5,capitol_trades
35143c94ef78bcd253a0,2026-04-17T00:12:44Z,Ro Khanna,house,NEE,NextEra Energy Inc NEE:US,purchase,2026-03-19,2026-04-09,1K–15K,1001,15000,8000.5,capitol_trades
d7f4500cb5255a96ac31,2026-04-17T00:12:44Z,Ro Khanna,house,MRVL,Marvell Technology Inc MRVL:US,purchase,2026-03-18,2026-04-09,1K–15K,1001,15000,8000.5,capitol_trades
5769318cb49f53c68a64,2026-04-17T00:12:44Z,Ro Khanna,house,XEL,Xcel Energy Inc XEL:US,purchase,2026-03-19,2026-04-09,1K–15K,1001,15000,8000.5,capitol_trades
808f2b66b641265c8ddc,2026-04-17T00:12:44Z,Ro Khanna,house,J,The J M Smucker Company SJM:US,purchase,2026-03-02,2026-04-09,1K–15K,1001,15000,8000.5,capitol_trades
b04223a5207aafe0d11d,2026-04-17T00:12:44Z,Ro Khanna,house,ENE,CONSTELLATION ENE CORP CEG:US,purchase,2026-03-19,2026-04-09,1K–15K,1001,15000,8000.5,capitol_trades
124546ba338a96ccd557,2026-04-17T00:12:44Z,Ro Khanna,house,CITY,CITY OF COLLEGE STATION TEXAS N/A,purchase,2026-03-27,2026-04-09,1K–15K,1001,15000,8000.5,capitol_trades
a321be3aae45711309fe,2026-04-17T00:12:44Z,Ro Khanna,house,STATE,STATE OF OHIO N/A,sale,2026-03-23,2026-04-09,15K–50K,15001,50000,32500.5,capitol_trades
f69412ba89618a555677,2026-04-17T00:12:44Z,Ro Khanna,house,DEL,DEL VALLE INDEPENDENT SCHOOL DISTRICT N/A,sale,2026-03-26,2026-04-09,15K–50K,15001,50000,32500.5,capitol_trades
a3745e454b54dc1655e2,2026-04-17T00:12:44Z,Ro Khanna,house,HON,Honeywell International Inc HON:US,sale,2026-03-19,2026-04-09,15K–50K,15001,50000,32500.5,capitol_trades
8bddc858f3cce9a7da7f,2026-04-17T00:12:44Z,Ro Khanna,house,OHIO,OHIO WATER DEVELOPMENT AUTHORITY N/A,sale,2026-03-26,2026-04-09,15K–50K,15001,50000,32500.5,capitol_trades
5d9b8d187a263dc041f1,2026-04-17T00:12:44Z,Ro Khanna,house,CITY,CITY OF COLUMBUS OHIO N/A,sale,2026-03-26,2026-04-09,15K–50K,15001,50000,32500.5,capitol_trades
835a5caa9af427c78588,2026-04-17T00:12:44Z,Ro Khanna,house,OHIO,OHIO STATE UNIVERSITY N/A,sale,2026-03-23,2026-04-09,15K–50K,15001,50000,32500.5,capitol_trades
78a765f7a92c1ef8f57f,2026-04-17T00:12:44Z,Ro Khanna,house,STATE,STATE OF OHIO N/A,sale,2026-03-26,2026-04-09,15K–50K,15001,50000,32500.5,capitol_trades
3c54004921a99b6b1580,2026-04-17T00:12:44Z,Ro Khanna,house,ORCL,Oracle Corp ORCL:US,sale,2026-03-18,2026-04-09,1K–15K,1001,15000,8000.5,capitol_trades
350038d9c4cf454d1fa2,2026-04-17T00:12:44Z,Ro Khanna,house,CITY,CITY OF DUBLIN OHIO N/A,sale,2026-03-26,2026-04-09,1K–15K,1001,15000,8000.5,capitol_trades
c5bbcd21c4f3addfeae4,2026-04-17T00:12:44Z,Ro Khanna,house,OHIO,OHIO STATE UNIVERSITY N/A,sale,2026-03-26,2026-04-09,1K–15K,1001,15000,8000.5,capitol_trades
6ec23847ce954772d669,2026-04-17T00:12:44Z,Ro Khanna,house,STATE,STATE OF OHIO N/A,sale,2026-03-26,2026-04-09,1K–15K,1001,15000,8000.5,capitol_trades
4eaac92f811a2fcc9924,2026-04-17T00:12:44Z,Ro Khanna,house,OHIO,OHIO DEPARTMENT OF ADMINISTRATIVE SERVICES N/A,sale,2026-03-23,2026-04-09,1K–15K,1001,15000,8000.5,capitol_trades
27fe569d731a61c94720,2026-04-17T00:12:44Z,Ro Khanna,house,DDOG,Datadog Inc DDOG:US,sale,2026-03-18,2026-04-09,1K–15K,1001,15000,8000.5,capitol_trades
eb97aa58addbc9493979,2026-04-17T00:12:44Z,Ro Khanna,house,NEW,NEW MEXICO FINANCE AUTHORITY N/A,sale,2026-03-26,2026-04-09,1K–15K,1001,15000,8000.5,capitol_trades
c387b8cd5e893b55cd8e,2026-04-17T00:12:44Z,Ro Khanna,house,SACHS,GOLDMAN SACHS TAX-ADVANTAGED GLOBAL EQUITY PORTFOLIO GSKPX:US,purchase,2026-03-10,2026-04-09,50K–100K,50001,100000,75000.5,capitol_trades
bc40df0d71cf35d87590,2026-04-17T00:12:44Z,Ro Khanna,house,BOFA,BOFA FINANCE LLC N/A,purchase,2026-03-02,2026-04-09,500K–1M,500001,1000000,750000.5,capitol_trades
eecc76f68747e4823879,2026-04-17T00:12:44Z,Ro Khanna,house,NVDA,NVIDIA Corporation NVDA:US,sale,2026-03-16,2026-04-09,1K–15K,1001,15000,8000.5,capitol_trades
dee8b3e9a937d50ffe23,2026-04-17T00:12:44Z,Ro Khanna,house,AVGO,Broadcom Inc AVGO:US,sale,2026-03-16,2026-04-09,1K–15K,1001,15000,8000.5,capitol_trades
defebfcd68b79186a16d,2026-04-17T00:12:44Z,Ro Khanna,house,AMD,Advanced Micro Devices Inc AMD:US,sale,2026-03-16,2026-04-09,1K–15K,1001,15000,8000.5,capitol_trades
be20ce1664554a2fd65d,2026-04-17T00:12:44Z,Ro Khanna,house,MSFT,Microsoft Corp MSFT:US,sale,2026-03-16,2026-04-09,1K–15K,1001,15000,8000.5,capitol_trades
6b92ab4639cb2fe30761,2026-04-17T00:12:44Z,Ro Khanna,house,PLTR,Palantir Technologies Inc PLTR:US,sale,2026-03-16,2026-04-09,1K–15K,1001,15000,8000.5,capitol_trades
8c03f4090a3ddb378a32,2026-04-17T00:12:44Z,Ro Khanna,house,HD,The Home Depot Inc HD:US,sale,2026-03-20,2026-04-09,1K–15K,1001,15000,8000.5,capitol_trades
3328a364ad1a857da784,2026-04-17T00:12:44Z,Ro Khanna,house,INFY,Infosys Ltd INFY:US,purchase,2026-03-20,2026-04-09,1K–15K,1001,15000,8000.5,capitol_trades
e82eab3f87860d2c5474,2026-04-17T00:12:44Z,Ro Khanna,house,MA,Mastercard Inc MA:US,sale,2026-03-20,2026-04-09,1K–15K,1001,15000,8000.5,capitol_trades
8398ea69e931de9fab80,2026-04-17T00:12:44Z,Ro Khanna,house,NFLX,Netflix Inc NFLX:US,purchase,2026-03-20,2026-04-09,1K–15K,1001,15000,8000.5,capitol_trades
e3d05e82315b83afafd3,2026-04-17T00:12:44Z,Ro Khanna,house,BANK,BANK CENTRAL ASIA TBK (PT) N/A,purchase,2026-03-20,2026-04-09,1K–15K,1001,15000,8000.5,capitol_trades
7e3d123caf64da46d0c7,2026-04-17T00:12:44Z,Ro Khanna,house,PG,The Procter & Gamble Co PG:US,sale,2026-03-20,2026-04-09,1K–15K,1001,15000,8000.5,capitol_trades
6467b306fe99378618d3,2026-04-17T00:12:44Z,Ro Khanna,house,UNH,Unitedhealth Group Inc UNH:US,sale,2026-03-20,2026-04-09,1K–15K,1001,15000,8000.5,capitol_trades
ba19dd2334798c281260,2026-04-17T00:12:44Z,Ro Khanna,house,PM,Philip Morris International Inc PM:US,sale,2026-03-20,2026-04-09,1K–15K,1001,15000,8000.5,capitol_trades
8d6010c33a138a1fdb98,2026-04-17T00:12:44Z,Ro Khanna,house,CRM,salesforce.com Inc CRM:US,sale,2026-03-20,2026-04-09,1K–15K,1001,15000,8000.5,capitol_trades
149da584daf9093f5697,2026-04-17T00:12:44Z,Ro Khanna,house,NVR,NVR Inc NVR:US,purchase,2026-03-20,2026-04-09,1K–15K,1001,15000,8000.5,capitol_trades
090d4a25f224a4c195f0,2026-04-17T00:12:46Z,Ro Khanna,house,INC,COREBRIDGE FINANCIAL INC N/A,purchase,2026-03-27,2026-04-09,1K–15K,1001,15000,8000.5,capitol_trades
8ea3f13262adc30f5f87,2026-04-17T00:12:46Z,Josh Gottheimer,house,APD,Air Products and Chemicals Inc APD:US,purchase,2026-03-05,2026-04-09,1K–15K,1001,15000,8000.5,capitol_trades
33bffdeb713be1249809,2026-04-17T00:12:46Z,Josh Gottheimer,house,ALC,Alcon Inc ALC:US,sale,2026-03-12,2026-04-09,1K–15K,1001,15000,8000.5,capitol_trades
040305c17b87f5ba6f48,2026-04-17T00:12:46Z,Josh Gottheimer,house,CBIZ,CBIZ Inc CBZ:US,sale,2026-03-05,2026-04-09,1K–15K,1001,15000,8000.5,capitol_trades
8404c44f474c953d97f4,2026-04-17T00:12:46Z,Josh Gottheimer,house,COLB,Umpqua Holdings Corp COLB:US,sale,2026-03-05,2026-04-09,1K–15K,1001,15000,8000.5,capitol_trades
e28dca7b9b0222a1fe31,2026-04-17T00:12:46Z,Josh Gottheimer,house,CCI,Crown Castle International Corp CCI:US,sale,2026-03-24,2026-04-09,1K–15K,1001,15000,8000.5,capitol_trades
1bbf59024164405bea44,2026-04-17T00:12:46Z,Josh Gottheimer,house,ENN,ENN Energy Holdings Ltd XNGSY:US,sale,2026-03-24,2026-04-09,1K–15K,1001,15000,8000.5,capitol_trades
75da798452fd7ee5dfde,2026-04-17T00:12:46Z,Josh Gottheimer,house,FN,FABRINET FN:US,purchase,2026-03-24,2026-04-09,1K–15K,1001,15000,8000.5,capitol_trades
2f0f0865f0c54bf7b245,2026-04-17T00:12:46Z,Josh Gottheimer,house,FIRST,FIRST WATCH RESTAURA GRO INC FWRG:US,sale,2026-03-05,2026-04-09,1K–15K,1001,15000,8000.5,capitol_trades
19f2c65d5f16c21a861c,2026-04-17T00:12:46Z,Josh Gottheimer,house,H,H D F C Bank Ltd HDB:US,sale,2026-03-12,2026-04-09,1K–15K,1001,15000,8000.5,capitol_trades
4e412d8d7e2256c7d1d8,2026-04-17T00:12:46Z,Josh Gottheimer,house,AG,Infineon Technologies AG IFNNY:US,sale,2026-03-12,2026-04-09,1K–15K,1001,15000,8000.5,capitol_trades
750646b1745ca911bedc,2026-04-17T00:12:46Z,Josh Gottheimer,house,INC,INTAPP INC N/A,sale,2026-03-12,2026-04-09,1K–15K,1001,15000,8000.5,capitol_trades
75098ca54525aa661ddf,2026-04-17T00:12:46Z,Josh Gottheimer,house,Z,La-Z-Boy Inc LZB:US,sale,2026-03-12,2026-04-09,1K–15K,1001,15000,8000.5,capitol_trades
ac608a3d873a7f0b2d93,2026-04-17T00:12:46Z,Josh Gottheimer,house,MSFT,Microsoft Corp MSFT:US,purchase,2026-03-25,2026-04-09,50K–100K,50001,100000,75000.5,capitol_trades
e302e7399142e702b696,2026-04-17T00:12:46Z,Josh Gottheimer,house,MSFT,Microsoft Corp MSFT:US,purchase,2026-03-25,2026-04-09,500K–1M,500001,1000000,750000.5,capitol_trades
f2efbb565fc00f35e2e4,2026-04-17T00:12:46Z,Josh Gottheimer,house,NTES,Netease Inc NTES:US,sale,2026-03-05,2026-04-09,1K–15K,1001,15000,8000.5,capitol_trades
d71643ca19d0d86143f4,2026-04-17T00:12:46Z,Josh Gottheimer,house,PHR,Phreesia Inc PHR:US,sale,2026-03-05,2026-04-09,1K–15K,1001,15000,8000.5,capitol_trades
2bc5920965ca5bd6c526,2026-04-17T00:12:46Z,Josh Gottheimer,house,SE,Sea Ltd SE:US,purchase,2026-03-10,2026-04-09,1K–15K,1001,15000,8000.5,capitol_trades
e193c7ed2dc2e34b2749,2026-04-17T00:12:46Z,Josh Gottheimer,house,NOW,ServiceNow Inc NOW:US,purchase,2026-03-06,2026-04-09,1K–15K,1001,15000,8000.5,capitol_trades
a3d70ef3b19b4dd13b35,2026-04-17T00:12:46Z,Jonathan Jackson,house,AMZN,Amazon.com Inc AMZN:US,sale,2026-03-09,2026-04-09,1K–15K,1001,15000,8000.5,capitol_trades
55e8b73b5cffc4b3b4ea,2026-04-17T00:12:46Z,Jonathan Jackson,house,BP,BP PLC BP:US,purchase,2026-03-20,2026-04-09,1K–15K,1001,15000,8000.5,capitol_trades
18c2cfe92f632a7fc659,2026-04-17T00:12:46Z,Jonathan Jackson,house,BP,BP PLC BP:US,purchase,2026-03-19,2026-04-09,15K–50K,15001,50000,32500.5,capitol_trades
323d8ed1f84af75ee70e,2026-04-17T00:12:46Z,Jonathan Jackson,house,O,O'Reilly Automotive Inc ORLY:US,sale,2026-03-19,2026-04-09,15K–50K,15001,50000,32500.5,capitol_trades
8da487f08d5b4fdc6f42,2026-04-17T00:12:46Z,Byron Donalds,house,NFLX,Netflix Inc NFLX:US,purchase,2026-03-20,2026-04-09,1K–15K,1001,15000,8000.5,capitol_trades
7b0d2b60029c50eb0577,2026-04-17T00:12:46Z,Byron Donalds,house,PYPL,PayPal Holdings Inc PYPL:US,purchase,2026-03-13,2026-04-09,1K–15K,1001,15000,8000.5,capitol_trades
5a240b422bb9d2601c82,2026-04-17T00:12:46Z,Byron Donalds,house,TTD,The Trade Desk Inc TTD:US,sale,2026-03-20,2026-04-09,1K–15K,1001,15000,8000.5,capitol_trades
e3c0077077f534f5abe2,2026-04-17T00:12:46Z,Sheldon Whitehouse,senate,PEP,PepsiCo Inc PEP:US,sale,2026-03-30,2026-04-08,1K–15K,1001,15000,8000.5,capitol_trades
4374fa60a0323318a114,2026-04-17T00:12:46Z,Mike Kelly,house,STATE,ARIZONA STATE TRANSPORTATION BOARD N/A,sale,2026-03-18,2026-04-08,100K–250K,100001,250000,175000.5,capitol_trades
5fdf882274b33e2e4f1a,2026-04-17T00:12:46Z,Mike Kelly,house,CITY,CITY OF MINNEAPOLIS MN/ST PAUL HOUSING & REDEVELOPMENT AUTHORITY (ALLINA HEALTH SYSTEM) N/A,purchase,2026-03-11,2026-04-08,15K–50K,15001,50000,32500.5,capitol_trades
b5d64b24b25af6430198,2026-04-17T00:12:46Z,Rich McCormick,house,ABT,Abbott Laboratories ABT:US,purchase,2026-03-19,2026-04-08,1K–15K,1001,15000,8000.5,capitol_trades
bb1ae14c781e4e087a47,2026-04-17T00:12:46Z,Rich McCormick,house,ADI,Analog Devices Inc ADI:US,sale,2026-03-19,2026-04-08,1K–15K,1001,15000,8000.5,capitol_trades
e04d553d9e4aea91f7b9,2026-04-17T00:12:46Z,Rich McCormick,house,ADP,Automatic Data Processing Inc ADP:US,sale,2026-03-19,2026-04-08,1K–15K,1001,15000,8000.5,capitol_trades
eda33329944b4a546ef7,2026-04-17T00:12:46Z,Rich McCormick,house,ADP,Automatic Data Processing Inc ADP:US,purchase,2026-03-19,2026-04-08,1K–15K,1001,15000,8000.5,capitol_trades
2c87cf1516a93690ab88,2026-04-17T00:12:46Z,Rich McCormick,house,BLK,Blackrock Inc BLK:US,purchase,2026-03-19,2026-04-08,1K–15K,1001,15000,8000.5,capitol_trades
a7f7edb7b63ac56ae013,2026-04-17T00:12:46Z,Rich McCormick,house,HD,The Home Depot Inc HD:US,purchase,2026-03-19,2026-04-08,1K–15K,1001,15000,8000.5,capitol_trades
66404483405b6439d5a2,2026-04-17T00:12:46Z,Rich McCormick,house,JNJ,Johnson & Johnson JNJ:US,sale,2026-03-19,2026-04-08,1K–15K,1001,15000,8000.5,capitol_trades
be112aa554c5f57571aa,2026-04-17T00:12:46Z,Rich McCormick,house,LHX,L3Harris Technologies Inc LHX:US,sale,2026-03-19,2026-04-08,1K–15K,1001,15000,8000.5,capitol_trades
54c0964cf821fe477c0f,2026-04-17T00:12:46Z,Rich McCormick,house,MSFT,Microsoft Corp MSFT:US,purchase,2026-03-19,2026-04-08,1K–15K,1001,15000,8000.5,capitol_trades
3e6f56854ab9a960e912,2026-04-17T00:12:46Z,Rich McCormick,house,NEE,NextEra Energy Inc NEE:US,sale,2026-03-19,2026-04-08,1K–15K,1001,15000,8000.5,capitol_trades
5f3d6750ee05e561c70d,2026-04-17T00:12:46Z,Rich McCormick,house,UNH,Unitedhealth Group Inc UNH:US,purchase,2026-03-19,2026-04-08,1K–15K,1001,15000,8000.5,capitol_trades
dc87607afa88333778a1,2026-04-17T00:12:46Z,Rich McCormick,house,ETF,Vanguard Mega Cap Growth ETF MGK:US,purchase,2026-03-19,2026-04-08,1K–15K,1001,15000,8000.5,capitol_trades
cbea931f800e4076b4b3,2026-04-17T00:12:46Z,Lloyd Doggett,house,HD,The Home Depot Inc HD:US,purchase,2026-03-26,2026-04-08,1K–15K,1001,15000,8000.5,capitol_trades
21f1a8981ba93d0ed5cf,2026-04-17T00:12:46Z,Lloyd Doggett,house,IBM,International Business Machines Corp IBM:US,purchase,2026-03-10,2026-04-08,1K–15K,1001,15000,8000.5,capitol_trades
059917d1db6a165d05ef,2026-04-17T00:12:46Z,Lloyd Doggett,house,JNJ,Johnson & Johnson JNJ:US,purchase,2026-03-10,2026-04-08,1K–15K,1001,15000,8000.5,capitol_trades
14d742806fe620272439,2026-04-17T00:12:46Z,Lloyd Doggett,house,PPG,PPG Industries Inc PPG:US,purchase,2026-03-12,2026-04-08,1K–15K,1001,15000,8000.5,capitol_trades
6d56f3a4f2350805e1c0,2026-04-17T00:12:46Z,Cleo Fields,house,GOOGL,Alphabet Inc GOOGL:US,purchase,2026-03-16,2026-04-08,1K–15K,1001,15000,8000.5,capitol_trades
5d4eca852b0221e502ba,2026-04-17T00:12:46Z,Gil Cisneros,house,PLC,Accenture PLC ACN:US,purchase,2026-03-13,2026-04-08,1K–15K,1001,15000,8000.5,capitol_trades
b43bf110cb60a6d83d6a,2026-04-17T00:12:46Z,Gil Cisneros,house,AEIS,Advanced Energy Industries Inc AEIS:US,purchase,2026-03-03,2026-04-08,1K–15K,1001,15000,8000.5,capitol_trades
8c6fd387f695bf1bd6df,2026-04-17T00:12:46Z,Gil Cisneros,house,AEIS,Advanced Energy Industries Inc AEIS:US,sale,2026-03-27,2026-04-08,1K–15K,1001,15000,8000.5,capitol_trades
4d5538540b9631b89053,2026-04-17T00:12:46Z,Gil Cisneros,house,AMD,Advanced Micro Devices Inc AMD:US,sale,2026-03-13,2026-04-08,1K–15K,1001,15000,8000.5,capitol_trades
cb87e4293294b9a0efd1,2026-04-17T00:12:46Z,Gil Cisneros,house,INC,AEROVIRONMENT INC N/A,purchase,2026-03-03,2026-04-08,1K–15K,1001,15000,8000.5,capitol_trades
61942f4fb51eb3503d07,2026-04-17T00:12:46Z,Gil Cisneros,house,AGIO,Agios Pharmaceuticals Inc AGIO:US,purchase,2026-03-03,2026-04-08,1K–15K,1001,15000,8000.5,capitol_trades
ad17c8bf93e536599196,2026-04-17T00:12:46Z,Gil Cisneros,house,BABA,Alibaba Group Holding Ltd BABA:US,purchase,2026-03-27,2026-04-08,1K–15K,1001,15000,8000.5,capitol_trades
4c57765508f550b31748,2026-04-17T00:12:46Z,Gil Cisneros,house,AMZN,Amazon.com Inc AMZN:US,sale,2026-03-13,2026-04-08,1K–15K,1001,15000,8000.5,capitol_trades
9afd16866cdb343b7d2e,2026-04-17T00:12:46Z,Gil Cisneros,house,AMZN,Amazon.com Inc AMZN:US,sale,2026-03-16,2026-04-08,1K–15K,1001,15000,8000.5,capitol_trades
09c702cae94643557551,2026-04-17T00:12:46Z,Gil Cisneros,house,AMZN,Amazon.com Inc AMZN:US,purchase,2026-03-16,2026-04-08,1K–15K,1001,15000,8000.5,capitol_trades
37aa761eb11c7a88f091,2026-04-17T00:12:46Z,Gil Cisneros,house,APO,Apollo Global Management Inc APO:US,sale,2026-03-13,2026-04-08,1K–15K,1001,15000,8000.5,capitol_trades
7f6ae3676a4e3f284c69,2026-04-17T00:12:46Z,Gil Cisneros,house,CORP,APPLOVIN CORP APP:US,sale,2026-03-18,2026-04-08,15K–50K,15001,50000,32500.5,capitol_trades
96d729e4e7398f1a49a3,2026-04-17T00:12:46Z,Gil Cisneros,house,CORP,APPLOVIN CORP APP:US,purchase,2026-03-13,2026-04-08,1K–15K,1001,15000,8000.5,capitol_trades
1951eb58573d596330f7,2026-04-17T00:12:46Z,Gil Cisneros,house,ADM,Archer-Daniels-Midland Co ADM:US,sale,2026-03-20,2026-04-08,50K–100K,50001,100000,75000.5,capitol_trades
289163f89423694681c6,2026-04-17T00:12:46Z,Gil Cisneros,house,ANET,Arista Networks Inc ANET:US,sale,2026-03-25,2026-04-08,1K–15K,1001,15000,8000.5,capitol_trades
f3c785437be3955ae494,2026-04-17T00:12:46Z,Gil Cisneros,house,ATRC,AtriCure Inc ATRC:US,purchase,2026-03-03,2026-04-08,1K–15K,1001,15000,8000.5,capitol_trades
9aa4ec461b06645aeb43,2026-04-17T00:12:46Z,Gil Cisneros,house,AVNT,Avient Corp AVNT:US,purchase,2026-03-03,2026-04-08,1K–15K,1001,15000,8000.5,capitol_trades
43638afe7802e84338bf,2026-04-17T00:12:46Z,Gil Cisneros,house,AZTA,Azenta Inc AZTA:US,purchase,2026-03-03,2026-04-08,1K–15K,1001,15000,8000.5,capitol_trades
d3de1a04b95760c20f39,2026-04-17T00:12:46Z,Gil Cisneros,house,BRK,Berkshire Hathaway Inc BRK/B:US,sale,2026-03-25,2026-04-08,1K–15K,1001,15000,8000.5,capitol_trades
486c99a593d7e52db410,2026-04-17T00:12:46Z,Gil Cisneros,house,BRK,Berkshire Hathaway Inc BRK/B:US,sale,2026-03-16,2026-04-08,1K–15K,1001,15000,8000.5,capitol_trades
efcfe02f293435010a9c,2026-04-17T00:12:46Z,Gil Cisneros,house,SQ,Block Inc SQ:US,purchase,2026-03-13,2026-04-08,1K–15K,1001,15000,8000.5,capitol_trades
fedea161612e1b8264e4,2026-04-17T00:12:46Z,Gil Cisneros,house,BKNG,Booking Holdings Inc BKNG:US,purchase,2026-03-13,2026-04-08,1K–15K,1001,15000,8000.5,capitol_trades
2d2a1d3fbc176902f4d7,2026-04-17T00:12:46Z,Gil Cisneros,house,BOOT,Boot Barn Holdings Inc BOOT:US,purchase,2026-03-03,2026-04-08,1K–15K,1001,15000,8000.5,capitol_trades
4b00ac90631a2b8aedf1,2026-04-17T00:12:46Z,Gil Cisneros,house,INC,BRIDGEBIO PHARMA INC BBIO:US,purchase,2026-03-19,2026-04-08,1K–15K,1001,15000,8000.5,capitol_trades
98e13bfe650a0e341452,2026-04-17T00:12:46Z,Gil Cisneros,house,INC,BRIDGEBIO PHARMA INC BBIO:US,purchase,2026-03-18,2026-04-08,1K–15K,1001,15000,8000.5,capitol_trades
cc72d800251c14291e7c,2026-04-17T00:12:46Z,Gil Cisneros,house,AVGO,Broadcom Inc AVGO:US,sale,2026-03-25,2026-04-08,1K–15K,1001,15000,8000.5,capitol_trades
4f49207064ee203f1e9f,2026-04-17T00:12:46Z,Gil Cisneros,house,CADRE,CADRE HOLDINGS INC CDRE:US,purchase,2026-03-16,2026-04-08,1K–15K,1001,15000,8000.5,capitol_trades
05457415b55e8a6cc181,2026-04-17T00:12:46Z,Gil Cisneros,house,STATE,CALIFORNIA STATE PUBLIC WORKS BOARD N/A,sale,2026-03-27,2026-04-08,50K–100K,50001,100000,75000.5,capitol_trades
d95e66287a687b045585,2026-04-17T00:12:46Z,Gil Cisneros,house,CATY,Cathay General Bancorp CATY:US,purchase,2026-03-03,2026-04-08,1K–15K,1001,15000,8000.5,capitol_trades
64d90f6d5491af98ac50,2026-04-17T00:12:46Z,Gil Cisneros,house,CENT,Central Garden & Pet Co CENT:US,purchase,2026-03-03,2026-04-08,1K–15K,1001,15000,8000.5,capitol_trades
6764b352c2b685d86ca5,2026-04-17T00:12:46Z,Gil Cisneros,house,SKY,Skyline Champion Corp SKY:US,purchase,2026-03-03,2026-04-08,1K–15K,1001,15000,8000.5,capitol_trades
2173597b392e91d7a56c,2026-04-17T00:12:48Z,Gil Cisneros,house,SCHW,Schwab (Charles) Corp SCHW:US,sale,2026-03-27,2026-04-08,1K–15K,1001,15000,8000.5,capitol_trades
9ec050eb5010c371578c,2026-04-17T00:12:48Z,Gil Cisneros,house,CHTR,Charter Communications Inc CHTR:US,purchase,2026-03-13,2026-04-08,1K–15K,1001,15000,8000.5,capitol_trades
ac3a23261553a7b2a1f7,2026-04-17T00:12:48Z,Gil Cisneros,house,CTSH,Cognizant Technology Solutions Corp CTSH:US,purchase,2026-03-13,2026-04-08,1K–15K,1001,15000,8000.5,capitol_trades
58a4698bd8b52537d41f,2026-04-17T00:12:48Z,Gil Cisneros,house,COHR,Coherent Corp COHR:US,purchase,2026-03-25,2026-04-08,1K–15K,1001,15000,8000.5,capitol_trades
7dca0f3a89e1b3765c9d,2026-04-17T00:12:48Z,Gil Cisneros,house,CAG,Conagra Brands Inc CAG:US,sale,2026-03-13,2026-04-08,1K–15K,1001,15000,8000.5,capitol_trades
d96fc7f87c03a3d59f80,2026-04-17T00:12:48Z,Gil Cisneros,house,GLW,Corning Inc GLW:US,purchase,2026-03-25,2026-04-08,1K–15K,1001,15000,8000.5,capitol_trades
b794c05caef19157a4a5,2026-04-17T00:12:48Z,Gil Cisneros,house,CSGP,CoStar Group Inc CSGP:US,purchase,2026-03-13,2026-04-08,1K–15K,1001,15000,8000.5,capitol_trades
a355a749d850be50bde3,2026-04-17T00:12:48Z,Gil Cisneros,house,CRWD,CrowdStrike Holdings Inc CRWD:US,purchase,2026-03-13,2026-04-08,1K–15K,1001,15000,8000.5,capitol_trades
6db4ca4e3cb00d609863,2026-04-17T00:12:48Z,Gil Cisneros,house,CSW,CSW INDUSTRIALS INC CSWI:US,purchase,2026-03-03,2026-04-08,1K–15K,1001,15000,8000.5,capitol_trades
817302b3e167ba5549af,2026-04-17T00:12:48Z,Gil Cisneros,house,DDOG,Datadog Inc DDOG:US,purchase,2026-03-13,2026-04-08,1K–15K,1001,15000,8000.5,capitol_trades
8604f0d70ad1c59f4605,2026-04-17T00:12:48Z,Gil Cisneros,house,DBRG,DigitalBridge Group Inc DBRG:US,sale,2026-03-12,2026-04-08,50K–100K,50001,100000,75000.5,capitol_trades
26b9a1bcb359ef7cfe83,2026-04-17T00:12:48Z,Gil Cisneros,house,DASH,DoorDash Inc DASH:US,purchase,2026-03-18,2026-04-08,1K–15K,1001,15000,8000.5,capitol_trades
091577bb26385ea170f1,2026-04-17T00:12:48Z,Gil Cisneros,house,DASH,DoorDash Inc DASH:US,sale,2026-03-13,2026-04-08,1K–15K,1001,15000,8000.5,capitol_trades
d8db77833a3203ff6976,2026-04-17T00:12:48Z,Gil Cisneros,house,DASH,DoorDash Inc DASH:US,purchase,2026-03-27,2026-04-08,1K–15K,1001,15000,8000.5,capitol_trades
de79ed556e583f127329,2026-04-17T00:12:48Z,Gil Cisneros,house,DASH,DoorDash Inc DASH:US,sale,2026-03-18,2026-04-08,1K–15K,1001,15000,8000.5,capitol_trades
32358db688ec64614630,2026-04-17T00:12:48Z,Gil Cisneros,house,LLY,Eli Lilly and Co LLY:US,sale,2026-03-13,2026-04-08,1K–15K,1001,15000,8000.5,capitol_trades
3456fece462127a21a6d,2026-04-17T00:12:48Z,Gil Cisneros,house,EPAC,Enerpac Tool Group Corp EPAC:US,purchase,2026-03-03,2026-04-08,1K–15K,1001,15000,8000.5,capitol_trades
ff8542bd5a83276a3edc,2026-04-17T00:12:48Z,Gil Cisneros,house,EPAM,EPAM Systems Inc EPAM:US,purchase,2026-03-13,2026-04-08,1K–15K,1001,15000,8000.5,capitol_trades
7aef50547c4606445407,2026-04-17T00:12:48Z,Gil Cisneros,house,EFX,Equifax Inc EFX:US,purchase,2026-03-13,2026-04-08,1K–15K,1001,15000,8000.5,capitol_trades
ee0c7c95a043e7c762f9,2026-04-17T00:12:48Z,Gil Cisneros,house,RE,Everest Re Group Ltd RE:US,sale,2026-03-13,2026-04-08,1K–15K,1001,15000,8000.5,capitol_trades
c0271fa73e4122e0e554,2026-04-17T00:12:48Z,Gil Cisneros,house,FN,FABRINET FN:US,purchase,2026-03-27,2026-04-08,15K–50K,15001,50000,32500.5,capitol_trades
c1a33dbbf48cabfb52b5,2026-04-17T00:12:48Z,Gil Cisneros,house,FDS,FactSet Research Systems Inc FDS:US,purchase,2026-03-13,2026-04-08,1K–15K,1001,15000,8000.5,capitol_trades
72039e7b039cbb11354f,2026-04-17T00:12:48Z,Gil Cisneros,house,FICO,Fair Isaac Corporation FICO:US,purchase,2026-03-13,2026-04-08,1K–15K,1001,15000,8000.5,capitol_trades
b22d076b4eb61390f16e,2026-04-17T00:12:48Z,Gil Cisneros,house,FSS,Federal Signal Corp FSS:US,purchase,2026-03-09,2026-04-08,1K–15K,1001,15000,8000.5,capitol_trades
45e78bcbfa3f1f37775d,2026-04-17T00:12:48Z,Gil Cisneros,house,FIS,Fidelity National Information Services Inc FIS:US,purchase,2026-03-13,2026-04-08,1K–15K,1001,15000,8000.5,capitol_trades
fafe71610b73bf39cd4c,2026-04-17T00:12:48Z,Gil Cisneros,house,CORP,FIRSTSERVICE CORP N/A,purchase,2026-03-18,2026-04-08,1K–15K,1001,15000,8000.5,capitol_trades
f0ba12ea128045cfffa8,2026-04-17T00:12:48Z,Gil Cisneros,house,CORP,FIRSTSERVICE CORP N/A,purchase,2026-03-27,2026-04-08,1K–15K,1001,15000,8000.5,capitol_trades
850778444fdd1a4bbfc2,2026-04-17T00:12:48Z,Gil Cisneros,house,FISV,Fiserv Inc FISV:US,purchase,2026-03-13,2026-04-08,1K–15K,1001,15000,8000.5,capitol_trades
a99cf7ead2b214556e2a,2026-04-17T00:12:48Z,Gil Cisneros,house,FLEX,Flex Ltd FLEX:US,sale,2026-03-27,2026-04-08,1K–15K,1001,15000,8000.5,capitol_trades
e7f400d5a9184f39ac4c,2026-04-17T00:12:48Z,Gil Cisneros,house,FTNT,Fortinet Inc FTNT:US,purchase,2026-03-13,2026-04-08,1K–15K,1001,15000,8000.5,capitol_trades
c5b0c9cf22e3b2c27cf1,2026-04-17T00:12:48Z,Gil Cisneros,house,FOXA,Fox Corp FOXA:US,purchase,2026-03-13,2026-04-08,1K–15K,1001,15000,8000.5,capitol_trades
7c1e94a80aa07b7ec4a9,2026-04-17T00:12:48Z,Gil Cisneros,house,IT,Gartner Inc IT:US,purchase,2026-03-13,2026-04-08,1K–15K,1001,15000,8000.5,capitol_trades
704c53b4013dadc559da,2026-04-17T00:12:48Z,Gil Cisneros,house,PLC,Gates Industrial Corp PLC GTES:US,purchase,2026-03-03,2026-04-08,1K–15K,1001,15000,8000.5,capitol_trades
d8ab0021128908db10bf,2026-04-17T00:12:48Z,Gil Cisneros,house,GMED,Globus Medical Inc GMED:US,purchase,2026-03-03,2026-04-08,1K–15K,1001,15000,8000.5,capitol_trades
fd12495216e411f701d3,2026-04-17T00:12:48Z,Gil Cisneros,house,GDDY,GoDaddy Inc GDDY:US,sale,2026-03-13,2026-04-08,1K–15K,1001,15000,8000.5,capitol_trades
4b6a9165ef5240eeee2d,2026-04-17T00:12:48Z,Gil Cisneros,house,HALO,Halozyme Therapeutics Inc HALO:US,purchase,2026-03-09,2026-04-08,1K–15K,1001,15000,8000.5,capitol_trades
cb7878e8c0d89152063c,2026-04-17T00:12:48Z,Gil Cisneros,house,HLI,Houlihan Lokey Inc HLI:US,purchase,2026-03-03,2026-04-08,1K–15K,1001,15000,8000.5,capitol_trades
9225c10f817da4aa83bd,2026-04-17T00:12:48Z,Gil Cisneros,house,IDA,IDACORP Inc IDA:US,purchase,2026-03-03,2026-04-08,1K–15K,1001,15000,8000.5,capitol_trades
9a22986aab1e7d8d71e1,2026-04-17T00:12:48Z,Gil Cisneros,house,STATE,STATE OF ILLINOIS N/A,purchase,2026-03-25,2026-04-08,100K–250K,100001,250000,175000.5,capitol_trades
8038b0d8c59315bcccd6,2026-04-17T00:12:48Z,Gil Cisneros,house,IBM,International Business Machines Corp IBM:US,sale,2026-03-13,2026-04-08,15K–50K,15001,50000,32500.5,capitol_trades
1dece5d5cc0d3485b574,2026-04-17T00:12:48Z,Gil Cisneros,house,ITT,ITT Inc ITT:US,purchase,2026-03-03,2026-04-08,1K–15K,1001,15000,8000.5,capitol_trades
e0408a40c3c54b38507f,2026-04-17T00:12:48Z,Gil Cisneros,house,JOHN,JOHN SWETT UNIFIED SCHOOL DISTRICT N/A,sale,2026-03-31,2026-04-08,100K–250K,100001,250000,175000.5,capitol_trades
026aca238d985b450bcb,2026-04-17T00:12:48Z,Gil Cisneros,house,INC,KENVUE INC KVUE:US,sale,2026-03-13,2026-04-08,1K–15K,1001,15000,8000.5,capitol_trades
e45c24ed8bc9038d0f76,2026-04-17T00:12:48Z,Gil Cisneros,house,KEY,KeyCorp KEY:US,sale,2026-03-13,2026-04-08,1K–15K,1001,15000,8000.5,capitol_trades
a6c4e0c2a6bb83dbaa93,2026-04-17T00:12:48Z,Gil Cisneros,house,CORP,LEGENCE CORP LGN:US,purchase,2026-03-03,2026-04-08,1K–15K,1001,15000,8000.5,capitol_trades
ecb684a8131e31621d3f,2026-04-17T00:12:48Z,Gil Cisneros,house,LGND,Ligand Pharmaceuticals Inc LGND:US,purchase,2026-03-03,2026-04-08,1K–15K,1001,15000,8000.5,capitol_trades
a87cfa1aa8a1a09d44c1,2026-04-17T00:12:48Z,Gil Cisneros,house,LPL,LPL Financial Holdings Inc LPLA:US,purchase,2026-03-27,2026-04-08,1K–15K,1001,15000,8000.5,capitol_trades
248887c2a4a6416f805d,2026-04-17T00:12:48Z,Gil Cisneros,house,LULU,Lululemon Athletica Inc LULU:US,sale,2026-03-13,2026-04-08,1K–15K,1001,15000,8000.5,capitol_trades
e59ddcf0046b47965399,2026-04-17T00:12:48Z,Gil Cisneros,house,MACOM,MACOM Technology Solutions Holdings Inc MTSI:US,sale,2026-03-27,2026-04-08,1K–15K,1001,15000,8000.5,capitol_trades
a4826d3ce05c802d0c41,2026-04-17T00:12:48Z,Gil Cisneros,house,MACOM,MACOM Technology Solutions Holdings Inc MTSI:US,purchase,2026-03-03,2026-04-08,1K–15K,1001,15000,8000.5,capitol_trades
7c8ce337b0e9d02304e8,2026-04-17T00:12:48Z,Gil Cisneros,house,MELI,MercadoLibre Inc MELI:US,purchase,2026-03-16,2026-04-08,1K–15K,1001,15000,8000.5,capitol_trades
d4f7ee47b827d79205b1,2026-04-17T00:12:48Z,Gil Cisneros,house,MELI,MercadoLibre Inc MELI:US,sale,2026-03-25,2026-04-08,1K–15K,1001,15000,8000.5,capitol_trades
312effbab851849fe5cb,2026-04-17T00:12:48Z,Gil Cisneros,house,MIAMI,MIAMI INTERNATIONAL HOLD INC MIAX:US,purchase,2026-03-20,2026-04-08,15K–50K,15001,50000,32500.5,capitol_trades
b2f03e2af42321ea42ab,2026-04-17T00:12:48Z,Gil Cisneros,house,MU,Micron Technology Inc MU:US,purchase,2026-03-25,2026-04-08,1K–15K,1001,15000,8000.5,capitol_trades
d3165aeb4080c6046405,2026-04-17T00:12:48Z,Gil Cisneros,house,MSFT,Microsoft Corp MSFT:US,purchase,2026-03-13,2026-04-08,15K–50K,15001,50000,32500.5,capitol_trades
e5f82b0b71390f71e585,2026-04-17T00:12:48Z,Gil Cisneros,house,TAP,Molson Coors Beverage Company TAP:US,sale,2026-03-13,2026-04-08,1K–15K,1001,15000,8000.5,capitol_trades
f3bb63fe2fcb97a8b662,2026-04-17T00:12:48Z,Gil Cisneros,house,NWE,NorthWestern Corp NWE:US,purchase,2026-03-03,2026-04-08,1K–15K,1001,15000,8000.5,capitol_trades
4aba2c4a6b658e061936,2026-04-17T00:12:48Z,Gil Cisneros,house,NVDA,NVIDIA Corporation NVDA:US,purchase,2026-03-13,2026-04-08,1K–15K,1001,15000,8000.5,capitol_trades
2159cfc94d4d7ed4eeba,2026-04-17T00:12:48Z,Gil Cisneros,house,NVDA,NVIDIA Corporation NVDA:US,sale,2026-03-25,2026-04-08,1K–15K,1001,15000,8000.5,capitol_trades
444e54dcaf5fc76a66df,2026-04-17T00:12:48Z,Gil Cisneros,house,OMC,Omnicom Group Inc OMC:US,purchase,2026-03-13,2026-04-08,1K–15K,1001,15000,8000.5,capitol_trades
0bba4fe9c8a869e1093e,2026-04-17T00:12:48Z,Gil Cisneros,house,PLTR,Palantir Technologies Inc PLTR:US,purchase,2026-03-16,2026-04-08,1K–15K,1001,15000,8000.5,capitol_trades
84e69b03c192e7805686,2026-04-17T00:12:48Z,Gil Cisneros,house,PLTR,Palantir Technologies Inc PLTR:US,sale,2026-03-13,2026-04-08,15K–50K,15001,50000,32500.5,capitol_trades
816f20b93b5b0717e8d0,2026-04-17T00:12:48Z,Gil Cisneros,house,PLTR,Palantir Technologies Inc PLTR:US,sale,2026-03-16,2026-04-08,1K–15K,1001,15000,8000.5,capitol_trades
2c8039a7e2177e70e044,2026-04-17T00:12:48Z,Gil Cisneros,house,PANW,Palo Alto Networks Inc PANW:US,purchase,2026-03-13,2026-04-08,1K–15K,1001,15000,8000.5,capitol_trades
b468002ae2dc91648b1f,2026-04-17T00:12:48Z,Gil Cisneros,house,PSKY,Paramount Global Inc PSKY:US,purchase,2026-03-13,2026-04-08,1K–15K,1001,15000,8000.5,capitol_trades
c1b742df9eee20cb0629,2026-04-17T00:12:48Z,Gil Cisneros,house,PATK,Patrick Industries Inc PATK:US,purchase,2026-03-03,2026-04-08,1K–15K,1001,15000,8000.5,capitol_trades
968ae5b7923f64a2ebbb,2026-04-17T00:12:48Z,Gil Cisneros,house,PAYC,Paycom Software Inc PAYC:US,purchase,2026-03-13,2026-04-08,1K–15K,1001,15000,8000.5,capitol_trades
47948df2b70f83173ee2,2026-04-17T00:12:48Z,Gil Cisneros,house,PYPL,PayPal Holdings Inc PYPL:US,purchase,2026-03-13,2026-04-08,1K–15K,1001,15000,8000.5,capitol_trades
c763e0afa68e6c6eb3d3,2026-04-17T00:12:48Z,Gil Cisneros,house,PFE,Pfizer Inc PFE:US,sale,2026-03-13,2026-04-08,1K–15K,1001,15000,8000.5,capitol_trades
172a379ae9fa6d32432f,2026-04-17T00:12:48Z,Gil Cisneros,house,PRIM,Primoris Services Corp PRIM:US,purchase,2026-03-03,2026-04-08,1K–15K,1001,15000,8000.5,capitol_trades
fa933a6c5e1a91744448,2026-04-17T00:12:48Z,Gil Cisneros,house,RBC,RBC Bearings Inc RBC:US,purchase,2026-03-03,2026-04-08,1K–15K,1001,15000,8000.5,capitol_trades
8a6825c5b6b14ac6fc07,2026-04-17T00:12:48Z,Gil Cisneros,house,HOOD,Robinhood Markets Inc HOOD:US,sale,2026-03-13,2026-04-08,1K–15K,1001,15000,8000.5,capitol_trades
2d1e5ffe7f53c017c484,2026-04-17T00:12:48Z,Gil Cisneros,house,ROP,Roper Technologies Inc ROP:US,sale,2026-03-13,2026-04-08,1K–15K,1001,15000,8000.5,capitol_trades
45936027ff97d7250d91,2026-04-17T00:12:48Z,Gil Cisneros,house,RHP,Ryman Hospitality Properties Inc RHP:US,purchase,2026-03-03,2026-04-08,1K–15K,1001,15000,8000.5,capitol_trades
b980c07735f2d89638e0,2026-04-17T00:12:48Z,Gil Cisneros,house,SMTC,Semtech Corp SMTC:US,purchase,2026-03-03,2026-04-08,1K–15K,1001,15000,8000.5,capitol_trades
31dd08a3de27695f2760,2026-04-17T00:12:48Z,Gil Cisneros,house,INC,STANDARDAERO INC SARO:US,purchase,2026-03-27,2026-04-08,1K–15K,1001,15000,8000.5,capitol_trades
63f2aa1fbedd447a6ca4,2026-04-17T00:12:48Z,Gil Cisneros,house,SUPN,Supernus Pharmaceuticals Inc SUPN:US,purchase,2026-03-03,2026-04-08,1K–15K,1001,15000,8000.5,capitol_trades
cba706554452857de590,2026-04-17T00:12:48Z,Gil Cisneros,house,TNDM,Tandem Diabetes Care Inc TNDM:US,purchase,2026-03-03,2026-04-08,1K–15K,1001,15000,8000.5,capitol_trades
48e175c6df4339e0bea3,2026-04-17T00:12:48Z,Gil Cisneros,house,TE,TE Connectivity Ltd TEL:US,purchase,2026-03-18,2026-04-08,1K–15K,1001,15000,8000.5,capitol_trades
4668624376132bbf23b4,2026-04-17T00:12:48Z,Gil Cisneros,house,TSLA,Tesla Inc TSLA:US,sale,2026-03-13,2026-04-08,15K–50K,15001,50000,32500.5,capitol_trades
12b7430e8517413f48ae,2026-04-17T00:12:48Z,Gil Cisneros,house,TXRH,Texas Roadhouse Inc TXRH:US,purchase,2026-03-03,2026-04-08,1K–15K,1001,15000,8000.5,capitol_trades
a873fd00532b29c88fe5,2026-04-17T00:12:48Z,Gil Cisneros,house,CI,Cigna Corp CI:US,sale,2026-03-13,2026-04-08,1K–15K,1001,15000,8000.5,capitol_trades
5616dfcdc012f78a8eb1,2026-04-17T00:12:48Z,Gil Cisneros,house,TTD,The Trade Desk Inc TTD:US,purchase,2026-03-13,2026-04-08,1K–15K,1001,15000,8000.5,capitol_trades
04705304f3ed925d01e0,2026-04-17T00:12:48Z,Gil Cisneros,house,VITA,VITA COCO COMPANY INC COCO:US,purchase,2026-03-03,2026-04-08,1K–15K,1001,15000,8000.5,capitol_trades
1880fa95ac14aecb86c9,2026-04-17T00:12:48Z,Gil Cisneros,house,TDG,TransDigm Group Inc TDG:US,purchase,2026-03-16,2026-04-08,1K–15K,1001,15000,8000.5,capitol_trades
36b04e676d475a4c7b66,2026-04-17T00:12:48Z,Gil Cisneros,house,TDG,TransDigm Group Inc TDG:US,sale,2026-03-25,2026-04-08,1K–15K,1001,15000,8000.5,capitol_trades
6bfef60f7e55c95c41aa,2026-04-17T00:12:48Z,Gil Cisneros,house,TYL,Tyler Technologies Inc TYL:US,purchase,2026-03-13,2026-04-08,1K–15K,1001,15000,8000.5,capitol_trades
a91081d90eb21aa79e44,2026-04-17T00:12:48Z,Gil Cisneros,house,UBER,Uber Technologies Inc UBER:US,sale,2026-03-13,2026-04-08,1K–15K,1001,15000,8000.5,capitol_trades
87418df9c7f9bd6888e5,2026-04-17T00:12:48Z,Gil Cisneros,house,UFP,UFP Industries Inc UFPI:US,purchase,2026-03-03,2026-04-08,1K–15K,1001,15000,8000.5,capitol_trades
02a4a97c341e1d2086dc,2026-04-17T00:12:48Z,Gil Cisneros,house,RARE,Ultragenyx Pharmaceutical Inc RARE:US,purchase,2026-03-03,2026-04-08,1K–15K,1001,15000,8000.5,capitol_trades
109e73b9b8060d6452a0,2026-04-17T00:12:48Z,Gil Cisneros,house,UPS,United Parcel Service Inc UPS:US,sale,2026-03-13,2026-04-08,1K–15K,1001,15000,8000.5,capitol_trades
fd4f5b735a2ec3b5f0cf,2026-04-17T00:12:48Z,Gil Cisneros,house,UNH,Unitedhealth Group Inc UNH:US,purchase,2026-03-13,2026-04-08,1K–15K,1001,15000,8000.5,capitol_trades
02b37f7df0a704471475,2026-04-17T00:12:48Z,Gil Cisneros,house,VCYT,Veracyte Inc VCYT:US,purchase,2026-03-03,2026-04-08,1K–15K,1001,15000,8000.5,capitol_trades
4c868c811fee5dacfb7e,2026-04-17T00:12:48Z,Gil Cisneros,house,VRSN,Verisign Inc VRSN:US,sale,2026-03-13,2026-04-08,1K–15K,1001,15000,8000.5,capitol_trades
1aa59b9acecceddca57c,2026-04-17T00:12:51Z,Gil Cisneros,house,VIAV,Viavi Solutions Inc VIAV:US,sale,2026-03-09,2026-04-08,1K–15K,1001,15000,8000.5,capitol_trades
0bcd76d908038d0a8f4d,2026-04-17T00:12:51Z,Gil Cisneros,house,VIAV,Viavi Solutions Inc VIAV:US,sale,2026-03-27,2026-04-08,1K–15K,1001,15000,8000.5,capitol_trades
f34a22d3bb1779c3ebf6,2026-04-17T00:12:51Z,Gil Cisneros,house,VICI,VICI Properties Inc VICI:US,sale,2026-03-13,2026-04-08,1K–15K,1001,15000,8000.5,capitol_trades
72ce880b176055483b33,2026-04-17T00:12:51Z,Gil Cisneros,house,W,Berkley (W.R.) Corp WRB:US,sale,2026-03-18,2026-04-08,1K–15K,1001,15000,8000.5,capitol_trades
d61f46c95e2f1f909da9,2026-04-17T00:12:51Z,Gil Cisneros,house,WAT,Waters Corp WAT:US,purchase,2026-03-18,2026-04-08,1K–15K,1001,15000,8000.5,capitol_trades
08e7aa96ddaaa13ca096,2026-04-17T00:12:51Z,Gil Cisneros,house,WFC,Wells Fargo & Co WFC:US,sale,2026-03-13,2026-04-08,1K–15K,1001,15000,8000.5,capitol_trades
f169cd9654192b0ca412,2026-04-17T00:12:51Z,Gil Cisneros,house,WEST,WEST KERN COMMUNITY COLLEGE DISTRICT N/A,sale,2026-03-27,2026-04-08,250K–500K,250001,500000,375000.5,capitol_trades
6be3ac8be58bfffeea0e,2026-04-17T00:12:51Z,Gil Cisneros,house,WDAY,Workday Inc WDAY:US,purchase,2026-03-13,2026-04-08,1K–15K,1001,15000,8000.5,capitol_trades
4238692dab2ad1e6d736,2026-04-17T00:12:51Z,Gil Cisneros,house,ZTS,Zoetis Inc ZTS:US,sale,2026-03-13,2026-04-08,1K–15K,1001,15000,8000.5,capitol_trades
39ea07407aecb8a01476,2026-04-17T00:12:51Z,April McClain Delaney,house,TECH,Bio-Techne Corp TECH:US,sale,2026-03-26,2026-04-08,1K–15K,1001,15000,8000.5,capitol_trades
31184e2369dd59fd8234,2026-04-17T00:12:51Z,April McClain Delaney,house,BJ,BJ's Wholesale Club Holdings Inc BJ:US,sale,2026-03-04,2026-04-08,1K–15K,1001,15000,8000.5,capitol_trades
2d907ea020355eca4dee,2026-04-17T00:12:51Z,April McClain Delaney,house,BJ,BJ's Wholesale Club Holdings Inc BJ:US,sale,2026-03-05,2026-04-08,1K–15K,1001,15000,8000.5,capitol_trades
6f69d9f2f39a519f1369,2026-04-17T00:12:51Z,April McClain Delaney,house,EMCOR,EMCOR Group Inc EME:US,purchase,2026-03-09,2026-04-08,1K–15K,1001,15000,8000.5,capitol_trades
ce4cb6224463ac0bd9dd,2026-04-17T00:12:51Z,April McClain Delaney,house,EMCOR,EMCOR Group Inc EME:US,purchase,2026-03-03,2026-04-08,1K–15K,1001,15000,8000.5,capitol_trades
fc68e6d44a246cc8a34e,2026-04-17T00:12:51Z,April McClain Delaney,house,EMCOR,EMCOR Group Inc EME:US,purchase,2026-03-10,2026-04-08,1K–15K,1001,15000,8000.5,capitol_trades
03da20be731e5d9ed21b,2026-04-17T00:12:51Z,April McClain Delaney,house,ENTG,Entegris Inc ENTG:US,purchase,2026-03-31,2026-04-08,1K–15K,1001,15000,8000.5,capitol_trades
d7e9f01dcc26adb3fd00,2026-04-17T00:12:51Z,April McClain Delaney,house,JLL,Jones Lang LaSalle Inc JLL:US,sale,2026-03-03,2026-04-08,1K–15K,1001,15000,8000.5,capitol_trades
5f7ba16f261ac4d5514a,2026-04-17T00:12:51Z,April McClain Delaney,house,JLL,Jones Lang LaSalle Inc JLL:US,sale,2026-03-13,2026-04-08,1K–15K,1001,15000,8000.5,capitol_trades
7fa44965ce0ff3d8ce29,2026-04-17T00:12:51Z,April McClain Delaney,house,MLM,Martin Marietta Materials Inc MLM:US,purchase,2026-03-09,2026-04-08,1K–15K,1001,15000,8000.5,capitol_trades
a51ab7b4d1ac87df24a5,2026-04-17T00:12:51Z,April McClain Delaney,house,NDAQ,Nasdaq Inc NDAQ:US,purchase,2026-03-09,2026-04-08,1K–15K,1001,15000,8000.5,capitol_trades
b93bebf9592b60a03423,2026-04-17T00:12:51Z,April McClain Delaney,house,NDAQ,Nasdaq Inc NDAQ:US,purchase,2026-03-03,2026-04-08,1K–15K,1001,15000,8000.5,capitol_trades
33af9bbfb6214c4edaea,2026-04-17T00:12:51Z,April McClain Delaney,house,NDAQ,Nasdaq Inc NDAQ:US,purchase,2026-03-04,2026-04-08,1K–15K,1001,15000,8000.5,capitol_trades
e6429ad3f0fb78999804,2026-04-17T00:12:51Z,April McClain Delaney,house,NDAQ,Nasdaq Inc NDAQ:US,purchase,2026-03-10,2026-04-08,1K–15K,1001,15000,8000.5,capitol_trades
b668134222182cc461d1,2026-04-17T00:12:51Z,April McClain Delaney,house,NDAQ,Nasdaq Inc NDAQ:US,purchase,2026-03-31,2026-04-08,1K–15K,1001,15000,8000.5,capitol_trades
df7541d76073f3b59de9,2026-04-17T00:12:51Z,April McClain Delaney,house,NDAQ,Nasdaq Inc NDAQ:US,purchase,2026-03-18,2026-04-08,1K–15K,1001,15000,8000.5,capitol_trades
95ed019e09fe903c8ab2,2026-04-17T00:12:51Z,April McClain Delaney,house,PKG,Packaging Corp Of America PKG:US,purchase,2026-03-20,2026-04-08,1K–15K,1001,15000,8000.5,capitol_trades
0b850b25a3953ce1daa4,2026-04-17T00:12:51Z,April McClain Delaney,house,PKG,Packaging Corp Of America PKG:US,purchase,2026-03-17,2026-04-08,1K–15K,1001,15000,8000.5,capitol_trades
e9b75841dfb5ae9145a9,2026-04-17T00:12:51Z,April McClain Delaney,house,ROL,ROLLINS Inc ROL:US,purchase,2026-03-31,2026-04-08,1K–15K,1001,15000,8000.5,capitol_trades
3a93a07600aac76816a7,2026-04-17T00:12:51Z,April McClain Delaney,house,SGI,Tempur Sealy International Inc SGI:US,purchase,2026-03-31,2026-04-08,1K–15K,1001,15000,8000.5,capitol_trades
e472f216202460f6bfe9,2026-04-17T00:12:51Z,April McClain Delaney,house,SGI,Tempur Sealy International Inc SGI:US,purchase,2026-03-13,2026-04-08,1K–15K,1001,15000,8000.5,capitol_trades
6518e69fbe2d5fa86c99,2026-04-17T00:12:51Z,April McClain Delaney,house,SGI,Tempur Sealy International Inc SGI:US,purchase,2026-03-16,2026-04-08,1K–15K,1001,15000,8000.5,capitol_trades
bd667c5aca33c4cfecc8,2026-04-17T00:12:51Z,April McClain Delaney,house,SGI,Tempur Sealy International Inc SGI:US,purchase,2026-03-09,2026-04-08,1K–15K,1001,15000,8000.5,capitol_trades
4b9b37947a1f069fab08,2026-04-17T00:12:51Z,April McClain Delaney,house,PLC,Steris PLC STE:US,purchase,2026-03-16,2026-04-08,1K–15K,1001,15000,8000.5,capitol_trades
2256985b3d1b82558675,2026-04-17T00:12:51Z,April McClain Delaney,house,TSCO,Tractor Supply Co TSCO:US,purchase,2026-03-16,2026-04-08,1K–15K,1001,15000,8000.5,capitol_trades
b5318990e193fc8cd6e7,2026-04-17T00:12:51Z,April McClain Delaney,house,TSCO,Tractor Supply Co TSCO:US,purchase,2026-03-04,2026-04-08,1K–15K,1001,15000,8000.5,capitol_trades
fc2ec38a31f3dcdac9c2,2026-04-17T00:12:51Z,April McClain Delaney,house,TSCO,Tractor Supply Co TSCO:US,purchase,2026-03-31,2026-04-08,1K–15K,1001,15000,8000.5,capitol_trades
9350e6e095a2c961b9f8,2026-04-17T00:12:51Z,Ed Case,house,AAPL,Apple Inc AAPL:US,purchase,2024-05-16,2026-04-08,1K–15K,1001,15000,8000.5,capitol_trades
94bdbc0b9dadb17722a0,2026-04-17T00:12:51Z,Ed Case,house,AAPL,Apple Inc AAPL:US,purchase,2024-08-15,2026-04-08,1K–15K,1001,15000,8000.5,capitol_trades
42bd781502aa116f8205,2026-04-17T00:12:51Z,Ed Case,house,AAPL,Apple Inc AAPL:US,purchase,2024-11-14,2026-04-08,1K–15K,1001,15000,8000.5,capitol_trades
97d58c95b33b8328d3f1,2026-04-17T00:12:51Z,Ed Case,house,AAPL,Apple Inc AAPL:US,purchase,2025-02-13,2026-04-08,1K–15K,1001,15000,8000.5,capitol_trades
f571276aa369fbdec106,2026-04-17T00:12:51Z,Ed Case,house,AAPL,Apple Inc AAPL:US,purchase,2025-05-15,2026-04-08,1K–15K,1001,15000,8000.5,capitol_trades
bd748099f23a690f8d8d,2026-04-17T00:12:51Z,Ed Case,house,AAPL,Apple Inc AAPL:US,purchase,2025-08-14,2026-04-08,1K–15K,1001,15000,8000.5,capitol_trades
c957011bdc58e353cbe9,2026-04-17T00:12:51Z,Ed Case,house,AAPL,Apple Inc AAPL:US,purchase,2025-11-13,2026-04-08,1K–15K,1001,15000,8000.5,capitol_trades
b9edda9e67107ee82d59,2026-04-17T00:12:51Z,Susan Collins,senate,OF,COUNTY OF CUMBERLAND NORTH CAROLINA N/A,purchase,2026-03-24,2026-04-08,15K–50K,15001,50000,32500.5,capitol_trades
2d0906c252a92962b7b6,2026-04-17T00:12:51Z,Kevin Hern,house,PLC,Accenture PLC ACN:US,sale,2026-03-16,2026-04-06,250K–500K,250001,500000,375000.5,capitol_trades
dd074c7c642095d551f8,2026-04-17T00:12:51Z,Kevin Hern,house,BDX,Becton Dickinson and Co BDX:US,sale,2026-03-17,2026-04-06,15K–50K,15001,50000,32500.5,capitol_trades
de81b794a6169422a10e,2026-04-17T00:12:51Z,Kevin Hern,house,MUA,BlackRock MuniAssets Fund Inc MUA:US,sale,2026-03-17,2026-04-06,50K–100K,50001,100000,75000.5,capitol_trades
349196c46369efcc1f2e,2026-04-17T00:12:51Z,Kevin Hern,house,CTSH,Cognizant Technology Solutions Corp CTSH:US,sale,2026-03-17,2026-04-06,15K–50K,15001,50000,32500.5,capitol_trades
f458280bb34b14f29eaa,2026-04-17T00:12:51Z,Kevin Hern,house,CMCSA,Comcast Corp CMCSA:US,sale,2026-03-17,2026-04-06,15K–50K,15001,50000,32500.5,capitol_trades
e0a0010aa454297046f8,2026-04-17T00:12:51Z,Kevin Hern,house,EXAS,Exact Sciences Corporation EXAS:US,sale,2026-03-24,2026-04-06,1K–15K,1001,15000,8000.5,capitol_trades
d77184427cdac9667a24,2026-04-17T00:12:51Z,Kevin Hern,house,PLC,Icon PLC ICLR:US,sale,2026-03-05,2026-04-06,100K–250K,100001,250000,175000.5,capitol_trades
c09f03af49a0e652454f,2026-04-17T00:12:51Z,Kevin Hern,house,IVZ,Invesco Ltd IVZ:US,sale,2026-03-17,2026-04-06,15K–50K,15001,50000,32500.5,capitol_trades
ed8ce5d75ebb714562fb,2026-04-17T00:12:51Z,Kevin Hern,house,IQV,Iqvia Holdings Inc IQV:US,sale,2026-03-16,2026-04-06,50K–100K,50001,100000,75000.5,capitol_trades
ec528ea2c92e4855e06f,2026-04-17T00:12:51Z,Kevin Hern,house,INC,KENVUE INC KVUE:US,sale,2026-03-17,2026-04-06,15K–50K,15001,50000,32500.5,capitol_trades
05fe79f479bfa18df406,2026-04-17T00:12:51Z,Kevin Hern,house,PLC,Medtronic PLC MDT:US,sale,2026-03-20,2026-04-06,15K–50K,15001,50000,32500.5,capitol_trades
d17e0bb1d74c0a57e1ee,2026-04-17T00:12:51Z,Kevin Hern,house,PRGS,Progress Software Corp PRGS:US,sale,2026-03-16,2026-04-06,50K–100K,50001,100000,75000.5,capitol_trades
9b332b016db1df2935c6,2026-04-17T00:12:51Z,Kevin Hern,house,PLD,Prologis Inc PLD:US,sale,2026-03-20,2026-04-06,50K–100K,50001,100000,75000.5,capitol_trades
b3090b61c0cd07c882a7,2026-04-17T00:12:51Z,Kevin Hern,house,SELF,SMARTSTOP SELF STORAGE R INC N/A,sale,2026-03-18,2026-04-06,500K–1M,500001,1000000,750000.5,capitol_trades
5b52fb622b7307bfbf91,2026-04-17T00:12:51Z,Kevin Hern,house,T,T. Rowe Price Group Inc TROW:US,sale,2026-03-20,2026-04-06,15K–50K,15001,50000,32500.5,capitol_trades
a47b6f1034331e53f28e,2026-04-17T00:12:51Z,Kevin Hern,house,TXN,Texas Instruments Inc TXN:US,sale,2026-03-18,2026-04-06,500K–1M,500001,1000000,750000.5,capitol_trades
a837d0ba06f93006bd75,2026-04-17T00:12:51Z,Dan Meuser,house,NVDA,NVIDIA Corporation NVDA:US,sale,2026-02-25,2026-04-06,1K–15K,1001,15000,8000.5,capitol_trades
eb362729deb8b04157ca,2026-04-17T00:12:51Z,Shelley Moore Capito,senate,PNC,The PNC Financial Services Group Inc PNC:US,purchase,2026-03-12,2026-04-05,1K–15K,1001,15000,8000.5,capitol_trades
7004996729624ace9567,2026-04-17T00:12:51Z,Shelley Moore Capito,senate,FDS,FactSet Research Systems Inc FDS:US,sale,2026-03-31,2026-04-05,1K–15K,1001,15000,8000.5,capitol_trades
2213fab852a69b0d909b,2026-04-17T00:12:51Z,Shelley Moore Capito,senate,FDS,FactSet Research Systems Inc FDS:US,sale,2026-03-26,2026-04-05,1K–15K,1001,15000,8000.5,capitol_trades
37b593cabcb1e6a5dc5d,2026-04-17T00:12:51Z,Shelley Moore Capito,senate,FDS,FactSet Research Systems Inc FDS:US,sale,2026-03-25,2026-04-05,1K–15K,1001,15000,8000.5,capitol_trades
997f19b076db1dc19db7,2026-04-17T00:12:51Z,Shelley Moore Capito,senate,AXP,American Express Co AXP:US,purchase,2026-03-11,2026-04-05,1K–15K,1001,15000,8000.5,capitol_trades
fb9ccb65821b2d8622bb,2026-04-17T00:12:51Z,John Fetterman,senate,AT,AT&T Inc T:US,sale,2026-03-27,2026-04-03,1K–15K,1001,15000,8000.5,capitol_trades
5890725cf74adeadcf64,2026-04-17T00:12:51Z,John Fetterman,senate,MSFT,Microsoft Corp MSFT:US,purchase,2026-03-27,2026-04-03,1K–15K,1001,15000,8000.5,capitol_trades
65be51f6103ec993d20a,2026-04-17T00:12:51Z,John Fetterman,senate,ERIE,Erie Indemnity Co ERIE:US,purchase,2026-03-27,2026-04-03,1K–15K,1001,15000,8000.5,capitol_trades
5002fdb85304878e747d,2026-04-17T00:12:51Z,John Fetterman,senate,CNXC,Concentrix Corp CNXC:US,sale,2026-03-11,2026-04-03,1K–15K,1001,15000,8000.5,capitol_trades
56d53171eba370bfda3c,2026-04-17T00:12:51Z,John Fetterman,senate,MU,Micron Technology Inc MU:US,purchase,2026-03-30,2026-04-03,1K–15K,1001,15000,8000.5,capitol_trades
f7dba522b1ea2411feca,2026-04-17T00:12:51Z,John Fetterman,senate,MSFT,Microsoft Corp MSFT:US,purchase,2026-03-30,2026-04-03,1K–15K,1001,15000,8000.5,capitol_trades
14d51b4c611fa169e1c9,2026-04-17T00:12:51Z,John Fetterman,senate,ERIE,Erie Indemnity Co ERIE:US,purchase,2026-03-30,2026-04-03,1K–15K,1001,15000,8000.5,capitol_trades
cbcfcad088aad805cb14,2026-04-17T00:12:51Z,John Fetterman,senate,GOOGL,Alphabet Inc GOOGL:US,purchase,2026-03-30,2026-04-03,1K–15K,1001,15000,8000.5,capitol_trades
2c96baffec08733c1698,2026-04-17T00:12:51Z,John Fetterman,senate,AMZN,Amazon.com Inc AMZN:US,purchase,2026-03-30,2026-04-03,1K–15K,1001,15000,8000.5,capitol_trades
069cedc1316b22b11847,2026-04-17T00:12:51Z,David Taylor,house,IBP,Installed Building Products Inc IBP:US,purchase,2026-03-24,2026-04-03,1K–15K,1001,15000,8000.5,capitol_trades
9f47874a647ae8f2ac22,2026-04-17T00:12:51Z,David Taylor,house,KR,The Kroger Co KR:US,sale,2026-03-24,2026-04-03,1K–15K,1001,15000,8000.5,capitol_trades
575db6b8668bd19977ab,2026-04-17T00:12:51Z,Kelly Morrison,house,CORP,ANDERSEN CORP N/A,sale,2025-01-20,2026-04-03,500K–1M,500001,1000000,750000.5,capitol_trades
c07ffd29a85095bff1bc,2026-04-17T00:12:51Z,Kelly Morrison,house,CORP,ANDERSEN CORP N/A,sale,2025-03-15,2026-04-03,250K–500K,250001,500000,375000.5,capitol_trades
013d58c1f3be4fe0f089,2026-04-17T00:12:51Z,Kelly Morrison,house,CORP,ANDERSEN CORP N/A,sale,2025-06-15,2026-04-03,250K–500K,250001,500000,375000.5,capitol_trades
2c209d87c7cb572ff294,2026-04-17T00:12:51Z,Kelly Morrison,house,CORP,ANDERSEN CORP N/A,sale,15 Sept 2025,2026-04-03,100K–250K,100001,250000,175000.5,capitol_trades
78ca7dd8b73f1d62fc55,2026-04-17T00:12:51Z,Kelly Morrison,house,CORP,ANDERSEN CORP N/A,sale,2025-10-15,2026-04-03,50K–100K,50001,100000,75000.5,capitol_trades
4bb5724ae5bc92aa40b1,2026-04-17T00:12:51Z,Kelly Morrison,house,CORP,ANDERSEN CORP N/A,sale,2026-01-20,2026-04-03,250K–500K,250001,500000,375000.5,capitol_trades
b1033b48119d9b658dab,2026-04-17T00:12:51Z,Kelly Morrison,house,CORP,ANDERSEN CORP N/A,sale,2026-03-15,2026-04-03,100K–250K,100001,250000,175000.5,capitol_trades
928ab8dfbae2d4d6440b,2026-04-17T00:12:51Z,Kelly Morrison,house,LLP,CAVALL LLP N/A,purchase,2025-12-22,2026-04-03,1K–15K,1001,15000,8000.5,capitol_trades
7c9b0d7519c3eaffd2bb,2026-04-17T00:12:51Z,Kelly Morrison,house,INC,STARCLOUD INC N/A,purchase,2026-03-15,2026-04-03,15K–50K,15001,50000,32500.5,capitol_trades
4f2da0bd655527cc8edc,2026-04-17T00:12:51Z,Tina Smith,senate,MMM,3M Co MMM:US,sale,2026-03-31,2026-04-02,50K–100K,50001,100000,75000.5,capitol_trades
41eeff2143ef2c2ce90d,2026-04-17T00:12:51Z,Tina Smith,senate,BRK,Berkshire Hathaway Inc BRK/B:US,sale,2026-03-31,2026-04-02,100K–250K,100001,250000,175000.5,capitol_trades
78b88462babfe31d5ba4,2026-04-17T00:12:51Z,Mark Alford,house,AMZN,Amazon.com Inc AMZN:US,sale,2026-03-16,2026-04-01,1K–15K,1001,15000,8000.5,capitol_trades
b2782ed84957e37eca37,2026-04-17T00:12:51Z,Mark Alford,house,AAPL,Apple Inc AAPL:US,sale,2026-03-16,2026-04-01,1K–15K,1001,15000,8000.5,capitol_trades
1a220a6a9ba9a238a57a,2026-04-17T00:12:51Z,Mark Alford,house,AT,AT&T Inc T:US,sale,2026-03-16,2026-04-01,1K–15K,1001,15000,8000.5,capitol_trades
e2824df117e1b00dc3e6,2026-04-17T00:12:51Z,Mark Alford,house,BRK,Berkshire Hathaway Inc BRK/B:US,sale,2026-03-16,2026-04-01,1K–15K,1001,15000,8000.5,capitol_trades
b786f25675496a71a571,2026-04-17T00:12:51Z,Mark Alford,house,SPDR,SPDR DOW JONES INDUSTRIAL AVERAGE ETF TRUST DIA:US,sale,2026-03-16,2026-04-01,1K–15K,1001,15000,8000.5,capitol_trades
51d25c141b6ac03a9fe7,2026-04-17T00:12:51Z,Mark Alford,house,QQQ,Invesco QQQ Trust Series 1 QQQ:US,sale,2026-03-16,2026-04-01,1K–15K,1001,15000,8000.5,capitol_trades
be0dc9ef353e1d03edf0,2026-04-17T00:12:51Z,Mark Alford,house,PYPL,PayPal Holdings Inc PYPL:US,sale,2026-03-16,2026-04-01,1K–15K,1001,15000,8000.5,capitol_trades
988bd382962c41d32df4,2026-04-17T00:12:53Z,Jared Moskowitz,house,ROP,Roper Technologies Inc ROP:US,sale,2026-02-27,2026-03-31,1K–15K,1001,15000,8000.5,capitol_trades
a737e0ed7895d844c9e3,2026-04-17T00:12:53Z,Max Miller,house,IX,ALPINE INVESTORS IX LP N/A,purchase,2026-03-13,2026-03-31,1K–15K,1001,15000,8000.5,capitol_trades
a70e5b1ed8800d4b2ce2,2026-04-17T00:12:53Z,Max Miller,house,NEW,NEW WATER CAPITAL PARTNERS II LP N/A,purchase,2026-02-27,2026-03-31,< 1K,1.0,1.0,1.0,capitol_trades
6a171efcac0605e2cf9f,2026-04-17T00:12:53Z,Max Miller,house,NEW,NEW WATER CAPITAL PARTNERS II LP N/A,sale,2026-02-27,2026-03-31,1K–15K,1001,15000,8000.5,capitol_trades
65abe5ba4eef6f43cd8d,2026-04-17T00:12:53Z,Max Miller,house,FUND,RIVERSIDE ACCELERATION CAPITAL FUND II N/A,purchase,2026-03-13,2026-03-31,1K–15K,1001,15000,8000.5,capitol_trades
bf479b7dd181392d12d8,2026-04-17T00:12:53Z,Max Miller,house,I,TRIMER CAPITAL PARTNERS I LP N/A,purchase,2026-03-03,2026-03-31,< 1K,1.0,1.0,1.0,capitol_trades
6d6a596e63e311a12d63,2026-04-17T00:12:53Z,Dave McCormick,senate,WATER,PHILADELPHIA WATER DEPARTMENT N/A,purchase,2026-03-03,2026-03-28,500K–1M,500001,1000000,750000.5,capitol_trades
b4561d30ded56058c92e,2026-04-17T00:12:53Z,Warren Davidson,house,GE,GE HEALTHCARE TECHNOLOGI INC GEHC:US,sale,2026-03-23,2026-03-26,1K–15K,1001,15000,8000.5,capitol_trades
010659e986a21b384db1,2026-04-17T00:12:53Z,Dave McCormick,senate,GS,The Goldman Sachs Group Inc GS:US,purchase,2026-03-10,2026-03-26,100K–250K,100001,250000,175000.5,capitol_trades
b4cfa51f14321b8dd4d4,2026-04-17T00:12:53Z,Dave McCormick,senate,GS,The Goldman Sachs Group Inc GS:US,purchase,2026-03-03,2026-03-26,100K–250K,100001,250000,175000.5,capitol_trades
8b6862ec843d1c9ea7e0,2026-04-17T00:12:53Z,Dave McCormick,senate,CITY,DUBLIN CITY SCHOOL DISTRICT N/A,purchase,2026-02-26,2026-03-26,250K–500K,250001,500000,375000.5,capitol_trades
edf017b9db7d8cdd8928,2026-04-17T00:12:53Z,Dave McCormick,senate,OF,DEPARTMENT OF STATE PENNSYLVANIA N/A,purchase,2026-02-25,2026-03-26,500K–1M,500001,1000000,750000.5,capitol_trades
874185276cfdb51483b2,2026-04-17T00:12:53Z,Dave McCormick,senate,GS,The Goldman Sachs Group Inc GS:US,purchase,2026-02-25,2026-03-26,100K–250K,100001,250000,175000.5,capitol_trades
6dde8b6e88bd341353e0,2026-04-17T00:12:53Z,Dave McCormick,senate,GS,The Goldman Sachs Group Inc GS:US,purchase,2026-02-24,2026-03-26,100K–250K,100001,250000,175000.5,capitol_trades
5e3eeee3a57a38f5160f,2026-04-17T00:12:53Z,Dave McCormick,senate,GS,The Goldman Sachs Group Inc GS:US,purchase,2026-02-23,2026-03-26,100K–250K,100001,250000,175000.5,capitol_trades
2ae8624014d0b9280ae2,2026-04-17T00:12:53Z,Susan Collins,senate,PFE,Pfizer Inc PFE:US,purchase,2026-02-03,2026-03-26,15K–50K,15001,50000,32500.5,capitol_trades
6174271cd903a0541e52,2026-04-17T00:12:53Z,Tim Moore,house,CBRL,Cracker Barrel Old Country Store Inc CBRL:US,purchase,2026-03-23,2026-03-25,15K–50K,15001,50000,32500.5,capitol_trades
c952589d8f32a3a7ed91,2026-04-17T00:12:53Z,Tim Moore,house,HOG,Harley-Davidson Inc HOG:US,purchase,2026-03-12,2026-03-25,15K–50K,15001,50000,32500.5,capitol_trades
93c9240d0da14ffe5c10,2026-04-17T00:12:53Z,Tim Moore,house,DNUT,Krispy Kreme Inc DNUT:US,sale,2026-03-17,2026-03-25,15K–50K,15001,50000,32500.5,capitol_trades
de30cc5230797f444273,2026-04-17T00:12:53Z,Tim Moore,house,LGI,LGI Homes Inc LGIH:US,purchase,2026-03-18,2026-03-25,15K–50K,15001,50000,32500.5,capitol_trades
b2efd5259c584eb1556c,2026-04-17T00:12:53Z,Tim Moore,house,LGI,LGI Homes Inc LGIH:US,purchase,2026-03-19,2026-03-25,50K–100K,50001,100000,75000.5,capitol_trades
14e2e1a751d6b2443c63,2026-04-17T00:12:53Z,Tim Moore,house,LGI,LGI Homes Inc LGIH:US,purchase,2026-03-20,2026-03-25,15K–50K,15001,50000,32500.5,capitol_trades
54fdff3e505f99d63909,2026-04-17T00:12:53Z,Tim Moore,house,LGI,LGI Homes Inc LGIH:US,purchase,2026-03-12,2026-03-25,15K–50K,15001,50000,32500.5,capitol_trades
a7af06b8cab37b2371fa,2026-04-17T00:12:53Z,Tim Moore,house,GOOD,SIMPLY GOOD FOODS COMPANY N/A,purchase,2026-03-12,2026-03-25,1K–15K,1001,15000,8000.5,capitol_trades
77b4ffd2625ccd0c273c,2026-04-17T00:12:53Z,Tim Moore,house,GOOD,SIMPLY GOOD FOODS COMPANY N/A,purchase,2026-03-13,2026-03-25,1K–15K,1001,15000,8000.5,capitol_trades
697a8ebcc6575f474048,2026-04-17T00:12:53Z,Angus King,senate,UBER,Uber Technologies Inc UBER:US,sale,2026-02-13,2026-03-24,1K–15K,1001,15000,8000.5,capitol_trades
bb81ac19217ae7c9f6d8,2026-04-17T00:12:53Z,Angus King,senate,PYPL,PayPal Holdings Inc PYPL:US,sale,2026-02-13,2026-03-24,1K–15K,1001,15000,8000.5,capitol_trades
fbfc04b384c3fce5eace,2026-04-17T00:12:53Z,Angus King,senate,ON,ON HOLDING AG ONON:US,sale,2026-02-13,2026-03-24,1K–15K,1001,15000,8000.5,capitol_trades
91d435aa73f4298e6bec,2026-04-17T00:12:53Z,Angus King,senate,NFLX,Netflix Inc NFLX:US,sale,2026-02-13,2026-03-24,1K–15K,1001,15000,8000.5,capitol_trades
a2b0db03310a0005602d,2026-04-17T00:12:53Z,Angus King,senate,MSFT,Microsoft Corp MSFT:US,sale,2026-02-13,2026-03-24,1K–15K,1001,15000,8000.5,capitol_trades
8ed17452030d0398485e,2026-04-17T00:12:53Z,Angus King,senate,META,Meta Platforms Inc META:US,sale,2026-02-13,2026-03-24,1K–15K,1001,15000,8000.5,capitol_trades
7df9863f9def3dbd12fc,2026-04-17T00:12:53Z,Angus King,senate,LLY,Eli Lilly and Co LLY:US,sale,2026-02-13,2026-03-24,1K–15K,1001,15000,8000.5,capitol_trades
815efc4ceb62665f62b0,2026-04-17T00:12:53Z,Angus King,senate,BX,Blackstone Group Inc BX:US,sale,2026-02-13,2026-03-24,1K–15K,1001,15000,8000.5,capitol_trades
97d5cc8db2db3d2c7fcd,2026-04-17T00:12:53Z,Angus King,senate,ADSK,AUTODESK Inc ADSK:US,sale,2026-02-13,2026-03-24,1K–15K,1001,15000,8000.5,capitol_trades
95d1872b87424e76d786,2026-04-17T00:12:53Z,David Taylor,house,CVX,Chevron Corp CVX:US,sale,2026-03-12,2026-03-23,1K–15K,1001,15000,8000.5,capitol_trades
3afbdb705c4f13a55c19,2026-04-17T00:12:53Z,David Taylor,house,CVX,Chevron Corp CVX:US,sale,2026-03-11,2026-03-23,1K–15K,1001,15000,8000.5,capitol_trades
f792344d418fbb8bc054,2026-04-17T00:12:53Z,David Taylor,house,FITB,Fifth Third Bancorp FITB:US,purchase,2026-03-11,2026-03-23,1K–15K,1001,15000,8000.5,capitol_trades
3d257374ff43c1194082,2026-04-17T00:12:53Z,David Taylor,house,HD,The Home Depot Inc HD:US,purchase,2026-03-12,2026-03-23,1K–15K,1001,15000,8000.5,capitol_trades
a1c00b6455355dced502,2026-04-17T00:12:53Z,David Taylor,house,IBP,Installed Building Products Inc IBP:US,purchase,2026-03-12,2026-03-23,1K–15K,1001,15000,8000.5,capitol_trades
cd98b7d00984af9da557,2026-04-17T00:12:53Z,David Taylor,house,LRCX,Lam Research Corp LRCX:US,purchase,2026-03-12,2026-03-23,1K–15K,1001,15000,8000.5,capitol_trades
0482b231bd2bfb096e6b,2026-04-17T00:12:53Z,David Taylor,house,MPC,Marathon Petroleum Corp MPC:US,sale,2026-03-11,2026-03-23,1K–15K,1001,15000,8000.5,capitol_trades
e7f0cab8a8288ad9ed6e,2026-04-17T00:12:53Z,David Taylor,house,PH,Parker-Hannifin Corp PH:US,purchase,2026-03-12,2026-03-23,1K–15K,1001,15000,8000.5,capitol_trades
02efbd235bd2b4c175b8,2026-04-17T00:12:53Z,David Taylor,house,RPM,RPM International Inc RPM:US,purchase,2026-03-12,2026-03-23,1K–15K,1001,15000,8000.5,capitol_trades
85f8b86ec0c19957e01f,2026-04-17T00:12:53Z,David Taylor,house,RPM,RPM International Inc RPM:US,purchase,2026-03-11,2026-03-23,1K–15K,1001,15000,8000.5,capitol_trades
4caa05270e112b60ff72,2026-04-17T00:12:53Z,Chuck Fleischmann,house,ADBE,Adobe Inc ADBE:US,purchase,2026-02-20,2026-03-23,1K–15K,1001,15000,8000.5,capitol_trades
bc4fdaca444c8503cff5,2026-04-17T00:12:53Z,Chuck Fleischmann,house,EEFT,Euronet Worldwide Inc EEFT:US,sale,2026-02-20,2026-03-23,1K–15K,1001,15000,8000.5,capitol_trades
a6da88f0e5db5a236244,2026-04-17T00:12:53Z,Chuck Fleischmann,house,PYPL,PayPal Holdings Inc PYPL:US,sale,2026-02-20,2026-03-23,1K–15K,1001,15000,8000.5,capitol_trades
2b30c12775c6051b5fbc,2026-04-17T00:12:53Z,Chuck Fleischmann,house,PINS,Pinterest Inc PINS:US,sale,2026-02-20,2026-03-23,1K–15K,1001,15000,8000.5,capitol_trades
c10937f64326b43ebe9c,2026-04-17T00:12:53Z,Chuck Fleischmann,house,NOW,ServiceNow Inc NOW:US,purchase,2026-02-20,2026-03-23,1K–15K,1001,15000,8000.5,capitol_trades
ebbb1d4a8242e2ec0734,2026-04-17T00:12:53Z,Chuck Fleischmann,house,UNH,Unitedhealth Group Inc UNH:US,purchase,2026-02-20,2026-03-23,15K–50K,15001,50000,32500.5,capitol_trades
52524e70103ea34063ae,2026-04-17T00:12:53Z,Chuck Fleischmann,house,PLC,Accenture PLC ACN:US,purchase,2026-02-23,2026-03-23,15K–50K,15001,50000,32500.5,capitol_trades
7d23e3445d3d356b5bc6,2026-04-17T00:12:53Z,Sheri Biggs,house,DEBT,APOLLO DEBT SOLUTIONS BDC N/A,purchase,2026-02-04,2026-03-23,1K–15K,1001,15000,8000.5,capitol_trades
b8c55f8d9725b886c5ae,2026-04-17T00:12:53Z,Sheri Biggs,house,PLC,Barclays Bank PLC 8376923Z:LN,sale,2026-02-19,2026-03-23,100K–250K,100001,250000,175000.5,capitol_trades
ea4aaca0537b72af68b9,2026-04-17T00:12:53Z,Sheri Biggs,house,KKR,KKR REAL ESTATE SELECT TRUST INC N/A,purchase,2026-02-04,2026-03-23,1K–15K,1001,15000,8000.5,capitol_trades
95d751d371f289ac0a32,2026-04-17T00:12:53Z,Sheri Biggs,house,FUND,OAKTREE STRATEGIC CREDIT FUND A (CAYMAN) LP N/A,purchase,2026-02-27,2026-03-23,1K–15K,1001,15000,8000.5,capitol_trades
4575f69c194d25ef8342,2026-04-17T00:12:53Z,Sheri Biggs,house,FUND,OAKTREE STRATEGIC CREDIT FUND A (CAYMAN) LP N/A,purchase,2026-02-06,2026-03-23,1K–15K,1001,15000,8000.5,capitol_trades
fe6b10a3da8a277a4ede,2026-04-17T00:12:53Z,Mitch McConnell,senate,WFC,Wells Fargo & Co WFC:US,purchase,2026-03-01,2026-03-19,1K–15K,1001,15000,8000.5,capitol_trades
00756c3637696ce25e59,2026-04-17T00:12:53Z,Scott Peters,house,KENT,KENT STREET GROUP GP N/A,purchase,2026-02-04,2026-03-19,100K–250K,100001,250000,175000.5,capitol_trades
9e53b6e0c28e0baccda0,2026-04-17T00:12:53Z,Scott Peters,house,FUND,STEPSTONE TACTICAL GROWTH FUND III LP N/A,purchase,2026-02-13,2026-03-19,1K–15K,1001,15000,8000.5,capitol_trades
eaafdbd73d0a01c27cc3,2026-04-17T00:12:53Z,Scott Peters,house,VALO,VALO VENTURES GP II LP N/A,purchase,2026-02-03,2026-03-19,50K–100K,50001,100000,75000.5,capitol_trades
0ea32bb6013f0289097a,2026-04-17T00:12:53Z,August Pfluger,house,WBD,Warner Bros Discover Inc WBD:US,sale,2026-02-10,2026-03-19,1K–15K,1001,15000,8000.5,capitol_trades
6be615fe6cb7278913f4,2026-04-17T14:46:24Z,Jennifer  McClellan,house,VZ,Verizon Communications Inc VZ:US,sale,2026-04-07,2026-04-17,100K–250K,100001,250000,175000.5,capitol_trades
26957d86cbeed23567f2,2026-04-17T14:46:24Z,Sheri Biggs,house,DEBT,APOLLO DEBT SOLUTIONS BDC N/A,purchase,2026-03-03,2026-04-17,1K–15K,1001,15000,8000.5,capitol_trades
761410a04e7e5d5ed299,2026-04-17T14:46:24Z,Sheri Biggs,house,DEBT,APOLLO DEBT SOLUTIONS BDC N/A,purchase,2026-03-27,2026-04-17,1K–15K,1001,15000,8000.5,capitol_trades
5c4add4a95ec730d72f2,2026-04-17T14:46:24Z,Sheri Biggs,house,TRUST,ISHARES BITCOIN TRUST ETF IBIT:US,purchase,2026-03-04,2026-04-17,100K–250K,100001,250000,175000.5,capitol_trades
79bc09cb027862ff1e83,2026-04-17T14:46:24Z,Sheri Biggs,house,FUND,OAKTREE STRATEGIC CREDIT FUND A (CAYMAN) LP N/A,purchase,2026-03-30,2026-04-17,1K–15K,1001,15000,8000.5,capitol_trades
fd90326533ea471e0153,2026-04-20T15:07:46Z,Laura Friedman,house,ABT,Abbott Laboratories ABT:US,exchange,2026-03-24,2026-04-20,1K–15K,1001,15000,8000.5,capitol_trades
be0bc4997af8da3bef6d,2026-04-21T10:58:16Z,Jim Banks,senate,SBUX,Starbucks Corp SBUX:US,sale,2026-04-15,2026-04-20,1K–15K,1001,15000,8000.5,capitol_trades
521a12040f68559e868c,2026-04-21T15:03:18Z,Terri Sewell,house,GE,GE HEALTHCARE TECHNOLOGI INC GEHC:US,sale,2026-03-25,2026-04-21,1K–15K,1001,15000,8000.5,capitol_trades
1bd90a2a42202c2e4f00,2026-04-21T15:03:18Z,Terri Sewell,house,TPR,Tapestry Inc TPR:US,sale,2026-03-25,2026-04-21,15K–50K,15001,50000,32500.5,capitol_trades
a024abb20b97472cbcf0,2026-04-21T15:03:18Z,Cleo Fields,house,TSM,Taiwan Semiconductor Manufacturing Co Ltd TSM:US,purchase,2026-04-09,2026-04-21,1K–15K,1001,15000,8000.5,capitol_trades
4c3ccf6275d7d3fa2446,2026-04-21T15:03:18Z,Dan Meuser,house,NVDA,NVIDIA Corporation NVDA:US,sale,2026-03-25,2026-04-21,1K–15K,1001,15000,8000.5,capitol_trades
5ffe4fa7d1e2b45088de,2026-04-21T15:03:18Z,Dwight Evans,house,MU,Micron Technology Inc MU:US,sale,2026-03-24,2026-04-21,15K–50K,15001,50000,32500.5,capitol_trades
a3a314cc67ddfc9f9414,2026-04-22T15:03:39Z,Maria Elvira Salazar,house,AMGN,Amgen Inc AMGN:US,purchase,2026-03-24,2026-04-22,15K–50K,15001,50000,32500.5,capitol_trades
00cb30c1613e3ba30e15,2026-04-22T15:03:39Z,Maria Elvira Salazar,house,BA,Boeing Co BA:US,purchase,2026-03-19,2026-04-22,15K–50K,15001,50000,32500.5,capitol_trades
d7e5c9856909b707a6d6,2026-04-22T15:03:39Z,Maria Elvira Salazar,house,BA,Boeing Co BA:US,purchase,2026-03-19,2026-04-22,1K–15K,1001,15000,8000.5,capitol_trades
0aee2b9c20f37ec21039,2026-04-22T15:03:39Z,Maria Elvira Salazar,house,CSCO,Cisco Systems Inc CSCO:US,purchase,2026-03-19,2026-04-22,1K–15K,1001,15000,8000.5,capitol_trades
5f025df0e693120041c9,2026-04-22T15:03:39Z,Maria Elvira Salazar,house,CSCO,Cisco Systems Inc CSCO:US,purchase,2026-03-19,2026-04-22,15K–50K,15001,50000,32500.5,capitol_trades
f9e3505fc4d90de2e38e,2026-04-22T15:03:39Z,Maria Elvira Salazar,house,C,Citigroup Inc C:US,purchase,2026-03-19,2026-04-22,15K–50K,15001,50000,32500.5,capitol_trades
6e078382246dbfed3b79,2026-04-22T15:03:39Z,Maria Elvira Salazar,house,C,Citigroup Inc C:US,purchase,2026-03-19,2026-04-22,1K–15K,1001,15000,8000.5,capitol_trades
ff73b1d435d90012d3e3,2026-04-22T15:03:39Z,Maria Elvira Salazar,house,GLW,Corning Inc GLW:US,purchase,2026-03-19,2026-04-22,15K–50K,15001,50000,32500.5,capitol_trades
6c708424979d8d7d4772,2026-04-22T15:03:39Z,Maria Elvira Salazar,house,FDX,FedEx Corp FDX:US,purchase,2026-03-19,2026-04-22,15K–50K,15001,50000,32500.5,capitol_trades
f5492018296d54913c04,2026-04-22T15:03:39Z,Maria Elvira Salazar,house,FDX,FedEx Corp FDX:US,purchase,2026-03-25,2026-04-22,1K–15K,1001,15000,8000.5,capitol_trades
8db0f82bb90ca1b0cf50,2026-04-22T15:03:39Z,Maria Elvira Salazar,house,GE,General Electric Co GE:US,purchase,2026-03-24,2026-04-22,1K–15K,1001,15000,8000.5,capitol_trades
843ac5682bac95cdeb38,2026-04-22T15:03:39Z,Maria Elvira Salazar,house,GS,The Goldman Sachs Group Inc GS:US,purchase,2026-03-19,2026-04-22,15K–50K,15001,50000,32500.5,capitol_trades
912ebc1ce7bc207cb2c0,2026-04-22T15:03:39Z,Maria Elvira Salazar,house,HON,Honeywell International Inc HON:US,purchase,2026-03-24,2026-04-22,15K–50K,15001,50000,32500.5,capitol_trades
55e413455ef405fdcc03,2026-04-22T15:03:39Z,Maria Elvira Salazar,house,NVR,NVR Inc NVR:US,purchase,2026-03-19,2026-04-22,1K–15K,1001,15000,8000.5,capitol_trades
e54b6cc6732e069618b3,2026-04-22T15:03:39Z,Maria Elvira Salazar,house,PTON,Peloton Interactive Inc PTON:US,purchase,2026-03-19,2026-04-22,1K–15K,1001,15000,8000.5,capitol_trades
bb0ae54a0d9d22357d26,2026-04-22T15:03:39Z,Maria Elvira Salazar,house,RH,RH RH:US,purchase,2026-03-19,2026-04-22,15K–50K,15001,50000,32500.5,capitol_trades
9a7174ba038b418a527b,2026-04-22T15:03:39Z,Maria Elvira Salazar,house,ULTA,Ulta Beauty Inc ULTA:US,purchase,2026-03-19,2026-04-22,15K–50K,15001,50000,32500.5,capitol_trades
6cb8752b9db148862e70,2026-04-22T15:03:39Z,Maria Elvira Salazar,house,URI,United Rentals Inc URI:US,purchase,2026-03-25,2026-04-22,1K–15K,1001,15000,8000.5,capitol_trades
0ebcffbdc779b02231a6,2026-04-22T15:03:39Z,Maria Elvira Salazar,house,INC,VENTURE GLOBAL INC VG:US,purchase,2026-03-19,2026-04-22,1K–15K,1001,15000,8000.5,capitol_trades
0fd58a35965802a9a632,2026-04-22T15:03:39Z,Maria Elvira Salazar,house,WHR,Whirlpool Corp WHR:US,purchase,2026-03-19,2026-04-22,15K–50K,15001,50000,32500.5,capitol_trades
95bd5ce65fd898c9d760,2026-04-22T15:03:39Z,Maria Elvira Salazar,house,WHR,Whirlpool Corp WHR:US,purchase,2026-03-19,2026-04-22,1K–15K,1001,15000,8000.5,capitol_trades
40019ea443d44a0601e9,2026-04-24T18:56:12Z,Bob Latta,house,FMAO,Farmers & Merchants Bancorp Inc FMAO:US,purchase,2026-04-20,2026-04-24,1K–15K,1001,15000,8000.5,capitol_trades
02e2a4e6135516ea180b,2026-04-27T19:26:19Z,Ro Khanna,house,BANK,BANK OF MONTREAL BMO:US,purchase,2026-03-16,2026-04-09,1K–15K,1001,15000,8000.5,capitol_trades
d1cbe306e5a7e660d1ce,2026-04-27T19:26:19Z,Ro Khanna,house,BANK,NATIONAL BANK CANADA NTIOF:US,purchase,2026-03-03,2026-04-09,50K–100K,50001,100000,75000.5,capitol_trades
bbbf8f6600d60d832f65,2026-04-27T19:26:19Z,Ro Khanna,house,WELLS,WELLS FARGO & CO WFC:US,purchase,2026-03-11,2026-04-09,1K–15K,1001,15000,8000.5,capitol_trades
1ef4b8707bc8d3612605,2026-04-27T19:26:19Z,Ro Khanna,house,CL,ROGERS COMMUNICATIONS  -CL B RCI:US,purchase,2026-03-24,2026-04-09,1K–15K,1001,15000,8000.5,capitol_trades
a57afe74046064711292,2026-04-27T19:26:19Z,Ro Khanna,house,FIRST,FIRST HORIZON CORP FHN:US,purchase,2026-03-05,2026-04-09,1K–15K,1001,15000,8000.5,capitol_trades
45a9289b70225ed459d6,2026-04-27T19:26:19Z,Ro Khanna,house,CORP,STARBUCKS CORP SBUX:US,sale,2026-03-06,2026-04-09,1K–15K,1001,15000,8000.5,capitol_trades
5bcff80fab2cd988d031,2026-04-27T19:26:19Z,Ro Khanna,house,EATON,EATON CORP PLC ETN:US,sale,2026-03-06,2026-04-09,1K–15K,1001,15000,8000.5,capitol_trades
05df79f60085862f5c8b,2026-04-27T19:26:19Z,Ro Khanna,house,APPLE,APPLE INC AAPL:US,sale,2026-03-06,2026-04-09,1K–15K,1001,15000,8000.5,capitol_trades
126c393563bff807da41,2026-04-27T19:26:19Z,Ro Khanna,house,INC,NASDAQ INC NDAQ:US,sale,2026-03-24,2026-04-09,1K–15K,1001,15000,8000.5,capitol_trades
4b56bcdc3cb144785f5b,2026-04-27T19:26:19Z,Ro Khanna,house,CISCO,CISCO SYSTEMS INC CSCO:US,purchase,2026-03-30,2026-04-09,15K–50K,15001,50000,32500.5,capitol_trades
aadd48960239c23e2294,2026-04-27T19:26:19Z,Ro Khanna,house,COCA,COCA-COLA CO KO:US,purchase,2026-03-30,2026-04-09,15K–50K,15001,50000,32500.5,capitol_trades
680989727a7930d8fd49,2026-04-27T19:26:19Z,Ro Khanna,house,GROUP,UNITEDHEALTH GROUP INC UNH:US,purchase,2026-03-30,2026-04-09,1K–15K,1001,15000,8000.5,capitol_trades
4afdcbb58eda66521ee7,2026-04-27T19:26:19Z,Ro Khanna,house,CORP,BOSTON SCIENTIFIC CORP BSX:US,purchase,2026-03-30,2026-04-09,15K–50K,15001,50000,32500.5,capitol_trades
63acbb5f69f22ae273d8,2026-04-27T19:26:19Z,Ro Khanna,house,COM,AMAZON.COM INC AMZN:US,purchase,2026-03-30,2026-04-09,15K–50K,15001,50000,32500.5,capitol_trades
cb84f56a8c3cc435939a,2026-04-27T19:26:19Z,Ro Khanna,house,INC,INTUIT INC INTU:US,purchase,2026-03-30,2026-04-09,15K–50K,15001,50000,32500.5,capitol_trades
7389806a3c48dae46e57,2026-04-27T19:26:19Z,Ro Khanna,house,CO,AMERICAN EXPRESS CO AXP:US,purchase,2026-03-30,2026-04-09,15K–50K,15001,50000,32500.5,capitol_trades
2050b1a587f8e4a31a57,2026-04-27T19:26:19Z,Ro Khanna,house,WALT,DISNEY (WALT) CO DIS:US,purchase,2026-03-30,2026-04-09,15K–50K,15001,50000,32500.5,capitol_trades
cbe6ba3a1a1ef964c985,2026-04-27T19:26:19Z,Ro Khanna,house,MOODY,MOODY'S CORP MCO:US,purchase,2026-03-30,2026-04-09,15K–50K,15001,50000,32500.5,capitol_trades
6934ef4e7dbd0e0259bd,2026-04-27T19:26:19Z,Ro Khanna,house,ONE,CAPITAL ONE FINANCIAL CORP COF:US,purchase,2026-03-30,2026-04-09,15K–50K,15001,50000,32500.5,capitol_trades
cdf45a2f2d35e478d3e0,2026-04-27T19:26:19Z,Ro Khanna,house,PALO,PALO ALTO NETWORKS INC PANW:US,purchase,2026-03-30,2026-04-09,15K–50K,15001,50000,32500.5,capitol_trades
ffc6bf118471abc74f0b,2026-04-27T19:26:19Z,Ro Khanna,house,CHASE,JPMORGAN CHASE & CO JPM:US,purchase,2026-03-30,2026-04-09,15K–50K,15001,50000,32500.5,capitol_trades
3c2d4bbb3a81a9aa3656,2026-04-27T19:26:19Z,Ro Khanna,house,DATA,AUTOMATIC DATA PROCESSING ADP:US,purchase,2026-03-30,2026-04-09,15K–50K,15001,50000,32500.5,capitol_trades
652d1d8d5dfb4010da58,2026-04-27T19:26:19Z,Ro Khanna,house,LOWE,LOWE'S COS INC LOW:US,purchase,2026-03-30,2026-04-09,15K–50K,15001,50000,32500.5,capitol_trades
26713c9f0aff054d890a,2026-04-27T19:26:19Z,Ro Khanna,house,WELLS,WELLS FARGO & CO WFC:US,purchase,2026-03-30,2026-04-09,15K–50K,15001,50000,32500.5,capitol_trades
a47b474498f511970f8c,2026-04-27T19:26:19Z,Ro Khanna,house,TESLA,TESLA INC TSLA:US,purchase,2026-03-30,2026-04-09,15K–50K,15001,50000,32500.5,capitol_trades
0dee5ed5c2b9ce9e9655,2026-04-27T19:26:19Z,Ro Khanna,house,INC,MONDELEZ INTERNATIONAL INC MDLZ:US,purchase,2026-03-30,2026-04-09,1K–15K,1001,15000,8000.5,capitol_trades
64a283f4666f7a884527,2026-04-27T19:26:35Z,Kevin Hern,house,PRICE,PRICE (T. ROWE) GROUP TROW:US,sale,2026-03-20,2026-04-06,15K–50K,15001,50000,32500.5,capitol_trades
274f68b6d0b319844200,2026-04-27T19:26:35Z,Kevin Hern,house,TEXAS,TEXAS INSTRUMENTS INC TXN:US,sale,2026-03-18,2026-04-06,500K–1M,500001,1000000,750000.5,capitol_trades
27ee26c098288c3ca752,2026-04-27T19:26:35Z,Dan Meuser,house,CORP,NVIDIA CORP NVDA:US,sale,2026-02-25,2026-04-06,1K–15K,1001,15000,8000.5,capitol_trades
5b9df65475967f035d0d,2026-04-27T19:26:35Z,Shelley Moore Capito,senate,INC,FACTSET RESEARCH SYSTEMS INC FDS:US,sale,2026-03-31,2026-04-05,1K–15K,1001,15000,8000.5,capitol_trades
e1210a77a12870301735,2026-04-27T19:26:35Z,Shelley Moore Capito,senate,INC,FACTSET RESEARCH SYSTEMS INC FDS:US,sale,2026-03-26,2026-04-05,1K–15K,1001,15000,8000.5,capitol_trades
8c39146609e2a390542a,2026-04-27T19:26:35Z,Shelley Moore Capito,senate,INC,FACTSET RESEARCH SYSTEMS INC FDS:US,sale,2026-03-25,2026-04-05,1K–15K,1001,15000,8000.5,capitol_trades
fd874a509a374db38e5a,2026-04-27T19:26:35Z,Shelley Moore Capito,senate,CO,AMERICAN EXPRESS CO AXP:US,purchase,2026-03-11,2026-04-05,1K–15K,1001,15000,8000.5,capitol_trades
96ac0a8e3327a7639ae5,2026-04-27T19:26:35Z,John Fetterman,senate,CORP,MICROSOFT CORP MSFT:US,purchase,2026-03-27,2026-04-03,1K–15K,1001,15000,8000.5,capitol_trades
82a310bcb2b65cda7bc5,2026-04-27T19:26:35Z,John Fetterman,senate,CORP,CONCENTRIX CORP CNXC:US,sale,2026-03-11,2026-04-03,1K–15K,1001,15000,8000.5,capitol_trades
dee857f0762301a344dc,2026-04-27T19:26:35Z,John Fetterman,senate,INC,MICRON TECHNOLOGY INC MU:US,purchase,2026-03-30,2026-04-03,1K–15K,1001,15000,8000.5,capitol_trades
b0785bbe60222ebc498b,2026-04-27T19:26:35Z,John Fetterman,senate,CORP,MICROSOFT CORP MSFT:US,purchase,2026-03-30,2026-04-03,1K–15K,1001,15000,8000.5,capitol_trades
d6d50f0ff8a9da4750ee,2026-04-27T19:26:35Z,John Fetterman,senate,COM,AMAZON.COM INC AMZN:US,purchase,2026-03-30,2026-04-03,1K–15K,1001,15000,8000.5,capitol_trades
1f7fecc3e177563de02d,2026-04-27T19:26:35Z,David Taylor,house,BLDG,INSTALLED BLDG PRODUCTS INC IBP:US,purchase,2026-03-24,2026-04-03,1K–15K,1001,15000,8000.5,capitol_trades
aad2917197f3bffd9e33,2026-04-27T19:26:35Z,David Taylor,house,CO,KROGER CO KR:US,sale,2026-03-24,2026-04-03,1K–15K,1001,15000,8000.5,capitol_trades
9d92a57018e201211299,2026-04-27T19:26:35Z,Tina Smith,senate,CO,3M CO MMM:US,sale,2026-03-31,2026-04-02,50K–100K,50001,100000,75000.5,capitol_trades
9d55b5184aa5da59255d,2026-04-27T19:26:35Z,Mark Alford,house,COM,AMAZON.COM INC AMZN:US,sale,2026-03-16,2026-04-01,1K–15K,1001,15000,8000.5,capitol_trades
7695e502a03815657c50,2026-04-27T19:26:35Z,Mark Alford,house,APPLE,APPLE INC AAPL:US,sale,2026-03-16,2026-04-01,1K–15K,1001,15000,8000.5,capitol_trades
fb09879724aebd9b12f5,2026-04-27T19:26:35Z,Mark Alford,house,INC,PAYPAL HOLDINGS INC PYPL:US,sale,2026-03-16,2026-04-01,1K–15K,1001,15000,8000.5,capitol_trades
7e3831e350dcc06734ea,2026-04-27T19:26:35Z,Jared Moskowitz,house,ROPER,ROPER TECHNOLOGIES INC ROP:US,sale,2026-02-27,2026-03-31,1K–15K,1001,15000,8000.5,capitol_trades
68430a89b422ebaec800,2026-04-29T15:50:55Z,Max Miller,house,ALTA,ALTA PARK ENDURANCE FUND LP N/A,purchase,2026-04-10,2026-04-29,15K–50K,15001,50000,32500.5,capitol_trades
8476db9d85f5742fdd58,2026-04-29T15:50:55Z,Max Miller,house,LP,GLASFUNDS LP N/A,purchase,2026-04-06,2026-04-29,15K–50K,15001,50000,32500.5,capitol_trades
fbdd0a981b814eb0eddb,2026-04-29T15:50:55Z,Max Miller,house,IV,MERCATO PARTNERS TRAVERSE IV QP LP N/A,purchase,2026-04-02,2026-04-29,1K–15K,1001,15000,8000.5,capitol_trades
64a85cfb57d59b744b0d,2026-04-29T15:50:55Z,Tim Moore,house,CBRL,Cracker Barrel Old Country Store Inc CBRL:US,sale,2026-04-01,2026-04-29,15K–50K,15001,50000,32500.5,capitol_trades
86d8ea5eebb9721197eb,2026-04-29T15:50:55Z,Tim Moore,house,HOG,Harley-Davidson Inc HOG:US,sale,2026-04-07,2026-04-29,50K–100K,50001,100000,75000.5,capitol_trades
4ba8ee1e5eb51439777c,2026-04-29T15:50:55Z,Tim Moore,house,LGI,LGI Homes Inc LGIH:US,sale,2026-03-26,2026-04-29,100K–250K,100001,250000,175000.5,capitol_trades
ea43c983533e1ff9e4f7,2026-04-29T15:50:55Z,Tim Moore,house,NVDA,NVIDIA Corporation NVDA:US,sale,2026-03-24,2026-04-29,15K–50K,15001,50000,32500.5,capitol_trades
852b8441eb8773bf1c04,2026-04-29T15:50:55Z,Suzan DelBene,house,STATE,STATE OF MARYLAND N/A,sale,2026-04-09,2026-04-29,15K–50K,15001,50000,32500.5,capitol_trades
3ceaeae77f2d7d3ea03a,2026-04-29T15:50:55Z,Suzan DelBene,house,FINAN,TARRANT COUNTY CULTURAL EDUCATION FACILITIES FINAN N/A,purchase,2026-04-01,2026-04-29,15K–50K,15001,50000,32500.5,capitol_trades
8dff3ca2e894cf4cf699,2026-04-29T15:50:55Z,Debbie Dingell,house,COHEN,COHEN & STEERS TAX-ADVANTAGE N/A,purchase,2026-04-21,2026-04-29,1K–15K,1001,15000,8000.5,capitol_trades
ac2f0d149034e05661d8,2026-04-29T15:50:55Z,Debbie Dingell,house,STATE,MICHIGAN STATE HOUSING DEVELOPMENT AUTHORITY N/A,purchase,2026-04-21,2026-04-29,15K–50K,15001,50000,32500.5,capitol_trades
aeb7be033810f95fcf6d,2026-04-29T15:50:55Z,Steve Cohen,house,OF,METROPOLITAN GOVERNMENT OF NASHVILLE AND DAVIDSON COUNTY TENNESSEE N/A,sale,2026-03-16,2026-04-29,1K–15K,1001,15000,8000.5,capitol_trades
e32bbcf1d52529b12db8,2026-04-30T15:43:02Z,Scott Peters,house,ALPHA,ALLOCATE ALPHA FUND II LP N/A,purchase,2026-03-26,2026-04-30,1K–15K,1001,15000,8000.5,capitol_trades
5b3c43bfe6bb0ad61a6c,2026-04-30T15:43:02Z,Scott Peters,house,FUND,ALLOCATE PREMIER ACCESS FUND LP N/A,purchase,2026-03-25,2026-04-30,1K–15K,1001,15000,8000.5,capitol_trades
ebdeb8e977a61eb29e2d,2026-04-30T15:43:02Z,Scott Peters,house,I,INVERTED CAPITAL I LP N/A,purchase,2026-03-25,2026-04-30,50K–100K,50001,100000,75000.5,capitol_trades
b2821d25ca81bd0567f8,2026-04-30T15:43:02Z,Scott Peters,house,OF,COUNTY OF RIVERSIDE CALIFORNIA N/A,sale,2026-03-30,2026-04-30,500K–1M,500001,1000000,750000.5,capitol_trades
2f76792526066001a71e,2026-04-30T15:43:02Z,Scott Peters,house,OF,UNIVERSITY OF CALIFORNIA SAN DIEGO N/A,sale,2026-03-27,2026-04-30,250K–500K,250001,500000,375000.5,capitol_trades
f5dc2d0e0463dd5e89df,2026-05-01T14:45:03Z,Lloyd Smucker,house,ENB,ENB FINANCIAL CORP ENBP:US,sale,2026-04-23,2026-05-01,1K–15K,1001,15000,8000.5,capitol_trades
6e16eec8d0e3e3460ec5,2026-05-01T14:45:03Z,Lloyd Smucker,house,CORP,FULTON FINANCIAL CORP FULT:US,sale,2026-04-23,2026-05-01,50K–100K,50001,100000,75000.5,capitol_trades
bdf0dcb4920d5886cea2,2026-05-01T14:45:03Z,Lloyd Smucker,house,CORP,FULTON FINANCIAL CORP FULT:US,sale,2026-04-17,2026-05-01,100K–250K,100001,250000,175000.5,capitol_trades
c9d4a3079b97f780cf9a,2026-05-01T14:45:03Z,Lloyd Smucker,house,PRU,Prudential Financial Inc PRU:US,sale,2026-04-23,2026-05-01,1K–15K,1001,15000,8000.5,capitol_trades
2e0024290bec5adaed1f,2026-05-01T14:45:03Z,Lloyd Smucker,house,TFC,Truist Financial Corp TFC:US,sale,2026-04-17,2026-05-01,1K–15K,1001,15000,8000.5,capitol_trades
dc67bf753dae83a9ca2e,2026-05-01T14:45:03Z,Lloyd Smucker,house,VZ,Verizon Communications Inc VZ:US,sale,2026-04-23,2026-05-01,1K–15K,1001,15000,8000.5,capitol_trades
db3ec416807b7fd83331,2026-05-01T14:45:03Z,Lloyd Smucker,house,WFC,Wells Fargo & Co WFC:US,sale,2026-04-23,2026-05-01,15K–50K,15001,50000,32500.5,capitol_trades
80590dbb95fa9e369b85,2026-05-01T14:45:03Z,Jared Moskowitz,house,PLC,Accenture PLC ACN:US,sale,2026-03-23,2026-05-01,1K–15K,1001,15000,8000.5,capitol_trades
732d89d10b063a134d8c,2026-05-01T14:45:03Z,Jared Moskowitz,house,AXP,American Express Co AXP:US,purchase,2026-03-31,2026-05-01,1K–15K,1001,15000,8000.5,capitol_trades
97d5ebfc5a11b06d0dcd,2026-05-01T14:45:03Z,Jared Moskowitz,house,ASML,ASML Holding NV ASML:US,purchase,2026-03-31,2026-05-01,1K–15K,1001,15000,8000.5,capitol_trades
b840489e0f2031dc3960,2026-05-01T14:45:03Z,Jared Moskowitz,house,ASML,ASML Holding NV ASML:US,purchase,2026-03-23,2026-05-01,1K–15K,1001,15000,8000.5,capitol_trades
61f303ecbf44fe7c70a9,2026-05-01T14:45:03Z,Jared Moskowitz,house,ADP,Automatic Data Processing Inc ADP:US,sale,2026-03-23,2026-05-01,1K–15K,1001,15000,8000.5,capitol_trades
1698c1eabd8f07c6ed8b,2026-05-01T14:45:03Z,Jared Moskowitz,house,AVGO,Broadcom Inc AVGO:US,purchase,2026-03-31,2026-05-01,1K–15K,1001,15000,8000.5,capitol_trades
0640b35effc3f3fec1b2,2026-05-01T14:45:03Z,Jared Moskowitz,house,BRO,Brown & Brown Inc BRO:US,sale,2026-03-23,2026-05-01,1K–15K,1001,15000,8000.5,capitol_trades
f2157813e7ebca5f238c,2026-05-01T14:45:03Z,Jared Moskowitz,house,CAT,Caterpillar Inc CAT:US,sale,2026-03-31,2026-05-01,1K–15K,1001,15000,8000.5,capitol_trades
ab44013f0f27f600688a,2026-05-01T14:45:03Z,Jared Moskowitz,house,COR,Cencora Inc COR:US,purchase,2026-03-31,2026-05-01,1K–15K,1001,15000,8000.5,capitol_trades
e90d7fe1ab1e68f7be3f,2026-05-01T14:45:03Z,Jared Moskowitz,house,COR,Cencora Inc COR:US,purchase,2026-03-23,2026-05-01,1K–15K,1001,15000,8000.5,capitol_trades
c4137b8ebe1182759839,2026-05-01T14:45:03Z,Jared Moskowitz,house,CB,Chubb Ltd CB:US,purchase,2026-03-31,2026-05-01,1K–15K,1001,15000,8000.5,capitol_trades
58bc2a453fe07c0a2d48,2026-05-01T14:45:03Z,Jared Moskowitz,house,CMI,Cummins Inc CMI:US,sale,2026-03-31,2026-05-01,1K–15K,1001,15000,8000.5,capitol_trades
1f6b418e033df9459b47,2026-05-01T14:45:03Z,Jared Moskowitz,house,GE,General Electric Co GE:US,purchase,2026-03-31,2026-05-01,1K–15K,1001,15000,8000.5,capitol_trades
ada5dc3cd254dd4b7761,2026-05-01T14:45:03Z,Jared Moskowitz,house,GE,General Electric Co GE:US,purchase,2026-03-23,2026-05-01,1K–15K,1001,15000,8000.5,capitol_trades
4612fc58ffd1566d683d,2026-05-01T14:45:03Z,Jared Moskowitz,house,GD,General Dynamics Corp GD:US,purchase,2026-03-31,2026-05-01,1K–15K,1001,15000,8000.5,capitol_trades
d75bdc436dc9f281eb62,2026-05-01T14:45:03Z,Jared Moskowitz,house,GD,General Dynamics Corp GD:US,purchase,2026-03-23,2026-05-01,1K–15K,1001,15000,8000.5,capitol_trades
7f54397b9662bc8dad81,2026-05-01T14:45:03Z,Jared Moskowitz,house,HD,The Home Depot Inc HD:US,purchase,2026-03-31,2026-05-01,1K–15K,1001,15000,8000.5,capitol_trades
79818d0a9236ad98bfe4,2026-05-01T14:45:03Z,Jared Moskowitz,house,MCD,McDonald's Corp MCD:US,purchase,2026-03-31,2026-05-01,1K–15K,1001,15000,8000.5,capitol_trades
a5583b6a72acb031f1e4,2026-05-01T14:45:03Z,Jared Moskowitz,house,MNST,Monster Beverage Corp MNST:US,purchase,2026-03-23,2026-05-01,1K–15K,1001,15000,8000.5,capitol_trades
41d1497fd28d6cd1cfee,2026-05-01T14:45:03Z,Jared Moskowitz,house,MSI,Motorola Solutions Inc MSI:US,purchase,2026-03-23,2026-05-01,1K–15K,1001,15000,8000.5,capitol_trades
d5df3fc0595e28989405,2026-05-01T14:45:03Z,Jared Moskowitz,house,MSI,Motorola Solutions Inc MSI:US,purchase,2026-03-31,2026-05-01,1K–15K,1001,15000,8000.5,capitol_trades
b391149674dfd064dfdf,2026-05-01T14:45:03Z,Jared Moskowitz,house,ORCL,Oracle Corp ORCL:US,sale,2026-03-23,2026-05-01,1K–15K,1001,15000,8000.5,capitol_trades
e78e5135ae34fcd09d05,2026-05-01T14:45:03Z,Jared Moskowitz,house,ORCL,Oracle Corp ORCL:US,sale,2026-03-23,2026-05-01,15K–50K,15001,50000,32500.5,capitol_trades
342fc7f500f85fe0007d,2026-05-01T14:45:03Z,Jared Moskowitz,house,PANW,Palo Alto Networks Inc PANW:US,purchase,2026-03-31,2026-05-01,1K–15K,1001,15000,8000.5,capitol_trades
5a2baf4cc62e7b6855e3,2026-05-01T14:45:03Z,Jared Moskowitz,house,PANW,Palo Alto Networks Inc PANW:US,purchase,2026-03-23,2026-05-01,1K–15K,1001,15000,8000.5,capitol_trades
040efc4d724e035a166b,2026-05-01T14:45:03Z,Jared Moskowitz,house,PH,Parker-Hannifin Corp PH:US,purchase,2026-03-23,2026-05-01,1K–15K,1001,15000,8000.5,capitol_trades
d6c996ca6e6cdf035593,2026-05-01T14:45:03Z,Jared Moskowitz,house,PH,Parker-Hannifin Corp PH:US,purchase,2026-03-31,2026-05-01,1K–15K,1001,15000,8000.5,capitol_trades
04db7ad6743b53c684d4,2026-05-01T14:45:03Z,Jared Moskowitz,house,QCOM,QUALCOMM Inc QCOM:US,sale,2026-03-31,2026-05-01,15K–50K,15001,50000,32500.5,capitol_trades
c2791d1d8f8adc39aaa5,2026-05-01T14:45:03Z,Jared Moskowitz,house,CI,Cigna Corp CI:US,sale,2026-03-23,2026-05-01,1K–15K,1001,15000,8000.5,capitol_trades
5aab7bcf38359f1b4e33,2026-05-01T14:45:03Z,Jared Moskowitz,house,TJX,The TJX Companies Inc TJX:US,purchase,2026-03-23,2026-05-01,1K–15K,1001,15000,8000.5,capitol_trades
7732ae8ba14e936af27c,2026-05-01T14:45:03Z,Jared Moskowitz,house,TSCO,Tractor Supply Co TSCO:US,sale,2026-03-23,2026-05-01,1K–15K,1001,15000,8000.5,capitol_trades
5caf47788a3299bf71f5,2026-05-01T14:45:03Z,Jared Moskowitz,house,TSCO,Tractor Supply Co TSCO:US,sale,2026-03-23,2026-05-01,15K–50K,15001,50000,32500.5,capitol_trades
2c0bde2000b275c3e887,2026-05-01T14:45:03Z,Lizzie Fletcher,house,GOOGL,Alphabet Inc GOOGL:US,sale,2026-04-08,2026-05-01,1K–15K,1001,15000,8000.5,capitol_trades
f2945024f5c69d41513d,2026-05-01T14:45:03Z,Lizzie Fletcher,house,AMP,Ameriprise Financial Inc AMP:US,sale,2026-04-08,2026-05-01,1K–15K,1001,15000,8000.5,capitol_trades
eba5f7505ace21c3e604,2026-05-01T14:45:03Z,Lizzie Fletcher,house,AAPL,Apple Inc AAPL:US,sale,2026-04-08,2026-05-01,1K–15K,1001,15000,8000.5,capitol_trades
ecc3dac7c208018c5ebb,2026-05-01T14:45:03Z,Lizzie Fletcher,house,PLC,Eaton Corp PLC ETN:US,sale,2026-04-08,2026-05-01,1K–15K,1001,15000,8000.5,capitol_trades
85e61a5da38656f9d359,2026-05-01T14:45:03Z,Lizzie Fletcher,house,LLY,Eli Lilly and Co LLY:US,sale,2026-04-08,2026-05-01,1K–15K,1001,15000,8000.5,capitol_trades
2d7c3782118e0a662052,2026-05-01T14:45:03Z,Lizzie Fletcher,house,JPM,JPMorgan Chase & Co JPM:US,sale,2026-04-08,2026-05-01,1K–15K,1001,15000,8000.5,capitol_trades
72ecb21e6dfa96359f59,2026-05-01T14:45:03Z,Lizzie Fletcher,house,KLA,KLA Corp KLAC:US,sale,2026-04-08,2026-05-01,1K–15K,1001,15000,8000.5,capitol_trades
991523819f69244a0206,2026-05-01T14:45:03Z,Lizzie Fletcher,house,MCK,McKesson Corp MCK:US,sale,2026-04-08,2026-05-01,1K–15K,1001,15000,8000.5,capitol_trades
1903f28ea9ac88ec7152,2026-05-01T14:45:03Z,Lizzie Fletcher,house,MSFT,Microsoft Corp MSFT:US,sale,2026-04-08,2026-05-01,1K–15K,1001,15000,8000.5,capitol_trades
1e5a82b9d28b6935eb30,2026-05-01T14:45:03Z,Lizzie Fletcher,house,NVDA,NVIDIA Corporation NVDA:US,sale,2026-04-08,2026-05-01,1K–15K,1001,15000,8000.5,capitol_trades
f4d037e4db4cbc489efd,2026-05-01T14:45:03Z,Lizzie Fletcher,house,PWR,Quanta Services Inc PWR:US,sale,2026-04-08,2026-05-01,1K–15K,1001,15000,8000.5,capitol_trades
81e2d2359d88e0052749,2026-05-01T19:15:26Z,Dave McCormick,senate,BORO,NORTHAMPTON BORO PENNSYLVANIA N/A,purchase,2026-04-24,2026-05-01,500K–1M,500001,1000000,750000.5,capitol_trades
0049914951866faf6e10,2026-05-01T19:15:26Z,Dave McCormick,senate,GS,GS FINANCE CORP N/A,purchase,2026-04-21,2026-05-01,100K–250K,100001,250000,175000.5,capitol_trades
5e08b964f3bb572bc146,2026-05-01T19:15:26Z,Dave McCormick,senate,GS,GS FINANCE CORP N/A,purchase,2026-04-14,2026-05-01,100K–250K,100001,250000,175000.5,capitol_trades
7f810e4068fcaef8e580,2026-05-01T19:15:26Z,Dave McCormick,senate,GS,GS FINANCE CORP N/A,purchase,2026-04-08,2026-05-01,100K–250K,100001,250000,175000.5,capitol_trades
4e0c4849da9856b63e58,2026-05-01T19:15:26Z,Dave McCormick,senate,AREA,OXFORD AREA SCHOOL DISTRICT N/A,purchase,2026-04-08,2026-05-01,500K–1M,500001,1000000,750000.5,capitol_trades
19e9044819c445dccf0f,2026-05-01T19:15:26Z,Dave McCormick,senate,OF,SCHOOL DISTRICT OF SPRINGFIELD TOWNSHIP PENNSYLVANIA N/A,purchase,2026-04-08,2026-05-01,500K–1M,500001,1000000,750000.5,capitol_trades
b6f2c7489a98b2973538,2026-05-01T19:15:26Z,Dave McCormick,senate,OF,COMMONWEALTH OF PENNSYLVANIA N/A,purchase,2026-04-07,2026-05-01,500K–1M,500001,1000000,750000.5,capitol_trades
af4898be23af537fffe3,2026-05-01T19:15:26Z,Dave McCormick,senate,OF,UNIVERSITY OF PITTSBURGH N/A,purchase,2026-04-06,2026-05-01,500K–1M,500001,1000000,750000.5,capitol_trades
55bfcaf1c4f0bc9a69cb,2026-05-02T10:55:49Z,Mark Warner,senate,ETF,iShares Russell 1000 Growth ETF IWF:US,sale,2026-04-13,2026-05-01,1K–15K,1001,15000,8000.5,capitol_trades
f96b52d38c8f75354f9e,2026-05-02T10:55:49Z,Mark Warner,senate,WFC,Wells Fargo & Co WFC:US,purchase,2026-04-13,2026-05-01,1K–15K,1001,15000,8000.5,capitol_trades
15f71809c706a969e339,2026-05-02T10:55:49Z,Mark Warner,senate,MSFT,Microsoft Corp MSFT:US,purchase,2026-04-13,2026-05-01,1K–15K,1001,15000,8000.5,capitol_trades
f4e88963def7098a9a3c,2026-05-02T10:55:49Z,Mark Warner,senate,HON,Honeywell International Inc HON:US,sale,2026-03-20,2026-05-01,1K–15K,1001,15000,8000.5,capitol_trades
d0ab25b25ead06576842,2026-05-02T10:55:49Z,Mark Warner,senate,LNG,Cheniere Energy Inc LNG:US,sale,2026-03-20,2026-05-01,1K–15K,1001,15000,8000.5,capitol_trades
7eeb06b76abb6ece7113,2026-05-02T10:55:49Z,Mark Warner,senate,AAPL,Apple Inc AAPL:US,purchase,2026-03-20,2026-05-01,1K–15K,1001,15000,8000.5,capitol_trades
b3c7179ff8199e04107e,2026-05-02T10:55:49Z,Mark Warner,senate,FITB,Fifth Third Bancorp FITB:US,purchase,2026-03-20,2026-05-01,1K–15K,1001,15000,8000.5,capitol_trades
93f9f48f1c6e7afdcbaf,2026-05-02T10:55:49Z,Mark Warner,senate,ETF,iShares Russell 1000 Value ETF IWD:US,purchase,2026-03-23,2026-05-01,1K–15K,1001,15000,8000.5,capitol_trades
de485f46f9081fd55cc9,2026-05-02T10:55:49Z,Mark Warner,senate,FIRST,FIRST TR TACTICAL HI YLD ETF HYLS:US,sale,2026-03-30,2026-05-01,15K–50K,15001,50000,32500.5,capitol_trades
02a7dbbbb085b1e68a95,2026-05-02T10:55:49Z,Mark Warner,senate,FIRST,FIRST TRUST SMITH OPPRTNY FI FIXD:US,sale,2026-03-30,2026-05-01,1K–15K,1001,15000,8000.5,capitol_trades
a759503df861d499e113,2026-05-02T10:55:49Z,Mark Warner,senate,ETF,First Trust Preferred Securities and Income ETF FPE:US,sale,2026-03-30,2026-05-01,1K–15K,1001,15000,8000.5,capitol_trades
37ec457af169f31fe99d,2026-05-02T10:55:49Z,Mark Warner,senate,FIRST,FIRST TRUST STRUCTURE INCOME SCIO:US,purchase,2026-03-30,2026-05-01,1K–15K,1001,15000,8000.5,capitol_trades
bf9ecfdfce1212c65b7d,2026-05-02T10:55:49Z,Mark Warner,senate,IV,First Trust Exchange-Traded Fund IV Senior Loan Fund FTSL:US,purchase,2026-03-30,2026-05-01,1K–15K,1001,15000,8000.5,capitol_trades
c1e06cadb32146c1dee8,2026-05-02T10:55:49Z,Mark Warner,senate,FTSE,Vanguard FTSE Europe ETF VGK:US,sale,2026-04-01,2026-05-01,1K–15K,1001,15000,8000.5,capitol_trades
d7f82dea867c83a7e243,2026-05-02T10:55:49Z,Mark Warner,senate,MSCI,XTRACKERS MSCI EU HGD EQ ETF DBEU:US,purchase,2026-04-01,2026-05-01,1K–15K,1001,15000,8000.5,capitol_trades
a5765ff7dcf06ef69512,2026-05-02T10:55:49Z,Mark Warner,senate,AMGN,Amgen Inc AMGN:US,sale,2026-04-06,2026-05-01,1K–15K,1001,15000,8000.5,capitol_trades
c358ec8cff89106d61e3,2026-05-02T10:55:49Z,Mark Warner,senate,AMGN,Amgen Inc AMGN:US,sale,2026-04-07,2026-05-01,1K–15K,1001,15000,8000.5,capitol_trades
35f253b6403558d50176,2026-05-02T10:55:49Z,Mark Warner,senate,HSY,The Hershey Co HSY:US,purchase,2026-04-08,2026-05-01,1K–15K,1001,15000,8000.5,capitol_trades
726567da2bf1a6e66783,2026-05-02T10:55:49Z,Mark Warner,senate,ETF,iShares Russell 1000 Growth ETF IWF:US,purchase,2026-04-08,2026-05-01,1K–15K,1001,15000,8000.5,capitol_trades
6c86ce4bea444b35dd1e,2026-05-02T10:55:49Z,Mark Warner,senate,PLC,Atlassian Corp PLC TEAM:US,purchase,2026-04-13,2026-05-01,1K–15K,1001,15000,8000.5,capitol_trades
eaf16c9e80c1a139781b,2026-05-02T10:55:49Z,Mark Warner,senate,ENE,CONSTELLATION ENE CORP CEG:US,purchase,2026-04-13,2026-05-01,1K–15K,1001,15000,8000.5,capitol_trades
3b6bcba310ff998996fb,2026-05-02T10:55:49Z,Mark Warner,senate,BX,Blackstone Group Inc BX:US,purchase,2026-04-13,2026-05-01,1K–15K,1001,15000,8000.5,capitol_trades
65b2dc5a366f5f0d0960,2026-05-02T10:55:49Z,Mark Warner,senate,RKT,Rocket Cos Inc RKT:US,purchase,2026-04-13,2026-05-01,1K–15K,1001,15000,8000.5,capitol_trades
1b0a1f0b71c8c413aa1d,2026-05-02T10:55:49Z,Mark Warner,senate,TOAST,TOAST INC TOST:US,purchase,2026-04-13,2026-05-01,1K–15K,1001,15000,8000.5,capitol_trades
f5fd004fb2f25800f637,2026-05-04T23:00:18Z,Sheldon Whitehouse,senate,JPM,JPMorgan Chase & Co JPM:US,sale,2026-04-13,2026-05-04,15K–50K,15001,50000,32500.5,capitol_trades
fb3383db3b78166efcc6,2026-05-05T15:39:34Z,Ann Wagner,house,OF,VILLAGE OF ASHWAUBENON N/A,sale,2026-04-28,2026-05-05,100K–250K,100001,250000,175000.5,capitol_trades
29aa1e53a3a1b1b85104,2026-05-05T15:39:34Z,Ann Wagner,house,OF,ATHERTON COMMUNITY SCHOOLS COUNTY OF GENESEE STATE OF MICHIGAN N/A,sale,2026-04-10,2026-05-05,100K–250K,100001,250000,175000.5,capitol_trades
34fec60cdec7596ab332,2026-05-05T15:39:34Z,Ann Wagner,house,GROUP,PARTNERS GROUP PRIVATE EQUITY MASTER FUND LLC N/A,sale,2026-04-29,2026-05-05,250K–500K,250001,500000,375000.5,capitol_trades
2db417e2e6fbedda0e44,2026-05-05T19:24:31Z,John Hickenlooper,senate,LBRDA,Liberty Broadband Corp LBRDA:US,sale,2025-05-19,2026-05-05,500K–1M,500001,1000000,750000.5,capitol_trades
1d591cb9c10e14893447,2026-05-05T19:24:31Z,John Hickenlooper,senate,PLTR,Palantir Technologies Inc PLTR:US,sale,2025-06-03,2026-05-05,1K–15K,1001,15000,8000.5,capitol_trades
839edf4b86321fcd63b8,2026-05-05T19:24:31Z,John Hickenlooper,senate,PLTR,Palantir Technologies Inc PLTR:US,sale,2025-04-16,2026-05-05,1K–15K,1001,15000,8000.5,capitol_trades
5155d397200e150fa95d,2026-05-06T15:56:40Z,Kelly Morrison,house,IN,ARTISTRY IN MOTION GROUP LLC N/A,purchase,2026-04-15,2026-05-06,50K–100K,50001,100000,75000.5,capitol_trades
05f0c27cc9bcf2c97e79,2026-05-06T15:56:40Z,Kelly Morrison,house,LLP,CAVALL LLP N/A,purchase,2026-04-14,2026-05-06,1K–15K,1001,15000,8000.5,capitol_trades
97bd48f05590d9325ef0,2026-05-06T15:56:40Z,Kelly Morrison,house,CORP,HERMEUS CORP N/A,sale,2026-05-04,2026-05-06,15K–50K,15001,50000,32500.5,capitol_trades
35c7dc2bb0f290a39071,2026-05-06T15:56:40Z,Kelly Morrison,house,USA,PELVITAL USA INC N/A,purchase,2026-04-17,2026-05-06,15K–50K,15001,50000,32500.5,capitol_trades
a2f78fca887245cd67f7,2026-05-06T15:56:40Z,Kelly Morrison,house,INC,SARONIC TECHNOLOGIES INC N/A,sale,2026-05-04,2026-05-06,15K–50K,15001,50000,32500.5,capitol_trades
7ff35b84ded43f1dbb17,2026-05-06T15:56:40Z,Kelly Morrison,house,STAR,STAR CATCHER INDUSTRIES INC N/A,sale,2026-05-04,2026-05-06,15K–50K,15001,50000,32500.5,capitol_trades
5ea26fb89a7f2e07fdec,2026-05-06T15:56:40Z,Kelly Morrison,house,STAR,STAR CATCHER INDUSTRIES INC N/A,purchase,2026-04-06,2026-05-06,15K–50K,15001,50000,32500.5,capitol_trades
5d9a04bf1cf2bdcd0a34,2026-05-06T15:56:40Z,Kevin Hern,house,GS,The Goldman Sachs Group Inc GS:US,sale,2026-04-29,2026-05-06,250K–500K,250001,500000,375000.5,capitol_trades
95b27a0bdd2a0d87e9b8,2026-05-07T11:42:03Z,Mike Rounds,senate,INC,AERONICS INC N/A,sale,2025-10-10,2026-05-06,1M–5M,1000001,5000000,3000000.5,capitol_trades
816ffd440eb35cf4e112,2026-05-07T11:42:03Z,John Fetterman,senate,F,BLACKSTONE SECURED LENDING F BXSL:US,sale,2026-04-13,2026-05-06,1K–15K,1001,15000,8000.5,capitol_trades
849b39e57adafa0c5e13,2026-05-07T11:42:03Z,John Fetterman,senate,NFS,Nationwide Financial Services Inc NFS:US,sale,2026-04-10,2026-05-06,1K–15K,1001,15000,8000.5,capitol_trades
699d847fdc52f25ed384,2026-05-07T11:42:03Z,John Fetterman,senate,ATH,Athene Holding Ltd ATH:US,purchase,2026-04-10,2026-05-06,1K–15K,1001,15000,8000.5,capitol_trades
1dc770d7c383ec0da53e,2026-05-07T15:57:23Z,Lloyd Doggett,house,KO,The Coca-Cola Co KO:US,purchase,2026-04-01,2026-05-07,1K–15K,1001,15000,8000.5,capitol_trades
742eacb3e1ebffd676f3,2026-05-07T15:57:23Z,April McClain Delaney,house,TECH,Bio-Techne Corp TECH:US,sale,2026-04-08,2026-05-07,1K–15K,1001,15000,8000.5,capitol_trades
e246165c83b7a913e351,2026-05-07T15:57:23Z,April McClain Delaney,house,BRO,Brown & Brown Inc BRO:US,sale,2026-04-17,2026-05-07,1K–15K,1001,15000,8000.5,capitol_trades
357520a93265926ce94c,2026-05-07T15:57:23Z,April McClain Delaney,house,C,C.H. Robinson Worldwide Inc CHRW:US,sale,2026-04-24,2026-05-07,15K–50K,15001,50000,32500.5,capitol_trades
50378f8ffca500a587d4,2026-05-07T15:57:23Z,April McClain Delaney,house,CLH,Clean Harbors Inc CLH:US,sale,2026-04-30,2026-05-07,1K–15K,1001,15000,8000.5,capitol_trades
2a4d9f4a168323f92379,2026-05-07T15:57:23Z,April McClain Delaney,house,ENTG,Entegris Inc ENTG:US,purchase,2026-04-15,2026-05-07,1K–15K,1001,15000,8000.5,capitol_trades
2a7dcd8604576b62c5d8,2026-05-07T15:57:23Z,April McClain Delaney,house,FBIN,Fortune Brands Innovations Inc FBIN:US,sale,2026-04-24,2026-05-07,1K–15K,1001,15000,8000.5,capitol_trades
6b2283d96a4e87c04b8f,2026-05-07T15:57:23Z,April McClain Delaney,house,MKL,Markel Corp MKL:US,purchase,2026-04-30,2026-05-07,1K–15K,1001,15000,8000.5,capitol_trades
0603483f088dc13efa67,2026-05-07T15:57:23Z,April McClain Delaney,house,MORN,Morningstar Inc MORN:US,sale,2026-04-30,2026-05-07,1K–15K,1001,15000,8000.5,capitol_trades
38ffd28b01e049039473,2026-05-07T15:57:23Z,April McClain Delaney,house,MORN,Morningstar Inc MORN:US,sale,2026-04-16,2026-05-07,1K–15K,1001,15000,8000.5,capitol_trades
59c819743e7377997122,2026-05-07T15:57:23Z,April McClain Delaney,house,MORN,Morningstar Inc MORN:US,sale,2026-04-17,2026-05-07,1K–15K,1001,15000,8000.5,capitol_trades
85f96797f31f3eb73060,2026-05-07T15:57:23Z,April McClain Delaney,house,NDAQ,Nasdaq Inc NDAQ:US,purchase,2026-04-24,2026-05-07,1K–15K,1001,15000,8000.5,capitol_trades
cf598dfc5bb0fd81b22a,2026-05-07T15:57:23Z,April McClain Delaney,house,PKG,Packaging Corp Of America PKG:US,purchase,2026-04-29,2026-05-07,1K–15K,1001,15000,8000.5,capitol_trades
8a8a669d3e415deb61f1,2026-05-07T15:57:23Z,April McClain Delaney,house,PKG,Packaging Corp Of America PKG:US,purchase,2026-04-24,2026-05-07,1K–15K,1001,15000,8000.5,capitol_trades
d4e7a2b117f97f54a381,2026-05-07T15:57:23Z,April McClain Delaney,house,PAYX,Paychex Inc PAYX:US,sale,2026-04-16,2026-05-07,1K–15K,1001,15000,8000.5,capitol_trades
4d08da0e06a4f53974fa,2026-05-07T15:57:23Z,April McClain Delaney,house,PAYX,Paychex Inc PAYX:US,sale,2026-04-21,2026-05-07,1K–15K,1001,15000,8000.5,capitol_trades
874e4582335aa6ab205a,2026-05-07T15:57:23Z,April McClain Delaney,house,SCI,Service Corp International SCI:US,sale,2026-04-30,2026-05-07,1K–15K,1001,15000,8000.5,capitol_trades
596593ff438c690bf8ce,2026-05-07T15:57:23Z,April McClain Delaney,house,PLC,Steris PLC STE:US,purchase,2026-04-30,2026-05-07,1K–15K,1001,15000,8000.5,capitol_trades
a4c0dc81c09c98771113,2026-05-07T15:57:23Z,April McClain Delaney,house,TDG,TransDigm Group Inc TDG:US,purchase,2026-04-29,2026-05-07,1K–15K,1001,15000,8000.5,capitol_trades
136de116fdd834eb80ce,2026-05-07T15:57:23Z,April McClain Delaney,house,TDG,TransDigm Group Inc TDG:US,purchase,2026-04-16,2026-05-07,15K–50K,15001,50000,32500.5,capitol_trades
a6afbf0214ab44d27593,2026-05-07T15:57:23Z,April McClain Delaney,house,TDG,TransDigm Group Inc TDG:US,purchase,2026-04-20,2026-05-07,1K–15K,1001,15000,8000.5,capitol_trades
e5ff5a7554cd844f0025,2026-05-07T15:57:23Z,April McClain Delaney,house,TDG,TransDigm Group Inc TDG:US,purchase,2026-04-15,2026-05-07,1K–15K,1001,15000,8000.5,capitol_trades
025ee7b1c2191a26c384,2026-05-07T15:57:23Z,April McClain Delaney,house,TDG,TransDigm Group Inc TDG:US,purchase,2026-04-17,2026-05-07,1K–15K,1001,15000,8000.5,capitol_trades
a2d59b49424b66df5333,2026-05-07T15:57:23Z,April McClain Delaney,house,LTD,VIKING HOLDINGS LTD VIK:US,sale,2026-04-20,2026-05-07,1K–15K,1001,15000,8000.5,capitol_trades
b8aa74b040156bb2ba31,2026-05-07T15:57:23Z,April McClain Delaney,house,LTD,VIKING HOLDINGS LTD VIK:US,sale,2026-04-16,2026-05-07,1K–15K,1001,15000,8000.5,capitol_trades
ed6a2808691f85f80df9,2026-05-07T19:45:03Z,Shelley Moore Capito,senate,ENE,CONSTELLATION ENE CORP CEG:US,sale,2026-04-17,2026-05-07,1K–15K,1001,15000,8000.5,capitol_trades
f323e37ac4f94ca3a3d0,2026-05-07T19:45:03Z,Shelley Moore Capito,senate,AAPL,Apple Inc AAPL:US,sale,2026-04-17,2026-05-07,1K–15K,1001,15000,8000.5,capitol_trades
4e94874a07ba60b69882,2026-05-07T19:45:03Z,Shelley Moore Capito,senate,AVGO,Broadcom Inc AVGO:US,sale,2026-04-13,2026-05-07,1K–15K,1001,15000,8000.5,capitol_trades
bfdf9666742962af7f48,2026-05-08T15:12:23Z,David Taylor,house,AVGO,Broadcom Inc AVGO:US,sale,2026-04-27,2026-05-08,1K–15K,1001,15000,8000.5,capitol_trades
6eaddd06c07da73da771,2026-05-08T15:12:23Z,David Taylor,house,HD,The Home Depot Inc HD:US,sale,2026-04-27,2026-05-08,1K–15K,1001,15000,8000.5,capitol_trades
91a497ef7a2d4d4308df,2026-05-08T15:12:23Z,David Taylor,house,HD,The Home Depot Inc HD:US,purchase,2026-04-27,2026-05-08,1K–15K,1001,15000,8000.5,capitol_trades
59d26de44692e08017a1,2026-05-08T15:12:23Z,David Taylor,house,LRCX,Lam Research Corp LRCX:US,sale,2026-04-27,2026-05-08,1K–15K,1001,15000,8000.5,capitol_trades
27d50c0926d7ca4c760d,2026-05-08T15:12:23Z,David Taylor,house,PG,The Procter & Gamble Co PG:US,purchase,2026-04-27,2026-05-08,1K–15K,1001,15000,8000.5,capitol_trades
3c85247a903fa36dfde4,2026-05-08T15:12:23Z,David Taylor,house,PGR,The Progressive Corp PGR:US,purchase,2026-04-27,2026-05-08,1K–15K,1001,15000,8000.5,capitol_trades
c610dbc78589923c6d08,2026-05-08T15:12:23Z,David Taylor,house,V,Visa Inc V:US,purchase,2026-04-27,2026-05-08,1K–15K,1001,15000,8000.5,capitol_trades
8373e350f72e98feccfa,2026-05-08T15:12:23Z,Greg Stanton,house,CORP,TRULIEVE CANNABIS CORP TCNNF:US,sale,2026-05-06,2026-05-08,15K–50K,15001,50000,32500.5,capitol_trades
dee2c14b8d648669901c,2026-05-08T15:12:23Z,John Boozman,senate,SHORT,INVESCO SHORT TERM TREAS ETF TBLL:US,sale,2026-04-02,2026-05-08,1K–15K,1001,15000,8000.5,capitol_trades
1f57c88f30ee7d584409,2026-05-08T15:12:23Z,John Boozman,senate,DVN,Devon Energy Corp DVN:US,purchase,2026-04-09,2026-05-08,1K–15K,1001,15000,8000.5,capitol_trades
3680d3a633768c91e168,2026-05-08T15:12:23Z,John Boozman,senate,ENE,CONSTELLATION ENE CORP CEG:US,purchase,2026-04-02,2026-05-08,1K–15K,1001,15000,8000.5,capitol_trades
faf53d96fb735b836337,2026-05-11T16:22:58Z,Gary Peters,senate,CTVA,Corteva Inc CTVA:US,sale,2026-04-23,2026-05-11,15K–50K,15001,50000,32500.5,capitol_trades
7927ae48cf70f996a64c,2026-05-11T16:22:58Z,Gary Peters,senate,J,The J M Smucker Company SJM:US,purchase,2026-04-23,2026-05-11,1K–15K,1001,15000,8000.5,capitol_trades
2c7de80b4bce167515d2,2026-05-11T16:22:58Z,Gary Peters,senate,PEP,PepsiCo Inc PEP:US,purchase,2026-04-23,2026-05-11,15K–50K,15001,50000,32500.5,capitol_trades
29104ece733b735862df,2026-05-11T16:22:58Z,Tony Wied,house,HIGH,FEDERATED HERMES HIGH YIELD BOND FUND FIHBX:US,purchase,2026-04-30,2026-05-11,1K–15K,1001,15000,8000.5,capitol_trades
53c903d4afa3a5e57d6a,2026-05-11T16:22:58Z,Chip Roy,house,ATLAS,ATLAS ENERGY SOLUTIONS INC AESI:US,purchase,2026-04-30,2026-05-11,5M–25M,5.0,25.0,15.0,capitol_trades
9d5b208bdb8da8210cc5,2026-05-11T16:22:58Z,Maria Elvira Salazar,house,AMGN,Amgen Inc AMGN:US,sale,2026-04-17,2026-05-11,15K–50K,15001,50000,32500.5,capitol_trades
c104cf37e7213c768579,2026-05-11T16:22:58Z,Maria Elvira Salazar,house,CARR,Carrier Global Corp CARR:US,purchase,2026-05-01,2026-05-11,1K–15K,1001,15000,8000.5,capitol_trades
eddabf9d36a89784ed4e,2026-05-11T16:22:58Z,Maria Elvira Salazar,house,CARR,Carrier Global Corp CARR:US,purchase,2026-05-01,2026-05-11,15K–50K,15001,50000,32500.5,capitol_trades
ed9aa50321c62f50ceba,2026-05-11T16:22:58Z,Maria Elvira Salazar,house,MRVL,Marvell Technology Inc MRVL:US,purchase,2026-04-06,2026-05-11,15K–50K,15001,50000,32500.5,capitol_trades
f88ba55290578cbe6adc,2026-05-11T16:22:58Z,Maria Elvira Salazar,house,MSFT,Microsoft Corp MSFT:US,purchase,2026-04-17,2026-05-11,15K–50K,15001,50000,32500.5,capitol_trades
c07354eb33c0f05b51f2,2026-05-11T16:22:58Z,Maria Elvira Salazar,house,CRM,salesforce.com Inc CRM:US,purchase,2026-04-06,2026-05-11,15K–50K,15001,50000,32500.5,capitol_trades
bdceb5f695b0dd197b9f,2026-05-11T16:22:58Z,Maria Elvira Salazar,house,SHW,The Sherwin-Williams Co SHW:US,purchase,2026-04-20,2026-05-11,15K–50K,15001,50000,32500.5,capitol_trades
1f813ef87812942130d5,2026-05-11T16:22:58Z,Maria Elvira Salazar,house,SHW,The Sherwin-Williams Co SHW:US,purchase,2026-04-20,2026-05-11,1K–15K,1001,15000,8000.5,capitol_trades
f3ece4f4c38a2cb1ea04,2026-05-11T16:22:58Z,Maria Elvira Salazar,house,URI,United Rentals Inc URI:US,purchase,2026-04-24,2026-05-11,1K–15K,1001,15000,8000.5,capitol_trades
c40b6e1015ecc5e0cc0f,2026-05-11T16:22:58Z,Maria Elvira Salazar,house,UNH,Unitedhealth Group Inc UNH:US,purchase,2026-04-22,2026-05-11,1K–15K,1001,15000,8000.5,capitol_trades
4a1288bd3830eaa481ae,2026-05-11T16:22:58Z,Maria Elvira Salazar,house,INC,VOYAGER TECHNOLOGIES INC N/A,purchase,2026-04-14,2026-05-11,1K–15K,1001,15000,8000.5,capitol_trades
40f324b664894d5e8e77,2026-05-11T16:22:58Z,Hal Rogers,house,STATE,STATE STREET SPDR PORTFOLIO S&P 500 ETF N/A,purchase,2026-03-31,2026-05-11,1K–15K,1001,15000,8000.5,capitol_trades
65012a064054896c7546,2026-05-11T16:22:58Z,Michael McCaul,house,OHIO,OHIO WATER DEVELOPMENT AUTHORITY N/A,purchase,2026-04-09,2026-05-11,250K–500K,250001,500000,375000.5,capitol_trades
06780c2cfe414982da6d,2026-05-11T16:22:58Z,Michael McCaul,house,OF,UNIVERSITY OF HOUSTON N/A,purchase,2026-04-07,2026-05-11,100K–250K,100001,250000,175000.5,capitol_trades
ede3333efe5914067336,2026-05-11T16:22:58Z,Michael McCaul,house,CITY,CITY OF INDIANAPOLIS N/A,purchase,2026-04-24,2026-05-11,100K–250K,100001,250000,175000.5,capitol_trades
decbd1fecf6ed7aa2eb9,2026-05-11T16:22:58Z,Michael McCaul,house,STATE,STATE OF CONNECTICUT N/A,purchase,2026-04-29,2026-05-11,100K–250K,100001,250000,175000.5,capitol_trades
0c7a7771578c93a86a70,2026-05-11T16:22:58Z,Michael McCaul,house,CITY,CITY OF LONG BEACH N/A,purchase,2026-04-13,2026-05-11,100K–250K,100001,250000,175000.5,capitol_trades
d1073c553381a491526e,2026-05-11T16:22:58Z,Michael McCaul,house,STATE,STATE OF IOWA N/A,purchase,2026-04-08,2026-05-11,100K–250K,100001,250000,175000.5,capitol_trades
702b5253ab57082347fb,2026-05-11T16:22:58Z,Michael McCaul,house,AND,CALIFORNIA INFRASTRUCTURE AND ECONOMIC DEVELOPMENT BANK N/A,purchase,2026-04-07,2026-05-11,100K–250K,100001,250000,175000.5,capitol_trades
de513a565810006a65ac,2026-05-11T16:22:58Z,Michael McCaul,house,INC,ALLIANCE LAUNDRY HOLDING INC ALH:US,purchase,2026-04-16,2026-05-11,50K–100K,50001,100000,75000.5,capitol_trades
a7c440590679ab811c20,2026-05-11T16:22:58Z,Michael McCaul,house,NSIT,Insight Enterprises Inc NSIT:US,purchase,2026-04-23,2026-05-11,15K–50K,15001,50000,32500.5,capitol_trades
56304e09f117e3b244e6,2026-05-11T16:22:58Z,Michael McCaul,house,MAYS,MAYS ALLOCATE LP N/A,purchase,2026-04-08,2026-05-11,15K–50K,15001,50000,32500.5,capitol_trades
02ed89d615e16b489c0b,2026-05-11T16:22:58Z,Michael McCaul,house,MAYS,MAYS ALLOCATE LP N/A,purchase,2026-04-03,2026-05-11,15K–50K,15001,50000,32500.5,capitol_trades
e1b6f1a269a6b4726107,2026-05-11T16:22:58Z,Michael McCaul,house,EQT,EQT Corp EQT:US,purchase,2026-04-09,2026-05-11,15K–50K,15001,50000,32500.5,capitol_trades
6b444b21837f1f6e77df,2026-05-11T16:22:58Z,Michael McCaul,house,OMF,OneMain Holdings Inc OMF:US,purchase,2026-04-09,2026-05-11,15K–50K,15001,50000,32500.5,capitol_trades
5bd0f67ed575e204ec8b,2026-05-11T16:22:58Z,Michael McCaul,house,EQT,EQT Corp EQT:US,purchase,2026-04-24,2026-05-11,15K–50K,15001,50000,32500.5,capitol_trades
2fba37384dc5888f151c,2026-05-11T16:22:58Z,Michael McCaul,house,MAYS,MAYS ALLOCATE LP N/A,purchase,2026-04-27,2026-05-11,15K–50K,15001,50000,32500.5,capitol_trades
7c9ae9f0c3a52f4ae9c9,2026-05-11T16:22:58Z,Michael McCaul,house,TER,Teradyne Inc TER:US,purchase,2026-04-29,2026-05-11,15K–50K,15001,50000,32500.5,capitol_trades
0b81a92e030ef1db8fce,2026-05-11T16:22:58Z,Michael McCaul,house,HURON,HURON CONSULTING GROUP INC HURN:US,purchase,2026-04-23,2026-05-11,15K–50K,15001,50000,32500.5,capitol_trades
bd3a4c4c15d7abd1a767,2026-05-11T16:22:58Z,Michael McCaul,house,KEYS,Keysight Technologies Inc KEYS:US,purchase,2026-04-17,2026-05-11,15K–50K,15001,50000,32500.5,capitol_trades
23bf518a00f4b8f97bd1,2026-05-11T16:22:58Z,Michael McCaul,house,S,S&P Global Inc SPGI:US,purchase,2026-04-01,2026-05-11,1K–15K,1001,15000,8000.5,capitol_trades
2d3c2564363bd9f79294,2026-05-11T16:22:58Z,Michael McCaul,house,MAYS,MAYS ALLOCATE LP N/A,purchase,2026-04-20,2026-05-11,1K–15K,1001,15000,8000.5,capitol_trades
7e101e75c44b36ddcb1f,2026-05-11T16:22:58Z,Michael McCaul,house,DHR,Danaher Corp DHR:US,purchase,2026-04-28,2026-05-11,1K–15K,1001,15000,8000.5,capitol_trades
5c159cc92c8f05a1f0ba,2026-05-11T16:22:58Z,Michael McCaul,house,EQT,EQT Corp EQT:US,purchase,2026-04-23,2026-05-11,1K–15K,1001,15000,8000.5,capitol_trades
0fb606395b7c5257a8f4,2026-05-11T16:22:58Z,Michael McCaul,house,P,Pure Storage Inc P:US,purchase,2026-04-27,2026-05-11,1K–15K,1001,15000,8000.5,capitol_trades
d273b4862b2eaf344c2a,2026-05-11T16:22:58Z,Michael McCaul,house,AG,SIEMENS ENERGY AG SMNEY:US,purchase,2026-04-27,2026-05-11,1K–15K,1001,15000,8000.5,capitol_trades
4a411d059eb961ee7a51,2026-05-11T16:22:58Z,Michael McCaul,house,SAP,SAP SE SAP:US,purchase,2026-04-20,2026-05-11,1K–15K,1001,15000,8000.5,capitol_trades
763f34f977adaaef058b,2026-05-11T16:22:58Z,Michael McCaul,house,J,Arthur J. Gallagher & Co AJG:US,purchase,2026-04-06,2026-05-11,1K–15K,1001,15000,8000.5,capitol_trades
b659e7e29731454fc625,2026-05-11T16:22:58Z,Michael McCaul,house,WDAY,Workday Inc WDAY:US,purchase,2026-04-20,2026-05-11,1K–15K,1001,15000,8000.5,capitol_trades
2a56bcf32639c3553247,2026-05-11T16:22:58Z,Michael McCaul,house,MA,Mastercard Inc MA:US,purchase,2026-04-17,2026-05-11,1K–15K,1001,15000,8000.5,capitol_trades
9d82104fb61cb5e599f4,2026-05-11T16:22:58Z,Michael McCaul,house,S,S&P Global Inc SPGI:US,purchase,2026-04-14,2026-05-11,1K–15K,1001,15000,8000.5,capitol_trades
adac924b42e607e2e7cc,2026-05-11T16:22:58Z,Michael McCaul,house,INTU,Intuit Inc INTU:US,purchase,2026-04-02,2026-05-11,1K–15K,1001,15000,8000.5,capitol_trades
3921f9c24e73a86ff434,2026-05-11T16:22:58Z,Michael McCaul,house,MA,Mastercard Inc MA:US,purchase,2026-04-01,2026-05-11,1K–15K,1001,15000,8000.5,capitol_trades
7da60cefa6d9397f5e9b,2026-05-11T16:22:58Z,Michael McCaul,house,META,Meta Platforms Inc META:US,purchase,2026-04-17,2026-05-11,1K–15K,1001,15000,8000.5,capitol_trades
a01942638cc89725cc5e,2026-05-11T16:22:58Z,Michael McCaul,house,INC,REDDIT INC RDDT:US,purchase,2026-04-17,2026-05-11,1K–15K,1001,15000,8000.5,capitol_trades
7598484c8ac6a0d674a8,2026-05-11T16:22:58Z,Michael McCaul,house,J,Arthur J. Gallagher & Co AJG:US,purchase,2026-04-07,2026-05-11,1K–15K,1001,15000,8000.5,capitol_trades
ef0e0ebf6231fed2bf2f,2026-05-11T16:22:58Z,Michael McCaul,house,INTU,Intuit Inc INTU:US,purchase,2026-04-20,2026-05-11,1K–15K,1001,15000,8000.5,capitol_trades
20631cd2c0a3a1522493,2026-05-11T16:22:58Z,Michael McCaul,house,S,S&P Global Inc SPGI:US,purchase,2026-04-28,2026-05-11,1K–15K,1001,15000,8000.5,capitol_trades
1658ea688b7ce23944ca,2026-05-11T16:22:58Z,Michael McCaul,house,S,S&P Global Inc SPGI:US,purchase,2026-04-20,2026-05-11,1K–15K,1001,15000,8000.5,capitol_trades
bf48641c380425795d27,2026-05-11T16:22:58Z,Michael McCaul,house,MA,Mastercard Inc MA:US,purchase,2026-04-28,2026-05-11,1K–15K,1001,15000,8000.5,capitol_trades
ba1136a2757d6ce33505,2026-05-11T16:22:58Z,Michael McCaul,house,WDAY,Workday Inc WDAY:US,purchase,2026-04-23,2026-05-11,1K–15K,1001,15000,8000.5,capitol_trades
64e177732246de8dabfd,2026-05-11T16:22:58Z,Michael McCaul,house,MAYS,MAYS ALLOCATE LP N/A,purchase,2026-04-14,2026-05-11,1K–15K,1001,15000,8000.5,capitol_trades
82024d22f0a82b4da625,2026-05-11T16:22:58Z,Michael McCaul,house,MAYS,MAYS ALLOCATE LP N/A,purchase,2026-04-24,2026-05-11,1K–15K,1001,15000,8000.5,capitol_trades
823f965a561ad6e99f3c,2026-05-11T16:22:58Z,Michael McCaul,house,WDAY,Workday Inc WDAY:US,purchase,2026-04-28,2026-05-11,1K–15K,1001,15000,8000.5,capitol_trades
d748a54062b375cca0cb,2026-05-11T16:22:58Z,Michael McCaul,house,INTU,Intuit Inc INTU:US,purchase,2026-04-29,2026-05-11,1K–15K,1001,15000,8000.5,capitol_trades
2eda637d2d9a9b3b3048,2026-05-11T16:22:58Z,Michael McCaul,house,EL,The Estee Lauder Cos Inc EL:US,purchase,2026-04-08,2026-05-11,1K–15K,1001,15000,8000.5,capitol_trades
6cb7326fb40a53469e2e,2026-05-11T16:22:58Z,Michael McCaul,house,EL,The Estee Lauder Cos Inc EL:US,purchase,2026-04-09,2026-05-11,1K–15K,1001,15000,8000.5,capitol_trades
1e07c6ae76c0e8f99a9f,2026-05-11T16:22:58Z,Michael McCaul,house,EL,The Estee Lauder Cos Inc EL:US,purchase,2026-04-01,2026-05-11,1K–15K,1001,15000,8000.5,capitol_trades
3e6df34b2b9e5347a5b6,2026-05-11T16:22:58Z,Michael McCaul,house,MAYS,MAYS ALLOCATE LP N/A,purchase,2026-04-29,2026-05-11,1K–15K,1001,15000,8000.5,capitol_trades
20fc61accd3f002c3854,2026-05-11T16:22:58Z,Michael McCaul,house,HUM,Humana Inc HUM:US,purchase,2026-04-10,2026-05-11,1K–15K,1001,15000,8000.5,capitol_trades
6cc406eed5962d87f69c,2026-05-11T16:22:58Z,Michael McCaul,house,MA,Mastercard Inc MA:US,sale,2026-04-27,2026-05-11,1K–15K,1001,15000,8000.5,capitol_trades
475326dd3596036ce1cd,2026-05-11T16:22:58Z,Michael McCaul,house,ASML,ASML Holding NV ASML:US,sale,2026-04-17,2026-05-11,1K–15K,1001,15000,8000.5,capitol_trades
f38ef52c6c0525a1302d,2026-05-11T16:22:58Z,Michael McCaul,house,AG,Bayer AG BAYRY:US,sale,2026-04-15,2026-05-11,1K–15K,1001,15000,8000.5,capitol_trades
fba32f845aa8f1c49d0b,2026-05-11T16:22:58Z,Michael McCaul,house,ASML,ASML Holding NV ASML:US,sale,2026-04-06,2026-05-11,1K–15K,1001,15000,8000.5,capitol_trades
c8ec0fdab96ff9cdf679,2026-05-11T16:22:58Z,Michael McCaul,house,WWD,Woodward Inc WWD:US,sale,2026-04-22,2026-05-11,1K–15K,1001,15000,8000.5,capitol_trades
12a43f23f2da6dc715a2,2026-05-11T16:22:58Z,Michael McCaul,house,WWD,Woodward Inc WWD:US,sale,2026-04-02,2026-05-11,1K–15K,1001,15000,8000.5,capitol_trades
2dd7f3e0d73e5295fec2,2026-05-11T16:22:58Z,Michael McCaul,house,WWD,Woodward Inc WWD:US,sale,2026-04-13,2026-05-11,1K–15K,1001,15000,8000.5,capitol_trades
2dfc0458333bae368e3d,2026-05-11T16:22:58Z,Michael McCaul,house,AG,Bayer AG BAYRY:US,sale,2026-04-08,2026-05-11,1K–15K,1001,15000,8000.5,capitol_trades
d07c9932bb151eecd978,2026-05-11T16:22:58Z,Michael McCaul,house,PLC,Shell PLC SHEL:US,sale,2026-04-23,2026-05-11,1K–15K,1001,15000,8000.5,capitol_trades
2528e93a9e197a5ad90b,2026-05-11T16:22:58Z,Michael McCaul,house,NV,AerCap Holdings NV AER:US,sale,2026-04-10,2026-05-11,1K–15K,1001,15000,8000.5,capitol_trades
b7b29cf1087cdb9ab1cc,2026-05-11T16:22:58Z,Michael McCaul,house,FICO,Fair Isaac Corporation FICO:US,sale,2026-04-22,2026-05-11,1K–15K,1001,15000,8000.5,capitol_trades
618c6556f079bd16b5e8,2026-05-11T16:22:58Z,Michael McCaul,house,VMC,Vulcan Materials Co VMC:US,sale,2026-04-29,2026-05-11,1K–15K,1001,15000,8000.5,capitol_trades
af56e97f8be885408a4c,2026-05-11T16:22:58Z,Michael McCaul,house,V,Visa Inc V:US,sale,2026-04-27,2026-05-11,1K–15K,1001,15000,8000.5,capitol_trades
447e654b2f1f536a8023,2026-05-11T16:22:58Z,Michael McCaul,house,NV,AerCap Holdings NV AER:US,sale,2026-04-30,2026-05-11,1K–15K,1001,15000,8000.5,capitol_trades
c296f7d886d146780bab,2026-05-11T16:22:58Z,Michael McCaul,house,COP,ConocoPhillips COP:US,sale,2026-04-01,2026-05-11,1K–15K,1001,15000,8000.5,capitol_trades
18994941540342f983de,2026-05-11T16:22:58Z,Michael McCaul,house,AG,Bayer AG BAYRY:US,sale,2026-04-23,2026-05-11,15K–50K,15001,50000,32500.5,capitol_trades
377e5ae19d1b8fe0451f,2026-05-11T16:22:58Z,Michael McCaul,house,GE,GE VERNOVA INC GEV:US,sale,2026-04-29,2026-05-11,15K–50K,15001,50000,32500.5,capitol_trades
87dda1cf10b5745bc937,2026-05-11T16:22:58Z,Michael McCaul,house,CTS,CTS Corp CTS:US,sale,2026-04-23,2026-05-11,15K–50K,15001,50000,32500.5,capitol_trades
0e69f73097504649297e,2026-05-11T16:22:58Z,Michael McCaul,house,PLC,Shell PLC SHEL:US,sale,2026-04-24,2026-05-11,15K–50K,15001,50000,32500.5,capitol_trades
6e54b8b13f5f7994f808,2026-05-11T16:22:58Z,Michael McCaul,house,PLC,Aon PLC AON:US,sale,2026-04-06,2026-05-11,15K–50K,15001,50000,32500.5,capitol_trades
4b67b7f037686851ca56,2026-05-11T16:22:58Z,Michael McCaul,house,TAX,NORTHERN TAX-ADVANTAGED ULTRA-SHORT FIXED INCOME FUND N/A,sale,2026-04-21,2026-05-11,15K–50K,15001,50000,32500.5,capitol_trades
b44ab5bcfc9023e40a51,2026-05-11T16:22:58Z,Michael McCaul,house,PLC,Shell PLC SHEL:US,sale,2026-04-07,2026-05-11,15K–50K,15001,50000,32500.5,capitol_trades
81dd29eae646e53b11bc,2026-05-11T16:22:58Z,Michael McCaul,house,INTU,Intuit Inc INTU:US,sale,2026-04-17,2026-05-11,15K–50K,15001,50000,32500.5,capitol_trades
50a672db2384e1dcc345,2026-05-11T16:22:58Z,Michael McCaul,house,TAX,NORTHERN TAX-ADVANTAGED ULTRA-SHORT FIXED INCOME FUND N/A,sale,2026-04-02,2026-05-11,15K–50K,15001,50000,32500.5,capitol_trades
21f7a397b43605a844d6,2026-05-11T16:23:00Z,Michael McCaul,house,ARW,Arrow Electronics Inc ARW:US,sale,2026-04-23,2026-05-11,50K–100K,50001,100000,75000.5,capitol_trades
3e5d80f216c170927265,2026-05-11T16:23:00Z,Michael McCaul,house,AIT,Applied Industrial Technologies Inc AIT:US,sale,2026-04-09,2026-05-11,50K–100K,50001,100000,75000.5,capitol_trades
b4f8a4fe26008760062a,2026-05-11T16:23:00Z,Michael McCaul,house,COR,Cencora Inc COR:US,sale,2026-04-30,2026-05-11,100K–250K,100001,250000,175000.5,capitol_trades
938da158cef1eda90eb2,2026-05-11T16:23:00Z,Michael McCaul,house,STATE,STATE STREET SPDR PORTFOLIO S&P 500 ETF N/A,purchase,2026-04-30,2026-05-11,1K–15K,1001,15000,8000.5,capitol_trades
9e0329eb85a1b23a590e,2026-05-11T16:23:00Z,Michael McCaul,house,FUND,CLIFFWATER ENHANCED LENDING FUND CELFX:US,purchase,2026-04-02,2026-05-11,15K–50K,15001,50000,32500.5,capitol_trades
643db137ea67d20f05d4,2026-05-11T16:23:00Z,Michael McCaul,house,TRUST,NORTHERN TRUST INTERMEDI ETF TAXI:US,purchase,2026-04-23,2026-05-11,50K–100K,50001,100000,75000.5,capitol_trades
b9218f9ff5d5cbe219fe,2026-05-11T16:23:00Z,Michael McCaul,house,ETF,Vanguard Total Stock Market ETF VTI:US,sale,2026-04-28,2026-05-11,50K–100K,50001,100000,75000.5,capitol_trades
db8b51a3c119b24bd700,2026-05-11T16:23:00Z,Diana Harshbarger,house,METRO,METRO WASHINGTON AIRPORTS AUTH DC N/A,purchase,2026-04-24,2026-05-11,15K–50K,15001,50000,32500.5,capitol_trades
af72b947bbdc0895a131,2026-05-11T16:23:00Z,Diana Harshbarger,house,BLACK,BLACK BELT ENERGY GAS DISTRICT N/A,purchase,2026-04-17,2026-05-11,15K–50K,15001,50000,32500.5,capitol_trades
45a9da6bfbe59c447d4b,2026-05-11T16:23:00Z,Diana Harshbarger,house,STATE,ILLINOIS STATE TOLL HIGHWAY AUTHORITY N/A,purchase,2026-04-08,2026-05-11,50K–100K,50001,100000,75000.5,capitol_trades
677367957237db3295e2,2026-05-11T16:23:00Z,Diana Harshbarger,house,CITY,CITY AND COUNTY OF HONOLULU N/A,purchase,2026-04-08,2026-05-11,50K–100K,50001,100000,75000.5,capitol_trades
d2c2787b22f7a107f70d,2026-05-11T16:23:00Z,Diana Harshbarger,house,RAPID,METROPOLITAN ATLANTA RAPID TRANSIT AUTHORITY N/A,purchase,2026-04-09,2026-05-11,50K–100K,50001,100000,75000.5,capitol_trades
28089a75f9b2b6b86d00,2026-05-11T16:23:00Z,Diana Harshbarger,house,SAN,SAN ANTONIO TEXAS ELECTRICITY & GAS N/A,purchase,2026-04-09,2026-05-11,50K–100K,50001,100000,75000.5,capitol_trades
e4720dc4e2b13ef76a07,2026-05-11T16:23:00Z,Diana Harshbarger,house,NORTH,NORTH TEXAS TOLLWAY AUTHORITY N/A,purchase,2026-04-09,2026-05-11,50K–100K,50001,100000,75000.5,capitol_trades
3273a18f947ad861ee96,2026-05-11T16:23:00Z,Diana Harshbarger,house,STATE,KENTUCKY STATE PROPERTY AND BUILDINGS COMMISSION N/A,purchase,2026-04-09,2026-05-11,15K–50K,15001,50000,32500.5,capitol_trades
8bdfa6ef83436e1e2bcc,2026-05-11T16:23:00Z,Diana Harshbarger,house,OF,COUNTY OF (MARYLAND) ANNE ARUNDEL N/A,purchase,2026-04-09,2026-05-11,50K–100K,50001,100000,75000.5,capitol_trades
9a6de94a5d0867759c8e,2026-05-11T16:23:00Z,Diana Harshbarger,house,CITY,CITY OF RICHMOND VIRGINIA N/A,purchase,2026-04-15,2026-05-11,15K–50K,15001,50000,32500.5,capitol_trades
22e5bae860f26d21fff1,2026-05-11T16:23:00Z,Diana Harshbarger,house,PLANO,PLANO INDEPENDENT SCHOOL DISTRICT COLLIN COUNTY TEXAS N/A,purchase,2026-04-14,2026-05-11,15K–50K,15001,50000,32500.5,capitol_trades
af7357bb7fe49265c81f,2026-05-11T16:23:00Z,Diana Harshbarger,house,BAD,BAD AXE PUBLIC SCHOOLS COUNTY OF HURON STATE OF MICHIGAN N/A,purchase,2026-04-14,2026-05-11,50K–100K,50001,100000,75000.5,capitol_trades
7ca9fa42df9b47de9c41,2026-05-11T16:23:00Z,Diana Harshbarger,house,RIVER,TRINITY RIVER AUTHORITY OF TEXAS N/A,purchase,2026-04-14,2026-05-11,15K–50K,15001,50000,32500.5,capitol_trades
e0950fe6337f50915389,2026-05-11T16:23:00Z,Diana Harshbarger,house,CITY,CITY OF RICHMOND VIRGINIA N/A,purchase,2026-04-15,2026-05-11,50K–100K,50001,100000,75000.5,capitol_trades
2b4e73a294ba38614c6b,2026-05-11T16:23:00Z,Diana Harshbarger,house,ROUND,ROUND ROCK INDEPENDENT SCHOOL DISTRICT N/A,purchase,2026-04-15,2026-05-11,15K–50K,15001,50000,32500.5,capitol_trades
a99fd5ba2549fb3d28d7,2026-05-11T16:23:00Z,Diana Harshbarger,house,CITY,CITY OF CHARLOTTE NORTH CAROLINA N/A,purchase,2026-04-16,2026-05-11,50K–100K,50001,100000,75000.5,capitol_trades
8bf51b337305b942f68d,2026-05-11T16:23:00Z,Diana Harshbarger,house,CITY,CITY OF CHARLOTTE NORTH CAROLINA N/A,purchase,2026-04-16,2026-05-11,15K–50K,15001,50000,32500.5,capitol_trades
dd857a4b5767fb896412,2026-05-11T16:23:00Z,Diana Harshbarger,house,AND,TRIBOROUGH BRIDGE AND TUNNEL AUTHORITY N/A,purchase,2026-04-16,2026-05-11,50K–100K,50001,100000,75000.5,capitol_trades
7f121b9aa48c58120060,2026-05-11T16:23:00Z,Diana Harshbarger,house,CITY,CITY AND COUNTY OF HONOLULU N/A,purchase,2026-04-08,2026-05-11,100K–250K,100001,250000,175000.5,capitol_trades
996a49fd9f666032cd7c,2026-05-11T16:23:00Z,Diana Harshbarger,house,NORTH,NORTH TEXAS TOLLWAY AUTHORITY N/A,purchase,2026-04-09,2026-05-11,100K–250K,100001,250000,175000.5,capitol_trades
9701ce206096f63b3275,2026-05-11T16:23:00Z,Diana Harshbarger,house,CITY,CITY OF NEW YORK N/A,purchase,2026-04-09,2026-05-11,50K–100K,50001,100000,75000.5,capitol_trades
7b169f1c035d5b6d1b8f,2026-05-11T16:23:00Z,Diana Harshbarger,house,OF,COUNTY OF (MARYLAND) ANNE ARUNDEL N/A,purchase,2026-04-09,2026-05-11,100K–250K,100001,250000,175000.5,capitol_trades
c6ca058fc85d82bb2671,2026-05-11T16:23:00Z,Diana Harshbarger,house,ARTS,HARRIS COUNTY CULTURAL ARTS CENTER N/A,purchase,2026-04-10,2026-05-11,15K–50K,15001,50000,32500.5,capitol_trades
a7d824fa2556b6c4e971,2026-05-11T16:23:00Z,Diana Harshbarger,house,BAD,BAD AXE PUBLIC SCHOOLS COUNTY OF HURON STATE OF MICHIGAN N/A,purchase,2026-04-14,2026-05-11,100K–250K,100001,250000,175000.5,capitol_trades
abb2ebc30630add74caf,2026-05-11T16:23:00Z,Diana Harshbarger,house,PORT,PORT AUTHORITY OF NEW YORK AND NEW JERSEY N/A,purchase,2026-04-14,2026-05-11,15K–50K,15001,50000,32500.5,capitol_trades
468ab7cb6aed71fa966e,2026-05-11T16:23:00Z,Diana Harshbarger,house,CITY,CITY OF RICHMOND VIRGINIA N/A,purchase,2026-04-15,2026-05-11,100K–250K,100001,250000,175000.5,capitol_trades
8ed1fde8a08b3b8b9448,2026-05-11T16:23:00Z,Diana Harshbarger,house,PORT,PORT AUTHORITY OF NEW YORK AND NEW JERSEY N/A,purchase,2026-04-16,2026-05-11,50K–100K,50001,100000,75000.5,capitol_trades
03a9adf5dc4f01468653,2026-05-11T16:23:00Z,Suzan DelBene,house,A,ENERGY SOUTHEAST A COOPERATIVE DISTRICT N/A,purchase,2026-04-30,2026-05-11,1K–15K,1001,15000,8000.5,capitol_trades
f5442579c34a66494bbc,2026-05-11T16:23:00Z,Gil Cisneros,house,PLC,Accenture PLC ACN:US,sale,2026-04-14,2026-05-11,1K–15K,1001,15000,8000.5,capitol_trades
d5b77b587e344bb83d72,2026-05-11T16:23:00Z,Gil Cisneros,house,ADBE,Adobe Inc ADBE:US,purchase,2026-04-14,2026-05-11,1K–15K,1001,15000,8000.5,capitol_trades
dc63828d88219062f082,2026-05-11T16:23:00Z,Gil Cisneros,house,AMD,Advanced Micro Devices Inc AMD:US,purchase,2026-04-14,2026-05-11,15K–50K,15001,50000,32500.5,capitol_trades
3fe555d2d9ed6a8e4de4,2026-05-11T16:23:00Z,Gil Cisneros,house,ARE,Alexandria Real Estate Equities Inc ARE:US,purchase,2026-04-14,2026-05-11,1K–15K,1001,15000,8000.5,capitol_trades
22c26aaa75ffb6e5ec57,2026-05-11T16:23:00Z,Gil Cisneros,house,AMZN,Amazon.com Inc AMZN:US,purchase,2026-04-14,2026-05-11,1K–15K,1001,15000,8000.5,capitol_trades
790196915fee5d3f04bd,2026-05-11T16:23:00Z,Gil Cisneros,house,AMZN,Amazon.com Inc AMZN:US,purchase,2026-04-22,2026-05-11,1K–15K,1001,15000,8000.5,capitol_trades
2d2afaad1447525e080b,2026-05-11T16:23:00Z,Gil Cisneros,house,APO,Apollo Global Management Inc APO:US,purchase,2026-04-14,2026-05-11,1K–15K,1001,15000,8000.5,capitol_trades
158adf4e72a8457ddfb2,2026-05-11T16:23:00Z,Gil Cisneros,house,CORP,APPLOVIN CORP APP:US,sale,2026-04-14,2026-05-11,1K–15K,1001,15000,8000.5,capitol_trades
c45807dc9037a4807fa1,2026-05-11T16:23:00Z,Gil Cisneros,house,ADP,Automatic Data Processing Inc ADP:US,sale,2026-04-14,2026-05-11,1K–15K,1001,15000,8000.5,capitol_trades
1885c06858500bac9157,2026-05-11T16:23:00Z,Gil Cisneros,house,BKNG,Booking Holdings Inc BKNG:US,purchase,2026-04-14,2026-05-11,1K–15K,1001,15000,8000.5,capitol_trades
b4ec0897cceeec51b027,2026-05-11T16:23:00Z,Gil Cisneros,house,INC,BRIDGEBIO PHARMA INC BBIO:US,purchase,2026-04-29,2026-05-11,1K–15K,1001,15000,8000.5,capitol_trades
80a3e242d2dbbd9e7dad,2026-05-11T16:23:00Z,Gil Cisneros,house,BR,Broadridge Financial Solutions Inc BR:US,purchase,2026-04-14,2026-05-11,1K–15K,1001,15000,8000.5,capitol_trades
9dc642ff2e0461f3a8e1,2026-05-11T16:23:00Z,Gil Cisneros,house,CVNA,Carvana Co CVNA:US,purchase,2026-04-14,2026-05-11,1K–15K,1001,15000,8000.5,capitol_trades
1cf0140711c4d7cef71f,2026-05-11T16:23:00Z,Gil Cisneros,house,CHTR,Charter Communications Inc CHTR:US,sale,2026-04-14,2026-05-11,1K–15K,1001,15000,8000.5,capitol_trades
29a5821fed7d7a3de153,2026-05-11T16:23:00Z,Gil Cisneros,house,CTSH,Cognizant Technology Solutions Corp CTSH:US,sale,2026-04-14,2026-05-11,1K–15K,1001,15000,8000.5,capitol_trades
49a81c8bb2bd1732dbbc,2026-05-11T16:23:00Z,Gil Cisneros,house,COIN,Coinbase Global Inc COIN:US,purchase,2026-04-14,2026-05-11,1K–15K,1001,15000,8000.5,capitol_trades
2543e4bb99347d9a5a10,2026-05-11T16:23:00Z,Gil Cisneros,house,CMCSA,Comcast Corp CMCSA:US,sale,2026-04-14,2026-05-11,15K–50K,15001,50000,32500.5,capitol_trades
fb6d621771514ec57b69,2026-05-11T16:23:00Z,Gil Cisneros,house,CAG,Conagra Brands Inc CAG:US,purchase,2026-04-14,2026-05-11,1K–15K,1001,15000,8000.5,capitol_trades
b50c81f34d8f20b7bcb1,2026-05-11T16:23:00Z,Gil Cisneros,house,CSGP,CoStar Group Inc CSGP:US,sale,2026-04-14,2026-05-11,1K–15K,1001,15000,8000.5,capitol_trades
8e583ba314b2240b56f0,2026-05-11T16:23:00Z,Gil Cisneros,house,CRWD,CrowdStrike Holdings Inc CRWD:US,sale,2026-04-14,2026-05-11,1K–15K,1001,15000,8000.5,capitol_trades
527bf22fd62dbc60b3d6,2026-05-11T16:23:00Z,Gil Cisneros,house,DDOG,Datadog Inc DDOG:US,sale,2026-04-14,2026-05-11,1K–15K,1001,15000,8000.5,capitol_trades
a0de869cabc68f39dbdb,2026-05-11T16:23:00Z,Gil Cisneros,house,DPZ,Domino's Pizza Inc DPZ:US,sale,2026-04-14,2026-05-11,1K–15K,1001,15000,8000.5,capitol_trades
17498f06b2fe775fd6b9,2026-05-11T16:23:00Z,Gil Cisneros,house,DASH,DoorDash Inc DASH:US,purchase,2026-05-01,2026-05-11,1K–15K,1001,15000,8000.5,capitol_trades
65d0dc3441724ba8d17a,2026-05-11T16:23:00Z,Gil Cisneros,house,DASH,DoorDash Inc DASH:US,purchase,2026-04-15,2026-05-11,1K–15K,1001,15000,8000.5,capitol_trades
5900fa0942845f771b64,2026-05-11T16:23:00Z,Gil Cisneros,house,DASH,DoorDash Inc DASH:US,purchase,2026-04-14,2026-05-11,1K–15K,1001,15000,8000.5,capitol_trades
fc414c030523b07bed07,2026-05-11T16:23:00Z,Gil Cisneros,house,DASH,DoorDash Inc DASH:US,purchase,2026-04-06,2026-05-11,1K–15K,1001,15000,8000.5,capitol_trades
7388a60104dbfbcbbeb4,2026-05-11T16:23:00Z,Gil Cisneros,house,DASH,DoorDash Inc DASH:US,purchase,2026-04-13,2026-05-11,1K–15K,1001,15000,8000.5,capitol_trades
41db751f34b423cd5080,2026-05-11T16:23:00Z,Gil Cisneros,house,LLY,Eli Lilly and Co LLY:US,purchase,2026-04-14,2026-05-11,1K–15K,1001,15000,8000.5,capitol_trades
01ae0541b08ccf8f850a,2026-05-11T16:23:00Z,Gil Cisneros,house,EPAM,EPAM Systems Inc EPAM:US,sale,2026-04-14,2026-05-11,1K–15K,1001,15000,8000.5,capitol_trades
eee4bbbbfad29fe6d421,2026-05-11T16:23:00Z,Gil Cisneros,house,EFX,Equifax Inc EFX:US,sale,2026-04-14,2026-05-11,1K–15K,1001,15000,8000.5,capitol_trades
2d780f85a19245cce991,2026-05-11T16:23:00Z,Gil Cisneros,house,FICO,Fair Isaac Corporation FICO:US,sale,2026-04-14,2026-05-11,1K–15K,1001,15000,8000.5,capitol_trades
d2b31bbb28700ff39ed1,2026-05-11T16:23:00Z,Gil Cisneros,house,FIS,Fidelity National Information Services Inc FIS:US,sale,2026-04-14,2026-05-11,1K–15K,1001,15000,8000.5,capitol_trades
ef4a500225479e84de89,2026-05-11T16:23:00Z,Gil Cisneros,house,CORP,FIRSTSERVICE CORP N/A,purchase,2026-05-01,2026-05-11,1K–15K,1001,15000,8000.5,capitol_trades
8979f58d61446179ac82,2026-05-11T16:23:00Z,Gil Cisneros,house,CORP,FIRSTSERVICE CORP N/A,purchase,2026-04-24,2026-05-11,1K–15K,1001,15000,8000.5,capitol_trades
6a846cc8261e652c3883,2026-05-11T16:23:00Z,Gil Cisneros,house,FISV,Fiserv Inc FISV:US,sale,2026-04-14,2026-05-11,1K–15K,1001,15000,8000.5,capitol_trades
0741e3c287a50a06d00e,2026-05-11T16:23:00Z,Gil Cisneros,house,FLEX,Flex Ltd FLEX:US,sale,2026-04-13,2026-05-11,15K–50K,15001,50000,32500.5,capitol_trades
3d14e988e5a2b1f110b5,2026-05-11T16:23:00Z,Gil Cisneros,house,FLEX,Flex Ltd FLEX:US,sale,2026-04-15,2026-05-11,1K–15K,1001,15000,8000.5,capitol_trades
ddbd822d645cedb1061d,2026-05-11T16:23:00Z,Gil Cisneros,house,FLEX,Flex Ltd FLEX:US,sale,2026-04-22,2026-05-11,1K–15K,1001,15000,8000.5,capitol_trades
203948d6a326eb4c3994,2026-05-11T16:23:02Z,Gil Cisneros,house,FLEX,Flex Ltd FLEX:US,sale,2026-04-27,2026-05-11,1K–15K,1001,15000,8000.5,capitol_trades
3ca29ced8a6462ee04b5,2026-05-11T16:23:02Z,Gil Cisneros,house,FLEX,Flex Ltd FLEX:US,sale,2026-05-01,2026-05-11,1K–15K,1001,15000,8000.5,capitol_trades
5185901fad09c51914e6,2026-05-11T16:23:02Z,Gil Cisneros,house,FTNT,Fortinet Inc FTNT:US,sale,2026-04-14,2026-05-11,1K–15K,1001,15000,8000.5,capitol_trades
e000eaf2dd4b370d1fa7,2026-05-11T16:23:02Z,Gil Cisneros,house,IT,Gartner Inc IT:US,sale,2026-04-14,2026-05-11,1K–15K,1001,15000,8000.5,capitol_trades
6456296124ebce5647e2,2026-05-11T16:23:02Z,Gil Cisneros,house,GEN,NortonLifeLock Inc GEN:US,purchase,2026-04-14,2026-05-11,1K–15K,1001,15000,8000.5,capitol_trades
2b2e63df6b3f550f8783,2026-05-11T16:23:02Z,Gil Cisneros,house,GIL,Gildan Activewear Inc GIL:US,purchase,2026-04-24,2026-05-11,1K–15K,1001,15000,8000.5,capitol_trades
b61a238a7e113ef3e6ba,2026-05-11T16:23:02Z,Gil Cisneros,house,GIL,Gildan Activewear Inc GIL:US,purchase,2026-04-27,2026-05-11,1K–15K,1001,15000,8000.5,capitol_trades
5cb5d0689fa570a816a9,2026-05-11T16:23:02Z,Gil Cisneros,house,GIL,Gildan Activewear Inc GIL:US,purchase,2026-04-29,2026-05-11,1K–15K,1001,15000,8000.5,capitol_trades
56d4ddd2a4809c41bd68,2026-05-11T16:23:02Z,Gil Cisneros,house,GIL,Gildan Activewear Inc GIL:US,purchase,2026-04-22,2026-05-11,1K–15K,1001,15000,8000.5,capitol_trades
4da473ea7caef736de0c,2026-05-11T16:23:02Z,Gil Cisneros,house,GPN,GLOBAL PAYMENTS Inc GPN:US,purchase,2026-04-14,2026-05-11,1K–15K,1001,15000,8000.5,capitol_trades
82d0a17fdce6ef694274,2026-05-11T16:23:02Z,Gil Cisneros,house,GDDY,GoDaddy Inc GDDY:US,purchase,2026-04-14,2026-05-11,1K–15K,1001,15000,8000.5,capitol_trades
2c661853a23d6c95c8ac,2026-05-11T16:23:02Z,Gil Cisneros,house,SA,Hermes International SA HESAY:US,sale,2026-04-23,2026-05-11,1K–15K,1001,15000,8000.5,capitol_trades
4ac41c90c58f7ed2e8fc,2026-05-11T16:23:02Z,Gil Cisneros,house,IBM,International Business Machines Corp IBM:US,purchase,2026-04-14,2026-05-11,15K–50K,15001,50000,32500.5,capitol_trades
1e1f9ecf6a49cc836921,2026-05-11T16:23:02Z,Gil Cisneros,house,IP,International Paper Co IP:US,sale,2026-04-14,2026-05-11,1K–15K,1001,15000,8000.5,capitol_trades
233e287d08e2e53215d7,2026-05-11T16:23:02Z,Gil Cisneros,house,INTU,Intuit Inc INTU:US,sale,2026-04-14,2026-05-11,1K–15K,1001,15000,8000.5,capitol_trades
2ffce8b50b706cc77076,2026-05-11T16:23:02Z,Gil Cisneros,house,JKHY,Henry (Jack) & Associates Inc JKHY:US,sale,2026-04-14,2026-05-11,1K–15K,1001,15000,8000.5,capitol_trades
6c700bd82ee1ff8be81f,2026-05-11T16:23:02Z,Gil Cisneros,house,LPL,LPL Financial Holdings Inc LPLA:US,purchase,2026-05-01,2026-05-11,1K–15K,1001,15000,8000.5,capitol_trades
4e7d07716e76c530f646,2026-05-11T16:23:02Z,Gil Cisneros,house,LPL,LPL Financial Holdings Inc LPLA:US,purchase,2026-04-06,2026-05-11,1K–15K,1001,15000,8000.5,capitol_trades
8e5a9feec4bf5f79d1d1,2026-05-11T16:23:02Z,Gil Cisneros,house,LITE,Lumentum Holdings Inc LITE:US,purchase,2026-04-14,2026-05-11,1K–15K,1001,15000,8000.5,capitol_trades
675bbd642929e026258f,2026-05-11T16:23:02Z,Gil Cisneros,house,MSFT,Microsoft Corp MSFT:US,sale,2026-04-14,2026-05-11,15K–50K,15001,50000,32500.5,capitol_trades
ff61cdc287264fa573e2,2026-05-11T16:23:02Z,Gil Cisneros,house,MOS,The Mosaic Company MOS:US,sale,2026-04-14,2026-05-11,1K–15K,1001,15000,8000.5,capitol_trades
8858379407c78d69580c,2026-05-11T16:23:02Z,Gil Cisneros,house,NWSA,News Corp NWSA:US,purchase,2026-04-14,2026-05-11,1K–15K,1001,15000,8000.5,capitol_trades
17bc3bd771bac065a862,2026-05-11T16:23:02Z,Gil Cisneros,house,NKE,Nike Inc NKE:US,sale,2026-04-14,2026-05-11,1K–15K,1001,15000,8000.5,capitol_trades
2cae275c93f0f42170c8,2026-05-11T16:23:02Z,Gil Cisneros,house,NVDA,NVIDIA Corporation NVDA:US,sale,2026-04-14,2026-05-11,1K–15K,1001,15000,8000.5,capitol_trades
5ee1135af096eab82782,2026-05-11T16:23:02Z,Gil Cisneros,house,OMC,Omnicom Group Inc OMC:US,sale,2026-04-14,2026-05-11,1K–15K,1001,15000,8000.5,capitol_trades
030119b5de8dd5e79a74,2026-05-11T16:23:02Z,Gil Cisneros,house,PLTR,Palantir Technologies Inc PLTR:US,purchase,2026-04-14,2026-05-11,15K–50K,15001,50000,32500.5,capitol_trades
39129aaf045a6e723ac7,2026-05-11T16:23:02Z,Gil Cisneros,house,PANW,Palo Alto Networks Inc PANW:US,purchase,2026-04-14,2026-05-11,1K–15K,1001,15000,8000.5,capitol_trades
b1e191d7aecf34e967b7,2026-05-11T16:23:02Z,Gil Cisneros,house,PAYX,Paychex Inc PAYX:US,purchase,2026-04-14,2026-05-11,1K–15K,1001,15000,8000.5,capitol_trades
07f7dcc4a1a204db89cc,2026-05-11T16:23:02Z,Gil Cisneros,house,PAYC,Paycom Software Inc PAYC:US,sale,2026-04-14,2026-05-11,1K–15K,1001,15000,8000.5,capitol_trades
bbec012244d4de47070f,2026-05-11T16:23:02Z,Gil Cisneros,house,RVTY,Revvity Inc RVTY:US,purchase,2026-05-01,2026-05-11,1K–15K,1001,15000,8000.5,capitol_trades
86c9901d1fe93d944792,2026-05-11T16:23:02Z,Gil Cisneros,house,HOOD,Robinhood Markets Inc HOOD:US,purchase,2026-04-14,2026-05-11,1K–15K,1001,15000,8000.5,capitol_trades
8b2308b33c7cd22f8bc3,2026-05-11T16:23:02Z,Gil Cisneros,house,ROP,Roper Technologies Inc ROP:US,purchase,2026-04-14,2026-05-11,1K–15K,1001,15000,8000.5,capitol_trades
431a17a90822f723cc19,2026-05-11T16:23:02Z,Gil Cisneros,house,PLC,Sensata Technologies Holding PLC ST:US,purchase,2026-05-01,2026-05-11,1K–15K,1001,15000,8000.5,capitol_trades
e8b8127abdb745e54988,2026-05-11T16:23:02Z,Gil Cisneros,house,NOW,ServiceNow Inc NOW:US,sale,2026-04-14,2026-05-11,1K–15K,1001,15000,8000.5,capitol_trades
ec491a35aa8c4a52f85f,2026-05-11T16:23:02Z,Gil Cisneros,house,SONY,Sony Group Corporation SONY:US,purchase,2026-04-24,2026-05-11,1K–15K,1001,15000,8000.5,capitol_trades
2d04dbfe9a8f6815ebae,2026-05-11T16:23:02Z,Gil Cisneros,house,SS,SS&C Technologies Holdings Inc SSNC:US,sale,2026-04-13,2026-05-11,1K–15K,1001,15000,8000.5,capitol_trades
c32d89c922121b478b43,2026-05-11T16:23:02Z,Gil Cisneros,house,SS,SS&C Technologies Holdings Inc SSNC:US,sale,2026-04-06,2026-05-11,15K–50K,15001,50000,32500.5,capitol_trades
73a1acce84c73bdf84e7,2026-05-11T16:23:02Z,Gil Cisneros,house,SS,SS&C Technologies Holdings Inc SSNC:US,sale,2026-05-01,2026-05-11,1K–15K,1001,15000,8000.5,capitol_trades
e625d22bb328ac4ffffd,2026-05-11T16:23:02Z,Gil Cisneros,house,SS,SS&C Technologies Holdings Inc SSNC:US,sale,2026-04-29,2026-05-11,1K–15K,1001,15000,8000.5,capitol_trades
fa88be2def064582519b,2026-05-11T16:23:02Z,Gil Cisneros,house,PLC,Steris PLC STE:US,purchase,2026-04-29,2026-05-11,1K–15K,1001,15000,8000.5,capitol_trades
e6f5336fbf52f5d9dab0,2026-05-11T16:23:02Z,Gil Cisneros,house,TSLA,Tesla Inc TSLA:US,purchase,2026-04-14,2026-05-11,1K–15K,1001,15000,8000.5,capitol_trades
d2826cd288a1e21928ee,2026-05-11T16:23:02Z,Gil Cisneros,house,KHC,The Kraft Heinz Co KHC:US,sale,2026-04-14,2026-05-11,1K–15K,1001,15000,8000.5,capitol_trades
4f78bb0ce57c6755bf94,2026-05-11T16:23:02Z,Gil Cisneros,house,TTD,The Trade Desk Inc TTD:US,sale,2026-04-14,2026-05-11,1K–15K,1001,15000,8000.5,capitol_trades
7b042c316929c9784dfc,2026-05-11T16:23:02Z,Gil Cisneros,house,TRMB,Trimble Inc TRMB:US,purchase,2026-04-14,2026-05-11,1K–15K,1001,15000,8000.5,capitol_trades
65059074aa56ca836637,2026-05-11T16:23:02Z,Gil Cisneros,house,TYL,Tyler Technologies Inc TYL:US,sale,2026-04-14,2026-05-11,1K–15K,1001,15000,8000.5,capitol_trades
1a2363f468f67a2c88ea,2026-05-11T16:23:02Z,Gil Cisneros,house,UBER,Uber Technologies Inc UBER:US,purchase,2026-04-14,2026-05-11,1K–15K,1001,15000,8000.5,capitol_trades
3ca66bc1fc5c0ac6409e,2026-05-11T16:23:02Z,Gil Cisneros,house,UNH,Unitedhealth Group Inc UNH:US,purchase,2026-04-14,2026-05-11,1K–15K,1001,15000,8000.5,capitol_trades
55c1898b888e8699b4ce,2026-05-11T16:23:02Z,Gil Cisneros,house,CORP,VERALTO CORP VLTO:US,purchase,2026-04-06,2026-05-11,1K–15K,1001,15000,8000.5,capitol_trades
7a02ddaa1e5c802c6471,2026-05-11T16:23:02Z,Gil Cisneros,house,CORP,VERALTO CORP VLTO:US,purchase,2026-04-13,2026-05-11,1K–15K,1001,15000,8000.5,capitol_trades
7d86b372da3ac5fb5e62,2026-05-11T16:23:02Z,Gil Cisneros,house,VRSK,VERISK ANALYTICS Inc VRSK:US,sale,2026-04-14,2026-05-11,1K–15K,1001,15000,8000.5,capitol_trades
8d4aa9a018eff8c4cac7,2026-05-11T16:23:02Z,Gil Cisneros,house,VZ,Verizon Communications Inc VZ:US,purchase,2026-04-14,2026-05-11,1K–15K,1001,15000,8000.5,capitol_trades
6368d5b0f4c72b103ec5,2026-05-11T16:23:02Z,Gil Cisneros,house,W,Wayfair Inc W:US,purchase,2026-05-01,2026-05-11,1K–15K,1001,15000,8000.5,capitol_trades
a0e5366120e058fc9a90,2026-05-11T16:23:02Z,Gil Cisneros,house,WDAY,Workday Inc WDAY:US,sale,2026-04-14,2026-05-11,1K–15K,1001,15000,8000.5,capitol_trades
72d3cdd2b28d118c1231,2026-05-11T16:23:02Z,Gil Cisneros,house,ZTS,Zoetis Inc ZTS:US,sale,2026-04-14,2026-05-11,1K–15K,1001,15000,8000.5,capitol_trades
146219f6234ae60e59f8,2026-05-11T16:23:02Z,Cliff Bentz,house,INTC,Intel Corp INTC:US,sale,2026-04-09,2026-05-11,1K–15K,1001,15000,8000.5,capitol_trades
6907926482f85daafcef,2026-05-11T16:23:02Z,Tina Smith,senate,PODD,Insulet Corp PODD:US,sale,2026-05-07,2026-05-10,100K–250K,100001,250000,175000.5,capitol_trades
1b241330d4898236d95f,2026-05-11T16:23:02Z,Tina Smith,senate,DXCM,DexCom Inc DXCM:US,sale,2026-05-07,2026-05-10,100K–250K,100001,250000,175000.5,capitol_trades
d4fbd4b4adc9a791ed06,2026-05-11T16:23:02Z,Tina Smith,senate,PODD,Insulet Corp PODD:US,sale,2026-04-29,2026-05-10,100K–250K,100001,250000,175000.5,capitol_trades
249c9781acff621dddea,2026-05-11T16:23:02Z,Tina Smith,senate,DXCM,DexCom Inc DXCM:US,sale,2026-04-29,2026-05-10,100K–250K,100001,250000,175000.5,capitol_trades
d1ea980193b0a2c24596,2026-05-12T11:46:24Z,John Boozman,senate,S,iShares S&P 500 Growth ETF IVW:US,sale,2025-03-19,2026-05-11,1K–15K,1001,15000,8000.5,capitol_trades
b59f3c68c21f6dfa0fe2,2026-05-12T11:46:24Z,John Boozman,senate,DTE,DTE Energy Co DTE:US,sale,2025-03-19,2026-05-11,1K–15K,1001,15000,8000.5,capitol_trades
8e9e5b0811219c4706ca,2026-05-12T11:46:24Z,John Boozman,senate,ETF,iShares 7-10 Year Treasury Bond ETF IEF:US,purchase,16 Sept 2025,2026-05-11,15K–50K,15001,50000,32500.5,capitol_trades
524c8231dea1da5e9f3a,2026-05-12T11:46:24Z,John Boozman,senate,ETF,iShares 1-3 Year Treasury Bond ETF SHY:US,purchase,16 Sept 2025,2026-05-11,1K–15K,1001,15000,8000.5,capitol_trades
672191e22f42235acf91,2026-05-12T11:46:24Z,John Boozman,senate,PLC,Eaton Corp PLC ETN:US,purchase,12 Sept 2025,2026-05-11,1K–15K,1001,15000,8000.5,capitol_trades
2c59eb2ff6a28153808e,2026-05-12T11:46:24Z,John Boozman,senate,GOOGL,Alphabet Inc GOOGL:US,purchase,17 Sept 2025,2026-05-11,1K–15K,1001,15000,8000.5,capitol_trades
213990e88598273fa696,2026-05-12T11:46:24Z,John Boozman,senate,ADBE,Adobe Inc ADBE:US,purchase,4 Sept 2025,2026-05-11,1K–15K,1001,15000,8000.5,capitol_trades
e0fca0e90fb1b6fc5e61,2026-05-12T16:10:56Z,Chip Roy,house,ATLAS,ATLAS ENERGY SOLUTIONS INC AESI:US,purchase,2026-03-30,2026-05-12,100K–250K,100001,250000,175000.5,capitol_trades
1f31919cd4a8c1b0e174,2026-05-13T16:12:42Z,Rich McCormick,house,AMT,American Tower Corp AMT:US,sale,2026-04-17,2026-05-13,1K–15K,1001,15000,8000.5,capitol_trades
524d181e4c01f200b0d5,2026-05-13T16:12:42Z,Chuck Fleischmann,house,X,GLOBAL X DEFENSE TECH ETF N/A,purchase,2026-04-28,2026-05-13,1K–15K,1001,15000,8000.5,capitol_trades
a4635c51cc1582adf855,2026-05-13T16:12:42Z,Chuck Fleischmann,house,ETF,iShares 3-7 Year Treasury Bond ETF IEI:US,sale,2026-04-28,2026-05-13,1K–15K,1001,15000,8000.5,capitol_trades
3a3e540fc680e2441220,2026-05-13T16:12:42Z,Chuck Fleischmann,house,BB,ISHARES BB RAT CORP BOND ETF HYBB:US,sale,2026-04-28,2026-05-13,15K–50K,15001,50000,32500.5,capitol_trades
15257875d452ba96ccf1,2026-05-13T16:12:42Z,Chuck Fleischmann,house,SPDR,SPDR Portfolio Developed World ex-US ETF SPDW:US,sale,2026-04-28,2026-05-13,1K–15K,1001,15000,8000.5,capitol_trades
76d73a745ea968bfc57b,2026-05-13T16:12:42Z,Chuck Fleischmann,house,STATE,STATE STREET SPDR MOT BKD BD SPMB:US,sale,2026-04-28,2026-05-13,1K–15K,1001,15000,8000.5,capitol_trades
a6327d9a9d2e4265aa88,2026-05-13T16:12:42Z,Chuck Fleischmann,house,SPDR,SPDR Portfolio S&P 500 Growth ETF SPYG:US,purchase,2026-04-28,2026-05-13,1K–15K,1001,15000,8000.5,capitol_trades
998513b1596e017124e2,2026-05-13T16:12:42Z,Chuck Fleischmann,house,ALL,VANGUARD ALL EQUITY ETF N/A,purchase,2026-04-28,2026-05-13,1K–15K,1001,15000,8000.5,capitol_trades
3bea489d552e7fd4c805,2026-05-14T11:42:48Z,Ro Khanna,house,JPM,JPMorgan Chase & Co JPM:US,purchase,2026-04-21,2026-05-13,15K–50K,15001,50000,32500.5,capitol_trades
acfb422303d9aad2939a,2026-05-14T11:42:48Z,Ro Khanna,house,AMZN,Amazon.com Inc AMZN:US,purchase,2026-04-02,2026-05-13,1K–15K,1001,15000,8000.5,capitol_trades
ab541364f86c3ed45eef,2026-05-14T11:42:48Z,Ro Khanna,house,META,Meta Platforms Inc META:US,purchase,2026-04-02,2026-05-13,1K–15K,1001,15000,8000.5,capitol_trades
b32126b5081f78a86616,2026-05-14T11:42:48Z,Ro Khanna,house,MCHP,Microchip Technology Inc MCHP:US,purchase,2026-04-02,2026-05-13,1K–15K,1001,15000,8000.5,capitol_trades
8e95a90e9250779641cb,2026-05-14T11:42:48Z,Ro Khanna,house,GOOGL,Alphabet Inc GOOGL:US,sale,2026-04-02,2026-05-13,1K–15K,1001,15000,8000.5,capitol_trades
3f4dfa56405ae95d7ced,2026-05-14T11:42:48Z,Ro Khanna,house,NDAQ,Nasdaq Inc NDAQ:US,sale,2026-04-22,2026-05-13,1K–15K,1001,15000,8000.5,capitol_trades
eba7a5592fe9b51414ff,2026-05-14T11:42:48Z,Ro Khanna,house,LGF,Lions Gate Entertainment Corp LGF/A:US,sale,2026-04-22,2026-05-13,1K–15K,1001,15000,8000.5,capitol_trades
fa12493a9835d80e2319,2026-05-14T11:42:48Z,Ro Khanna,house,MU,Micron Technology Inc MU:US,sale,2026-04-27,2026-05-13,1K–15K,1001,15000,8000.5,capitol_trades
f0c3c488bea29266a4eb,2026-05-14T11:42:48Z,Ro Khanna,house,BRK,Berkshire Hathaway Inc BRK/B:US,purchase,2026-04-13,2026-05-13,15K–50K,15001,50000,32500.5,capitol_trades
cb8ac459f5ab849f6c99,2026-05-14T11:42:48Z,Ro Khanna,house,HD,The Home Depot Inc HD:US,purchase,2026-04-13,2026-05-13,15K–50K,15001,50000,32500.5,capitol_trades
913f27aa3bd2e2c2482a,2026-05-14T11:42:48Z,Ro Khanna,house,CSCO,Cisco Systems Inc CSCO:US,purchase,2026-04-13,2026-05-13,15K–50K,15001,50000,32500.5,capitol_trades
986c7825ef1d3042b657,2026-05-14T11:42:48Z,Ro Khanna,house,JNJ,Johnson & Johnson JNJ:US,purchase,2026-04-13,2026-05-13,15K–50K,15001,50000,32500.5,capitol_trades
41654cccb77119b85770,2026-05-14T11:42:48Z,Ro Khanna,house,TMO,Thermo Fisher Scientific Inc TMO:US,purchase,2026-04-13,2026-05-13,15K–50K,15001,50000,32500.5,capitol_trades
c8e781a2612243874953,2026-05-14T11:42:48Z,Ro Khanna,house,SYK,Stryker Corp SYK:US,purchase,2026-04-13,2026-05-13,15K–50K,15001,50000,32500.5,capitol_trades
f48bc3a035aef9c25436,2026-05-14T11:42:48Z,Ro Khanna,house,ADP,Automatic Data Processing Inc ADP:US,purchase,2026-04-13,2026-05-13,15K–50K,15001,50000,32500.5,capitol_trades
d266df63101d995c41f8,2026-05-14T11:42:48Z,Ro Khanna,house,COF,Capital One Financial Corp COF:US,purchase,2026-04-13,2026-05-13,15K–50K,15001,50000,32500.5,capitol_trades
ecdcd0624ef423ab60df,2026-05-14T11:42:48Z,Ro Khanna,house,MA,Mastercard Inc MA:US,purchase,2026-04-13,2026-05-13,15K–50K,15001,50000,32500.5,capitol_trades
23b7a18c6592d5c4c79d,2026-05-14T11:42:48Z,Ro Khanna,house,INTU,Intuit Inc INTU:US,purchase,2026-04-13,2026-05-13,1K–15K,1001,15000,8000.5,capitol_trades
32935091560aacb20210,2026-05-14T11:42:48Z,Ro Khanna,house,IBM,International Business Machines Corp IBM:US,purchase,2026-04-13,2026-05-13,1K–15K,1001,15000,8000.5,capitol_trades
adc5b10810c669f72ad3,2026-05-14T11:42:48Z,Ro Khanna,house,HON,Honeywell International Inc HON:US,purchase,2026-04-13,2026-05-13,1K–15K,1001,15000,8000.5,capitol_trades
f4a2409fec1fc1da612c,2026-05-14T11:42:48Z,Ro Khanna,house,VRTX,Vertex Pharmaceuticals Inc VRTX:US,purchase,2026-04-13,2026-05-13,1K–15K,1001,15000,8000.5,capitol_trades
c456590dfff308fe61c0,2026-05-14T11:42:48Z,Ro Khanna,house,PANW,Palo Alto Networks Inc PANW:US,purchase,2026-04-13,2026-05-13,1K–15K,1001,15000,8000.5,capitol_trades
1de1b127f3d5188da606,2026-05-14T11:42:48Z,Ro Khanna,house,ARES,Ares Management Corp ARES:US,purchase,2026-04-13,2026-05-13,1K–15K,1001,15000,8000.5,capitol_trades
2555c6deb2549188d173,2026-05-14T11:42:48Z,Ro Khanna,house,NOW,ServiceNow Inc NOW:US,purchase,2026-04-13,2026-05-13,1K–15K,1001,15000,8000.5,capitol_trades
80995380a7de3511b492,2026-05-14T11:42:48Z,Ro Khanna,house,TJX,The TJX Companies Inc TJX:US,purchase,2026-04-13,2026-05-13,1K–15K,1001,15000,8000.5,capitol_trades
a5f79aa71ab40667c1d1,2026-05-14T11:42:48Z,Ro Khanna,house,NEE,NextEra Energy Inc NEE:US,purchase,2026-04-13,2026-05-13,1K–15K,1001,15000,8000.5,capitol_trades
3fe00c3b5b7add4ff9f0,2026-05-14T11:42:48Z,Ro Khanna,house,KKR,KKR & Co Inc KKR:US,purchase,2026-04-13,2026-05-13,1K–15K,1001,15000,8000.5,capitol_trades
cb6aebb65bdc4600af9b,2026-05-14T11:42:48Z,Ro Khanna,house,PLC,Accenture PLC ACN:US,purchase,2026-04-13,2026-05-13,1K–15K,1001,15000,8000.5,capitol_trades
2446c271dce183616aab,2026-05-14T11:42:48Z,Ro Khanna,house,PFE,Pfizer Inc PFE:US,purchase,2026-04-13,2026-05-13,1K–15K,1001,15000,8000.5,capitol_trades
9bcb49c1e817d85f8b89,2026-05-14T11:42:48Z,Ro Khanna,house,FLT,FleetCor Technologies Inc FLT:US,purchase,2026-04-13,2026-05-13,1K–15K,1001,15000,8000.5,capitol_trades
6b290d2fa61d529be8aa,2026-05-14T11:42:48Z,Ro Khanna,house,NDAQ,Nasdaq Inc NDAQ:US,purchase,2026-04-13,2026-05-13,1K–15K,1001,15000,8000.5,capitol_trades
1cd434a0e346e63bd57d,2026-05-14T11:42:48Z,Ro Khanna,house,SCHW,Schwab (Charles) Corp SCHW:US,purchase,2026-04-13,2026-05-13,1K–15K,1001,15000,8000.5,capitol_trades
340c8c79add6c3ac607f,2026-05-14T11:42:48Z,Ro Khanna,house,IDEXX,IDEXX Laboratories Inc IDXX:US,purchase,2026-04-13,2026-05-13,1K–15K,1001,15000,8000.5,capitol_trades
900f18839b3717306e6c,2026-05-14T11:42:48Z,Ro Khanna,house,EMR,Emerson Electric Co EMR:US,purchase,2026-04-13,2026-05-13,1K–15K,1001,15000,8000.5,capitol_trades
58e9665a3c22a217ccfa,2026-05-14T11:42:48Z,Ro Khanna,house,CPRT,Copart Inc CPRT:US,purchase,2026-04-13,2026-05-13,1K–15K,1001,15000,8000.5,capitol_trades
1b93bd519c5c3bf5a382,2026-05-14T11:42:48Z,Ro Khanna,house,ADBE,Adobe Inc ADBE:US,purchase,2026-04-13,2026-05-13,1K–15K,1001,15000,8000.5,capitol_trades
56e4ac4db7463e36fb0a,2026-05-14T11:42:48Z,Ro Khanna,house,CDNS,Cadence Design Systems Inc CDNS:US,purchase,2026-04-13,2026-05-13,1K–15K,1001,15000,8000.5,capitol_trades
de8a189d9e4579e5405a,2026-05-14T11:42:48Z,Ro Khanna,house,SNPS,Synopsys Inc SNPS:US,purchase,2026-04-13,2026-05-13,1K–15K,1001,15000,8000.5,capitol_trades
c9bbc8b506bd49135f6d,2026-05-14T11:42:48Z,Ro Khanna,house,CMG,Chipotle Mexican Grill Inc CMG:US,purchase,2026-04-13,2026-05-13,1K–15K,1001,15000,8000.5,capitol_trades
23e822fb057eb7efce88,2026-05-14T11:42:48Z,Ro Khanna,house,ECL,Ecolab Inc ECL:US,purchase,2026-04-13,2026-05-13,1K–15K,1001,15000,8000.5,capitol_trades
63cf016523ec9a906d90,2026-05-14T11:42:48Z,Ro Khanna,house,PAYX,Paychex Inc PAYX:US,purchase,2026-04-13,2026-05-13,1K–15K,1001,15000,8000.5,capitol_trades
45979b618251bf37a489,2026-05-14T11:42:48Z,Ro Khanna,house,MRSH,Marsh & McLennan Companies Inc MRSH:US,purchase,2026-04-13,2026-05-13,1K–15K,1001,15000,8000.5,capitol_trades
7f92d434a62558a56e41,2026-05-14T11:42:48Z,Ro Khanna,house,BK,The Bank of New York Mellon Corp BK:US,purchase,2026-04-13,2026-05-13,1K–15K,1001,15000,8000.5,capitol_trades
2192a57b2b4de60f7c39,2026-05-14T11:42:48Z,Ro Khanna,house,REGN,Regeneron Pharmaceuticals Inc REGN:US,purchase,2026-04-13,2026-05-13,1K–15K,1001,15000,8000.5,capitol_trades
63b1890142f50daf9ad4,2026-05-14T11:42:48Z,Ro Khanna,house,CVNA,Carvana Co CVNA:US,purchase,2026-04-13,2026-05-13,1K–15K,1001,15000,8000.5,capitol_trades
e8262fbb5bda0e2b1638,2026-05-14T11:42:48Z,Ro Khanna,house,ADI,Analog Devices Inc ADI:US,purchase,2026-04-13,2026-05-13,1K–15K,1001,15000,8000.5,capitol_trades
e0a4fdbac16a58120eed,2026-05-14T11:42:48Z,Ro Khanna,house,WDC,Western Digital Corp WDC:US,purchase,2026-04-13,2026-05-13,1K–15K,1001,15000,8000.5,capitol_trades
5fd44128bf2be2d7ad8f,2026-05-14T11:42:48Z,Ro Khanna,house,ADSK,AUTODESK Inc ADSK:US,purchase,2026-04-13,2026-05-13,1K–15K,1001,15000,8000.5,capitol_trades
a1558dab12c1299ccdb8,2026-05-14T11:42:48Z,Ro Khanna,house,FDS,FactSet Research Systems Inc FDS:US,purchase,2026-04-13,2026-05-13,1K–15K,1001,15000,8000.5,capitol_trades
f10d0d9581e41afefc46,2026-05-14T11:42:48Z,Ro Khanna,house,PNC,The PNC Financial Services Group Inc PNC:US,purchase,2026-04-13,2026-05-13,1K–15K,1001,15000,8000.5,capitol_trades
3427763027d3c3497745,2026-05-14T11:42:48Z,Ro Khanna,house,BR,Broadridge Financial Solutions Inc BR:US,purchase,2026-04-13,2026-05-13,1K–15K,1001,15000,8000.5,capitol_trades
20b5fec1e631a889f727,2026-05-14T11:42:48Z,Ro Khanna,house,DIS,The Walt Disney Co DIS:US,purchase,2026-04-13,2026-05-13,1K–15K,1001,15000,8000.5,capitol_trades
02a4f38da317c5e22dce,2026-05-14T11:42:48Z,Ro Khanna,house,APD,Air Products and Chemicals Inc APD:US,purchase,2026-04-13,2026-05-13,1K–15K,1001,15000,8000.5,capitol_trades
208dea92cc1cf44a0261,2026-05-14T11:42:48Z,Ro Khanna,house,WDAY,Workday Inc WDAY:US,purchase,2026-04-13,2026-05-13,1K–15K,1001,15000,8000.5,capitol_trades
9a2f7a47cedf2ede61cb,2026-05-14T11:42:48Z,Ro Khanna,house,PGR,The Progressive Corp PGR:US,purchase,2026-04-13,2026-05-13,1K–15K,1001,15000,8000.5,capitol_trades
2a60cccbaaaca3cdc8fe,2026-05-14T11:42:48Z,Ro Khanna,house,RJF,Raymond James Financial Inc RJF:US,purchase,2026-04-13,2026-05-13,1K–15K,1001,15000,8000.5,capitol_trades
40400e1c2f02b1476dfc,2026-05-14T11:42:48Z,Ro Khanna,house,IBKR,Interactive Brokers Group Inc IBKR:US,purchase,2026-04-13,2026-05-13,1K–15K,1001,15000,8000.5,capitol_trades
bc11962e577667ded544,2026-05-14T11:42:48Z,Ro Khanna,house,VMC,Vulcan Materials Co VMC:US,purchase,2026-04-13,2026-05-13,1K–15K,1001,15000,8000.5,capitol_trades
69a9f9da858f879ad16a,2026-05-14T11:42:48Z,Ro Khanna,house,W,Grainger (W.W.) Inc GWW:US,purchase,2026-04-13,2026-05-13,1K–15K,1001,15000,8000.5,capitol_trades
5ab74893d35ac8db9ec2,2026-05-14T11:42:48Z,Ro Khanna,house,DXCM,DexCom Inc DXCM:US,purchase,2026-04-13,2026-05-13,1K–15K,1001,15000,8000.5,capitol_trades
c0ea857b4577bf324040,2026-05-14T11:42:48Z,Ro Khanna,house,BALL,BALL CORPORATION BALL:US,purchase,2026-04-13,2026-05-13,1K–15K,1001,15000,8000.5,capitol_trades
30243691c4aff8b2a963,2026-05-14T11:42:48Z,Ro Khanna,house,HOOD,Robinhood Markets Inc HOOD:US,purchase,2026-04-13,2026-05-13,1K–15K,1001,15000,8000.5,capitol_trades
793514a57356566e7055,2026-05-14T11:42:48Z,Ro Khanna,house,U,U.S. Bancorp USB:US,purchase,2026-04-13,2026-05-13,1K–15K,1001,15000,8000.5,capitol_trades
707004181be85d93fefb,2026-05-14T11:42:48Z,Ro Khanna,house,O,O'Reilly Automotive Inc ORLY:US,purchase,2026-04-13,2026-05-13,1K–15K,1001,15000,8000.5,capitol_trades
1657633449d3dcab3bb6,2026-05-14T11:42:48Z,Ro Khanna,house,CVS,CVS Health Corp CVS:US,purchase,2026-04-13,2026-05-13,1K–15K,1001,15000,8000.5,capitol_trades
e794695150967a42d8f1,2026-05-14T11:42:48Z,Ro Khanna,house,MSCI,MSCI Inc MSCI:US,purchase,2026-04-13,2026-05-13,1K–15K,1001,15000,8000.5,capitol_trades
19b021b953c71522aba9,2026-05-14T11:42:48Z,Ro Khanna,house,DELL,Dell Technologies Inc DELL:US,purchase,2026-04-13,2026-05-13,1K–15K,1001,15000,8000.5,capitol_trades
89afb969c13153370fed,2026-05-14T11:42:48Z,Ro Khanna,house,F,Ford Motor Co F:US,purchase,2026-04-13,2026-05-13,1K–15K,1001,15000,8000.5,capitol_trades
a661e2a6610cd1fece3e,2026-05-14T11:42:48Z,Ro Khanna,house,HBAN,Huntington Bancshares Inc HBAN:US,purchase,2026-04-13,2026-05-13,1K–15K,1001,15000,8000.5,capitol_trades
ea66a5bea871a1e8c39b,2026-05-14T11:42:48Z,Ro Khanna,house,AMT,American Tower Corp AMT:US,purchase,2026-04-13,2026-05-13,1K–15K,1001,15000,8000.5,capitol_trades
db0df76b33cc73a20b42,2026-05-14T11:42:48Z,Ro Khanna,house,GM,General Motors Co GM:US,purchase,2026-04-13,2026-05-13,1K–15K,1001,15000,8000.5,capitol_trades
127fc3857837d498de51,2026-05-14T11:42:48Z,Ro Khanna,house,LEN,Lennar Corp LEN:US,purchase,2026-04-13,2026-05-13,1K–15K,1001,15000,8000.5,capitol_trades
4091ff0763a95866a9e6,2026-05-14T11:42:48Z,Ro Khanna,house,XYL,Xylem Inc XYL:US,purchase,2026-04-13,2026-05-13,1K–15K,1001,15000,8000.5,capitol_trades
625a442d8c26db2e8b7d,2026-05-14T11:42:48Z,Ro Khanna,house,GE,GE HEALTHCARE TECHNOLOGI INC GEHC:US,purchase,2026-04-13,2026-05-13,1K–15K,1001,15000,8000.5,capitol_trades
508dd7b3bc555efe7cea,2026-05-14T11:42:48Z,Ro Khanna,house,UNP,Union Pacific Corp UNP:US,purchase,2026-04-13,2026-05-13,1K–15K,1001,15000,8000.5,capitol_trades
897a4a2085eb60db5f58,2026-05-14T11:42:48Z,Ro Khanna,house,CRM,salesforce.com Inc CRM:US,purchase,2026-04-13,2026-05-13,1K–15K,1001,15000,8000.5,capitol_trades
17d916e696a275d48a5d,2026-05-14T11:42:48Z,Ro Khanna,house,VRSK,VERISK ANALYTICS Inc VRSK:US,purchase,2026-04-13,2026-05-13,1K–15K,1001,15000,8000.5,capitol_trades
ba8e60f996005fa072b3,2026-05-14T11:42:48Z,Ro Khanna,house,ICE,Intercontinental Exchange Inc ICE:US,purchase,2026-04-13,2026-05-13,1K–15K,1001,15000,8000.5,capitol_trades
2fdd2538e6f7aba05f0f,2026-05-14T11:42:48Z,Ro Khanna,house,YUM,YUM BRANDS  Inc YUM:US,purchase,2026-04-13,2026-05-13,1K–15K,1001,15000,8000.5,capitol_trades
d4213b0acad07183400b,2026-05-14T11:42:48Z,Ro Khanna,house,RMD,Resmed Inc RMD:US,purchase,2026-04-13,2026-05-13,1K–15K,1001,15000,8000.5,capitol_trades
944722bb50dfb15728a5,2026-05-14T11:42:48Z,Ro Khanna,house,WFC,Wells Fargo & Co WFC:US,purchase,2026-04-13,2026-05-13,1K–15K,1001,15000,8000.5,capitol_trades
b047e7f39de4ed125871,2026-05-14T11:42:48Z,Ro Khanna,house,CORP,APPLOVIN CORP APP:US,purchase,2026-04-13,2026-05-13,1K–15K,1001,15000,8000.5,capitol_trades
8491cf029317e61b0a14,2026-05-14T11:42:48Z,Ro Khanna,house,URI,United Rentals Inc URI:US,purchase,2026-04-13,2026-05-13,1K–15K,1001,15000,8000.5,capitol_trades
5c4e1ee872316602beb6,2026-05-14T11:42:48Z,Ro Khanna,house,AVGO,Broadcom Inc AVGO:US,purchase,2026-04-13,2026-05-13,1K–15K,1001,15000,8000.5,capitol_trades
5be555d92b2acd37562e,2026-05-14T11:42:48Z,Ro Khanna,house,ORCL,Oracle Corp ORCL:US,purchase,2026-04-13,2026-05-13,1K–15K,1001,15000,8000.5,capitol_trades
6eeedfa120afa74b2fb4,2026-05-14T11:42:48Z,Ro Khanna,house,FDX,FedEx Corp FDX:US,purchase,2026-04-13,2026-05-13,1K–15K,1001,15000,8000.5,capitol_trades
94277e7223f75ad84473,2026-05-14T11:42:48Z,Ro Khanna,house,ACI,Albertsons Cos Inc ACI:US,purchase,2026-04-27,2026-05-13,1K–15K,1001,15000,8000.5,capitol_trades
0099f502e384ed7a7445,2026-05-14T11:42:48Z,Ro Khanna,house,ROST,Ross Stores Inc ROST:US,purchase,2026-04-13,2026-05-13,1K–15K,1001,15000,8000.5,capitol_trades
e577b1099f4fbe3ee384,2026-05-14T11:42:48Z,Ro Khanna,house,LULU,Lululemon Athletica Inc LULU:US,purchase,2026-04-13,2026-05-13,1K–15K,1001,15000,8000.5,capitol_trades
37f51c7b5c5dcf2c4b4b,2026-05-14T11:42:48Z,Ro Khanna,house,TYL,Tyler Technologies Inc TYL:US,purchase,2026-04-13,2026-05-13,1K–15K,1001,15000,8000.5,capitol_trades
d357cee1ffeeeac35dc6,2026-05-14T11:42:48Z,Ro Khanna,house,POOL,Pool Corp POOL:US,purchase,2026-04-13,2026-05-13,1K–15K,1001,15000,8000.5,capitol_trades
81882f5b5d1c8b9d863f,2026-05-14T11:42:48Z,Ro Khanna,house,NCR,NCR Corp NCR:US,purchase,2026-04-21,2026-05-13,1K–15K,1001,15000,8000.5,capitol_trades
3dd773a4b45734855c08,2026-05-14T11:42:48Z,Ro Khanna,house,WAT,Waters Corp WAT:US,purchase,2026-04-13,2026-05-13,1K–15K,1001,15000,8000.5,capitol_trades
7bfc1e5d57e027ad593c,2026-05-14T11:42:48Z,Ro Khanna,house,VST,Vistra Corp VST:US,purchase,2026-04-13,2026-05-13,1K–15K,1001,15000,8000.5,capitol_trades
8ceb7cfbe70530d01505,2026-05-14T11:42:50Z,Ro Khanna,house,ELV,Elevance Health Inc ELV:US,purchase,2026-04-13,2026-05-13,1K–15K,1001,15000,8000.5,capitol_trades
95f932da8187568e8ee7,2026-05-14T11:42:50Z,Ro Khanna,house,PEP,PepsiCo Inc PEP:US,purchase,2026-04-13,2026-05-13,1K–15K,1001,15000,8000.5,capitol_trades
2f3e2225a0246985df3f,2026-05-14T11:42:50Z,Ro Khanna,house,DASH,DoorDash Inc DASH:US,purchase,2026-04-13,2026-05-13,1K–15K,1001,15000,8000.5,capitol_trades
d687223f876671c7b6d9,2026-05-14T11:42:50Z,Ro Khanna,house,MLM,Martin Marietta Materials Inc MLM:US,purchase,2026-04-13,2026-05-13,1K–15K,1001,15000,8000.5,capitol_trades
d2ec37c504be73241add,2026-05-14T11:42:50Z,Ro Khanna,house,IT,Gartner Inc IT:US,purchase,2026-04-13,2026-05-13,1K–15K,1001,15000,8000.5,capitol_trades
a8b7150c1740bf66ee6f,2026-05-14T11:42:50Z,Ro Khanna,house,UNH,Unitedhealth Group Inc UNH:US,purchase,2026-04-13,2026-05-13,1K–15K,1001,15000,8000.5,capitol_trades
58a4dd8029564192fed3,2026-05-14T11:42:50Z,Ro Khanna,house,COHR,Coherent Corp COHR:US,purchase,2026-04-13,2026-05-13,1K–15K,1001,15000,8000.5,capitol_trades
b6dd4f281623164c9bdd,2026-05-14T11:42:50Z,Ro Khanna,house,NXP,NXP Semiconductors NV NXPI:US,purchase,2026-04-13,2026-05-13,1K–15K,1001,15000,8000.5,capitol_trades
3f5a7fe6d2d2b01cc5f8,2026-05-14T11:42:50Z,Ro Khanna,house,VRT,Vertiv Holdings Co VRT:US,purchase,2026-04-13,2026-05-13,1K–15K,1001,15000,8000.5,capitol_trades
b1f4d51ff48ecf6276d5,2026-05-14T11:42:50Z,Ro Khanna,house,EL,The Estee Lauder Cos Inc EL:US,purchase,2026-04-13,2026-05-13,1K–15K,1001,15000,8000.5,capitol_trades
ee40171f080814c142df,2026-05-14T11:42:50Z,Ro Khanna,house,ANET,Arista Networks Inc ANET:US,purchase,2026-04-13,2026-05-13,1K–15K,1001,15000,8000.5,capitol_trades
77efb1fb1129d9039868,2026-05-14T11:42:50Z,Ro Khanna,house,CTVA,Corteva Inc CTVA:US,purchase,2026-04-13,2026-05-13,1K–15K,1001,15000,8000.5,capitol_trades
0b1046c104f8b12fb882,2026-05-14T11:42:50Z,Ro Khanna,house,PODD,Insulet Corp PODD:US,purchase,2026-04-13,2026-05-13,1K–15K,1001,15000,8000.5,capitol_trades
db7deb34ab8208f99e7a,2026-05-14T11:42:50Z,Ro Khanna,house,MCHP,Microchip Technology Inc MCHP:US,purchase,2026-04-13,2026-05-13,1K–15K,1001,15000,8000.5,capitol_trades
1723d77bac3e06804ff5,2026-05-14T11:42:50Z,Ro Khanna,house,SBUX,Starbucks Corp SBUX:US,purchase,2026-04-13,2026-05-13,1K–15K,1001,15000,8000.5,capitol_trades
6adcee3c09c4da2c3bac,2026-05-14T11:42:50Z,Ro Khanna,house,KMB,Kimberly-Clark Corp KMB:US,purchase,2026-04-13,2026-05-13,1K–15K,1001,15000,8000.5,capitol_trades
ae87976d949cba4a2c28,2026-05-14T11:42:50Z,Ro Khanna,house,EBAY,eBay Inc EBAY:US,purchase,2026-04-13,2026-05-13,1K–15K,1001,15000,8000.5,capitol_trades
4f91c13bf079a1251ed2,2026-05-14T11:42:50Z,Ro Khanna,house,HUM,Humana Inc HUM:US,purchase,2026-04-13,2026-05-13,1K–15K,1001,15000,8000.5,capitol_trades
d67626963a71bfc39f26,2026-05-14T11:42:50Z,Ro Khanna,house,DHR,Danaher Corp DHR:US,purchase,2026-04-13,2026-05-13,1K–15K,1001,15000,8000.5,capitol_trades
378cbd331f3d15df8e81,2026-05-14T11:42:50Z,Ro Khanna,house,ENE,CONSTELLATION ENE CORP CEG:US,purchase,2026-04-13,2026-05-13,1K–15K,1001,15000,8000.5,capitol_trades
f891bc744e5224628fe9,2026-05-14T11:42:50Z,Ro Khanna,house,CARR,Carrier Global Corp CARR:US,purchase,2026-04-13,2026-05-13,1K–15K,1001,15000,8000.5,capitol_trades
f0a2ea619adde8a5be98,2026-05-14T11:42:50Z,Ro Khanna,house,NVDA,NVIDIA Corporation NVDA:US,purchase,2026-04-13,2026-05-13,1K–15K,1001,15000,8000.5,capitol_trades
34a980cb017ca99cddc8,2026-05-14T11:42:50Z,Ro Khanna,house,MRNA,Moderna Inc MRNA:US,purchase,2026-04-13,2026-05-13,1K–15K,1001,15000,8000.5,capitol_trades
3e82b81f4e6538b7b826,2026-05-14T11:42:50Z,Ro Khanna,house,SWK,Stanley Black & Decker Inc SWK:US,purchase,2026-04-13,2026-05-13,1K–15K,1001,15000,8000.5,capitol_trades
3dd1265dfb736037b65a,2026-05-14T11:42:50Z,Ro Khanna,house,IFF,International Flavors & Fragrances Inc IFF:US,purchase,2026-04-13,2026-05-13,1K–15K,1001,15000,8000.5,capitol_trades
1457e97b9ccbb4f2000a,2026-05-14T11:42:50Z,Ro Khanna,house,UAL,United Airlines Holdings Inc UAL:US,purchase,2026-04-13,2026-05-13,1K–15K,1001,15000,8000.5,capitol_trades
914e2389b07af089fd53,2026-05-14T11:42:50Z,Ro Khanna,house,COO,The Cooper Cos Inc COO:US,purchase,2026-04-13,2026-05-13,1K–15K,1001,15000,8000.5,capitol_trades
d2a166dbba1e05c95dab,2026-05-14T11:42:50Z,Ro Khanna,house,ON,ON Semiconductor Corp ON:US,purchase,2026-04-13,2026-05-13,1K–15K,1001,15000,8000.5,capitol_trades
52f80d5b7870f31913c6,2026-05-14T11:42:50Z,Ro Khanna,house,STT,State Street Corporation STT:US,purchase,2026-04-13,2026-05-13,1K–15K,1001,15000,8000.5,capitol_trades
f3935d7b80641cd13bc4,2026-05-14T11:42:50Z,Ro Khanna,house,BEN,Franklin Resources Inc BEN:US,purchase,2026-04-13,2026-05-13,1K–15K,1001,15000,8000.5,capitol_trades
cb9a551746ec2d7a8e69,2026-05-14T11:42:50Z,Ro Khanna,house,RVTY,Revvity Inc RVTY:US,purchase,2026-04-13,2026-05-13,1K–15K,1001,15000,8000.5,capitol_trades
9de37bc2adf34351c88b,2026-05-14T11:42:50Z,Ro Khanna,house,IVZ,Invesco Ltd IVZ:US,purchase,2026-04-13,2026-05-13,1K–15K,1001,15000,8000.5,capitol_trades
5fe1aa49709402a80938,2026-05-14T11:42:50Z,Ro Khanna,house,MOS,The Mosaic Company MOS:US,purchase,2026-04-13,2026-05-13,1K–15K,1001,15000,8000.5,capitol_trades
732fac5b6d8668d79b57,2026-05-14T11:42:50Z,Ro Khanna,house,LUV,Southwest Airlines Co LUV:US,purchase,2026-04-13,2026-05-13,1K–15K,1001,15000,8000.5,capitol_trades
75eb355d6b404833cd50,2026-05-14T11:42:50Z,Ro Khanna,house,HP,HP Inc HPQ:US,purchase,2026-04-13,2026-05-13,1K–15K,1001,15000,8000.5,capitol_trades
78cad7bcc13176567628,2026-05-14T11:42:50Z,Ro Khanna,house,BBY,Best Buy Co Inc BBY:US,purchase,2026-04-13,2026-05-13,1K–15K,1001,15000,8000.5,capitol_trades
7741e0a611856968a483,2026-05-14T11:42:50Z,Ro Khanna,house,EW,Edwards Lifesciences Corp EW:US,purchase,2026-04-13,2026-05-13,1K–15K,1001,15000,8000.5,capitol_trades
02838d863fb251d73c9b,2026-05-14T11:42:50Z,Ro Khanna,house,FTNT,Fortinet Inc FTNT:US,purchase,2026-04-13,2026-05-13,1K–15K,1001,15000,8000.5,capitol_trades
1e121fc0adc5470f1dee,2026-05-14T11:42:50Z,Ro Khanna,house,INVH,Invitation Homes Inc INVH:US,purchase,2026-04-13,2026-05-13,1K–15K,1001,15000,8000.5,capitol_trades
635c08fcddc73f52d67d,2026-05-14T11:42:50Z,Ro Khanna,house,ITW,Illinois Tool Works Inc ITW:US,purchase,2026-04-13,2026-05-13,1K–15K,1001,15000,8000.5,capitol_trades
9588cba83e0bc8d70ba4,2026-05-14T11:42:50Z,Ro Khanna,house,WY,Weyerhaeuser Co WY:US,purchase,2026-04-13,2026-05-13,1K–15K,1001,15000,8000.5,capitol_trades
1f1e386df7bd6ed27066,2026-05-14T11:42:50Z,Ro Khanna,house,DECK,Deckers Outdoor Corp DECK:US,purchase,2026-04-13,2026-05-13,1K–15K,1001,15000,8000.5,capitol_trades
240ec1853c4747b4cd6a,2026-05-14T11:42:50Z,Ro Khanna,house,VICI,VICI Properties Inc VICI:US,purchase,2026-04-13,2026-05-13,1K–15K,1001,15000,8000.5,capitol_trades
d63553156c22e0ab1b07,2026-05-14T11:42:50Z,Ro Khanna,house,NV,LyondellBasell Industries NV LYB:US,purchase,2026-04-13,2026-05-13,1K–15K,1001,15000,8000.5,capitol_trades
8baab966bda3a0c603a7,2026-05-14T11:42:50Z,Ro Khanna,house,BMY,Bristol-Myers Squibb Co BMY:US,purchase,2026-04-13,2026-05-13,1K–15K,1001,15000,8000.5,capitol_trades
36a2bf20c8afe2e0633a,2026-05-14T11:42:50Z,Ro Khanna,house,ALGN,Align Technology Inc ALGN:US,purchase,2026-04-13,2026-05-13,1K–15K,1001,15000,8000.5,capitol_trades
054afcc0b392e9ddecb7,2026-05-14T11:42:50Z,Ro Khanna,house,CCI,Crown Castle International Corp CCI:US,purchase,2026-04-13,2026-05-13,1K–15K,1001,15000,8000.5,capitol_trades
eea97611d66b77bd4de3,2026-05-14T11:42:50Z,Ro Khanna,house,DD,DuPont  De Nemours Inc DD:US,purchase,2026-04-13,2026-05-13,1K–15K,1001,15000,8000.5,capitol_trades
1838e8a6c702634073df,2026-05-14T11:42:50Z,Ro Khanna,house,KHC,The Kraft Heinz Co KHC:US,purchase,2026-04-13,2026-05-13,1K–15K,1001,15000,8000.5,capitol_trades
e4fa81ce3f35f399314c,2026-05-14T11:42:50Z,Ro Khanna,house,FAST,Fastenal Co FAST:US,purchase,2026-04-13,2026-05-13,1K–15K,1001,15000,8000.5,capitol_trades
6de6ffd4ab297486e5ce,2026-05-14T11:42:50Z,Ro Khanna,house,ACI,Albertsons Cos Inc ACI:US,purchase,2026-04-28,2026-05-13,1K–15K,1001,15000,8000.5,capitol_trades
2a333b52da058e489464,2026-05-14T11:42:50Z,Ro Khanna,house,EPAM,EPAM Systems Inc EPAM:US,purchase,2026-04-13,2026-05-13,1K–15K,1001,15000,8000.5,capitol_trades
8cc4ab3f5a2403811bcb,2026-05-14T11:42:50Z,Ro Khanna,house,C,Citigroup Inc C:US,purchase,2026-04-13,2026-05-13,1K–15K,1001,15000,8000.5,capitol_trades
8c4f4a268392a2732be1,2026-05-14T11:42:50Z,Ro Khanna,house,PM,Philip Morris International Inc PM:US,purchase,2026-04-13,2026-05-13,1K–15K,1001,15000,8000.5,capitol_trades
50b84b2d0be6bded3f13,2026-05-14T11:42:50Z,Ro Khanna,house,ACI,Albertsons Cos Inc ACI:US,purchase,2026-04-24,2026-05-13,1K–15K,1001,15000,8000.5,capitol_trades
d6f0828801e628d80b26,2026-05-14T11:42:50Z,Ro Khanna,house,WBD,Warner Bros Discover Inc WBD:US,purchase,2026-04-13,2026-05-13,1K–15K,1001,15000,8000.5,capitol_trades
9372d1b19a906a37f99e,2026-05-14T11:42:50Z,Ro Khanna,house,MSI,Motorola Solutions Inc MSI:US,purchase,2026-04-13,2026-05-13,1K–15K,1001,15000,8000.5,capitol_trades
6703510e9e159f59092c,2026-05-14T11:42:50Z,Ro Khanna,house,ACI,Albertsons Cos Inc ACI:US,purchase,2026-04-23,2026-05-13,1K–15K,1001,15000,8000.5,capitol_trades
7aa91b760c4375f11225,2026-05-14T11:42:50Z,Ro Khanna,house,AXP,American Express Co AXP:US,purchase,2026-04-13,2026-05-13,1K–15K,1001,15000,8000.5,capitol_trades
bb76b2c98735812db1f1,2026-05-14T11:42:50Z,Ro Khanna,house,LTD,GENIUS SPORTS LTD N/A,purchase,2026-04-14,2026-05-13,1K–15K,1001,15000,8000.5,capitol_trades
2b5e7157d17cc4fcf16d,2026-05-14T11:42:50Z,Ro Khanna,house,ACI,Albertsons Cos Inc ACI:US,purchase,2026-04-13,2026-05-13,1K–15K,1001,15000,8000.5,capitol_trades
1dcf899724beac9097b6,2026-05-14T11:42:50Z,Ro Khanna,house,LTD,GENIUS SPORTS LTD N/A,purchase,2026-04-02,2026-05-13,1K–15K,1001,15000,8000.5,capitol_trades
4f691afc54dd019c28fb,2026-05-14T11:42:50Z,Ro Khanna,house,MCHP,Microchip Technology Inc MCHP:US,sale,2026-04-13,2026-05-13,15K–50K,15001,50000,32500.5,capitol_trades
32ef7e4995e36477e259,2026-05-14T11:42:50Z,Ro Khanna,house,GILD,Gilead Sciences Inc GILD:US,sale,2026-04-13,2026-05-13,15K–50K,15001,50000,32500.5,capitol_trades
825a1ca7f79979652d82,2026-05-14T11:42:50Z,Ro Khanna,house,MS,Morgan Stanley MS:US,sale,2026-04-13,2026-05-13,15K–50K,15001,50000,32500.5,capitol_trades
4db21c03122c58e8c42f,2026-05-14T11:42:50Z,Ro Khanna,house,LGF,Lions Gate Entertainment Corp LGF/A:US,sale,2026-04-20,2026-05-13,15K–50K,15001,50000,32500.5,capitol_trades
c37989cce20649da19e7,2026-05-14T11:42:50Z,Ro Khanna,house,PLTR,Palantir Technologies Inc PLTR:US,sale,2026-04-13,2026-05-13,15K–50K,15001,50000,32500.5,capitol_trades
cf95e5930b29dc462800,2026-05-14T11:42:50Z,Ro Khanna,house,TXN,Texas Instruments Inc TXN:US,sale,2026-04-13,2026-05-13,15K–50K,15001,50000,32500.5,capitol_trades
4bcb280fbf4f45143820,2026-05-14T11:42:50Z,Ro Khanna,house,RSG,Republic Services Inc RSG:US,sale,2026-04-13,2026-05-13,15K–50K,15001,50000,32500.5,capitol_trades
e659d3e7d2b53f95eb54,2026-05-14T11:42:50Z,Ro Khanna,house,V,Visa Inc V:US,sale,2026-04-13,2026-05-13,15K–50K,15001,50000,32500.5,capitol_trades
2dbd7ec2d92f97b5452f,2026-05-14T11:42:50Z,Ro Khanna,house,AAPL,Apple Inc AAPL:US,sale,2026-04-13,2026-05-13,15K–50K,15001,50000,32500.5,capitol_trades
9cd5a79a7e9e15e68028,2026-05-14T11:42:50Z,Ro Khanna,house,SHW,The Sherwin-Williams Co SHW:US,sale,2026-04-13,2026-05-13,15K–50K,15001,50000,32500.5,capitol_trades
93d55cdfbf354ad3fc1d,2026-05-14T11:42:50Z,Ro Khanna,house,OTIS,Otis Worldwide Corp OTIS:US,sale,2026-04-13,2026-05-13,15K–50K,15001,50000,32500.5,capitol_trades
cc70e1cb1316096e3a40,2026-05-14T11:42:50Z,Ro Khanna,house,BDX,Becton Dickinson and Co BDX:US,sale,2026-04-13,2026-05-13,15K–50K,15001,50000,32500.5,capitol_trades
9d0d6fdaff34df6945fb,2026-05-14T11:42:50Z,Ro Khanna,house,AMP,Ameriprise Financial Inc AMP:US,sale,2026-04-13,2026-05-13,15K–50K,15001,50000,32500.5,capitol_trades
a6b5804d292a9305ca8a,2026-05-14T11:42:50Z,Ro Khanna,house,MCD,McDonald's Corp MCD:US,sale,2026-04-13,2026-05-13,15K–50K,15001,50000,32500.5,capitol_trades
8768700c2c7ce4b89b70,2026-05-14T11:42:50Z,Ro Khanna,house,LOW,Lowe's Cos Inc LOW:US,sale,2026-04-13,2026-05-13,15K–50K,15001,50000,32500.5,capitol_trades
cac8f070d17eadff23fc,2026-05-14T11:42:50Z,Ro Khanna,house,BX,Blackstone Group Inc BX:US,sale,2026-04-13,2026-05-13,15K–50K,15001,50000,32500.5,capitol_trades
45c6bb2ec0ceb61451e0,2026-05-14T11:42:50Z,Ro Khanna,house,ABBV,AbbVie Inc ABBV:US,sale,2026-04-13,2026-05-13,15K–50K,15001,50000,32500.5,capitol_trades
97d8fff62c96a1ef109b,2026-05-14T11:42:50Z,Ro Khanna,house,CTSH,Cognizant Technology Solutions Corp CTSH:US,sale,2026-04-13,2026-05-13,15K–50K,15001,50000,32500.5,capitol_trades
39f907b270a5d5692987,2026-05-14T11:42:50Z,Ro Khanna,house,D,D.R. Horton Inc DHI:US,sale,2026-04-13,2026-05-13,15K–50K,15001,50000,32500.5,capitol_trades
1729a28e774002441d3e,2026-05-14T11:42:50Z,Ro Khanna,house,CI,Cigna Corp CI:US,sale,2026-04-13,2026-05-13,15K–50K,15001,50000,32500.5,capitol_trades
73385e0b5fbe2494433f,2026-05-14T11:42:50Z,Ro Khanna,house,COR,Cencora Inc COR:US,sale,2026-04-13,2026-05-13,15K–50K,15001,50000,32500.5,capitol_trades
d60dc30827c276e38540,2026-05-14T11:42:50Z,Ro Khanna,house,ISRG,Intuitive Surgical Inc ISRG:US,sale,2026-04-13,2026-05-13,15K–50K,15001,50000,32500.5,capitol_trades
170395ca1fe43f37e543,2026-05-14T11:42:50Z,Ro Khanna,house,BLK,Blackrock Inc BLK:US,sale,2026-04-13,2026-05-13,15K–50K,15001,50000,32500.5,capitol_trades
d62bc588291b92adcf30,2026-05-14T11:42:50Z,Ro Khanna,house,IT,Gartner Inc IT:US,sale,2026-04-13,2026-05-13,1K–15K,1001,15000,8000.5,capitol_trades
2fc8d382802e015bcfb6,2026-05-14T11:42:50Z,Ro Khanna,house,LLY,Eli Lilly and Co LLY:US,sale,2026-04-13,2026-05-13,1K–15K,1001,15000,8000.5,capitol_trades
ce5749de296cc1213a19,2026-05-14T11:42:50Z,Ro Khanna,house,PPG,PPG Industries Inc PPG:US,sale,2026-04-13,2026-05-13,1K–15K,1001,15000,8000.5,capitol_trades
8a15b73be6f73165d946,2026-05-14T11:42:50Z,Ro Khanna,house,MCO,Moody's Corp. MCO:US,sale,2026-04-13,2026-05-13,1K–15K,1001,15000,8000.5,capitol_trades
e05c10c1a1221f83c182,2026-05-14T11:42:50Z,Ro Khanna,house,QCOM,QUALCOMM Inc QCOM:US,sale,2026-04-13,2026-05-13,1K–15K,1001,15000,8000.5,capitol_trades
2a6122ba9ca8aff5b612,2026-05-14T11:42:50Z,Ro Khanna,house,ABT,Abbott Laboratories ABT:US,sale,2026-04-13,2026-05-13,1K–15K,1001,15000,8000.5,capitol_trades
89177355358c690c2024,2026-05-14T11:42:52Z,Ro Khanna,house,TFC,Truist Financial Corp TFC:US,sale,2026-04-13,2026-05-13,1K–15K,1001,15000,8000.5,capitol_trades
14873fa25123c2d0d219,2026-05-14T11:42:52Z,Ro Khanna,house,UDR,UDR Inc UDR:US,sale,2026-04-13,2026-05-13,1K–15K,1001,15000,8000.5,capitol_trades
0c866251fdedaf888a05,2026-05-14T11:42:52Z,Ro Khanna,house,TECH,Bio-Techne Corp TECH:US,sale,2026-04-13,2026-05-13,1K–15K,1001,15000,8000.5,capitol_trades
62b18e16e6f5ad309f35,2026-05-14T11:42:52Z,Ro Khanna,house,TSLA,Tesla Inc TSLA:US,sale,2026-04-13,2026-05-13,1K–15K,1001,15000,8000.5,capitol_trades
9f5bf6741439c8f9bc34,2026-05-14T11:42:52Z,Ro Khanna,house,APO,Apollo Global Management Inc APO:US,sale,2026-04-13,2026-05-13,1K–15K,1001,15000,8000.5,capitol_trades
386c75435a14c5ee470d,2026-05-14T11:42:52Z,Ro Khanna,house,PLC,Amcor PLC AMCR:US,sale,2026-04-13,2026-05-13,1K–15K,1001,15000,8000.5,capitol_trades
24fbf18f954d78b64c92,2026-05-14T11:42:52Z,Ro Khanna,house,AVY,Avery Dennison Corp AVY:US,sale,2026-04-13,2026-05-13,1K–15K,1001,15000,8000.5,capitol_trades
03bb84aca287a6142fce,2026-05-14T11:42:52Z,Ro Khanna,house,BSX,Boston Scientific Corp BSX:US,sale,2026-04-13,2026-05-13,1K–15K,1001,15000,8000.5,capitol_trades
bd2d9cf7b1f9b2f89438,2026-05-14T11:42:52Z,Ro Khanna,house,BRO,Brown & Brown Inc BRO:US,sale,2026-04-13,2026-05-13,1K–15K,1001,15000,8000.5,capitol_trades
35cd65017f9b04aa05ab,2026-05-14T11:42:52Z,Ro Khanna,house,CRH,CRH PLC CRH:US,sale,2026-04-13,2026-05-13,1K–15K,1001,15000,8000.5,capitol_trades
b8ebc37038aed0e94748,2026-05-14T11:42:52Z,Ro Khanna,house,PG,The Procter & Gamble Co PG:US,sale,2026-04-13,2026-05-13,1K–15K,1001,15000,8000.5,capitol_trades
8a2d7cca6792d7b008a3,2026-05-14T11:42:52Z,Ro Khanna,house,NKE,Nike Inc NKE:US,sale,2026-04-13,2026-05-13,1K–15K,1001,15000,8000.5,capitol_trades
0b4e174cfca38c227849,2026-05-14T11:42:52Z,Ro Khanna,house,S,S&P Global Inc SPGI:US,sale,2026-04-13,2026-05-13,1K–15K,1001,15000,8000.5,capitol_trades
2bc2d076f166c15a8026,2026-05-14T11:42:52Z,Ro Khanna,house,EXPE,Expedia Group Inc EXPE:US,sale,2026-04-13,2026-05-13,1K–15K,1001,15000,8000.5,capitol_trades
d7d6572239d7ef94fc79,2026-05-14T11:42:52Z,Ro Khanna,house,BAX,Baxter International Inc BAX:US,sale,2026-04-13,2026-05-13,1K–15K,1001,15000,8000.5,capitol_trades
a8fde84b0a5ea0152ca3,2026-05-14T11:42:52Z,Ro Khanna,house,EFX,Equifax Inc EFX:US,sale,2026-04-13,2026-05-13,1K–15K,1001,15000,8000.5,capitol_trades
6dd840ebd91c5f1b544d,2026-05-14T11:42:52Z,Ro Khanna,house,GPC,Genuine Parts Co GPC:US,sale,2026-04-13,2026-05-13,1K–15K,1001,15000,8000.5,capitol_trades
d7b90720e90e0beebe9b,2026-05-14T11:42:52Z,Ro Khanna,house,FISV,Fiserv Inc FISV:US,sale,2026-04-13,2026-05-13,1K–15K,1001,15000,8000.5,capitol_trades
7e2e33b7c1fbedde227e,2026-05-14T11:42:52Z,Ro Khanna,house,BAC,Bank of America Corp BAC:US,sale,2026-04-13,2026-05-13,1K–15K,1001,15000,8000.5,capitol_trades
3f70cf15c11249c81be0,2026-05-14T11:42:52Z,Ro Khanna,house,ULTA,Ulta Beauty Inc ULTA:US,sale,2026-04-13,2026-05-13,1K–15K,1001,15000,8000.5,capitol_trades
23e8a7fd6dcfbef22e18,2026-05-14T11:42:52Z,Ro Khanna,house,BIIB,Biogen Inc BIIB:US,sale,2026-04-13,2026-05-13,1K–15K,1001,15000,8000.5,capitol_trades
5888ccda1bfad73bf020,2026-05-14T11:42:52Z,Ro Khanna,house,ABNB,Airbnb Inc ABNB:US,sale,2026-04-13,2026-05-13,1K–15K,1001,15000,8000.5,capitol_trades
5e2c409e8a7d67513a0d,2026-05-14T11:42:52Z,Ro Khanna,house,IQV,Iqvia Holdings Inc IQV:US,sale,2026-04-13,2026-05-13,1K–15K,1001,15000,8000.5,capitol_trades
536b9f3d284fdc509985,2026-05-14T11:42:52Z,Ro Khanna,house,TSCO,Tractor Supply Co TSCO:US,sale,2026-04-13,2026-05-13,1K–15K,1001,15000,8000.5,capitol_trades
7fea0ca8cbbcae9124c6,2026-05-14T11:42:52Z,Ro Khanna,house,ADSK,AUTODESK Inc ADSK:US,sale,2026-04-13,2026-05-13,1K–15K,1001,15000,8000.5,capitol_trades
94f06dd4224d5d301175,2026-05-14T11:42:52Z,Ro Khanna,house,UBER,Uber Technologies Inc UBER:US,sale,2026-04-13,2026-05-13,1K–15K,1001,15000,8000.5,capitol_trades
c842cf4120d052600c62,2026-05-14T11:42:52Z,Ro Khanna,house,DRI,Darden Restaurants Inc DRI:US,sale,2026-04-13,2026-05-13,1K–15K,1001,15000,8000.5,capitol_trades
863c1542f994a06f2f37,2026-05-14T11:42:52Z,Ro Khanna,house,DDOG,Datadog Inc DDOG:US,sale,2026-04-13,2026-05-13,1K–15K,1001,15000,8000.5,capitol_trades
246227158c34d981af9c,2026-05-14T11:42:52Z,Ro Khanna,house,ROL,ROLLINS Inc ROL:US,sale,2026-04-13,2026-05-13,1K–15K,1001,15000,8000.5,capitol_trades
c4d68468d7bc9a58170c,2026-05-14T11:42:52Z,Ro Khanna,house,BKNG,Booking Holdings Inc BKNG:US,sale,2026-04-13,2026-05-13,1K–15K,1001,15000,8000.5,capitol_trades
14f1683cd28a72bf35eb,2026-05-14T11:42:52Z,Ro Khanna,house,NDAQ,Nasdaq Inc NDAQ:US,sale,2026-04-13,2026-05-13,1K–15K,1001,15000,8000.5,capitol_trades
ead8907dbd8b12c231d3,2026-05-14T11:42:52Z,Ro Khanna,house,SQ,Block Inc SQ:US,sale,2026-04-13,2026-05-13,1K–15K,1001,15000,8000.5,capitol_trades
8f490147ecaa84e9b964,2026-05-14T11:42:52Z,Ro Khanna,house,GPN,GLOBAL PAYMENTS Inc GPN:US,sale,2026-04-13,2026-05-13,1K–15K,1001,15000,8000.5,capitol_trades
11f8272ea57b40ecbdd0,2026-05-14T11:42:52Z,Ro Khanna,house,CSGP,CoStar Group Inc CSGP:US,sale,2026-04-13,2026-05-13,1K–15K,1001,15000,8000.5,capitol_trades
002c54c0f1ce342a9319,2026-05-14T11:42:52Z,Ro Khanna,house,CRWD,CrowdStrike Holdings Inc CRWD:US,sale,2026-04-13,2026-05-13,1K–15K,1001,15000,8000.5,capitol_trades
4b94017484765a6fc20e,2026-05-14T11:42:52Z,Ro Khanna,house,PKG,Packaging Corp Of America PKG:US,sale,2026-04-13,2026-05-13,1K–15K,1001,15000,8000.5,capitol_trades
ba122aa4fb7bc5d1ed36,2026-05-14T11:42:52Z,Ro Khanna,house,MMM,3M Co MMM:US,sale,2026-04-13,2026-05-13,1K–15K,1001,15000,8000.5,capitol_trades
341386fafbacb63c2eba,2026-05-14T11:42:52Z,Ro Khanna,house,SYF,Synchrony Financial SYF:US,sale,2026-04-13,2026-05-13,1K–15K,1001,15000,8000.5,capitol_trades
5ba2e09fd1765e410366,2026-05-14T11:42:52Z,Ro Khanna,house,IP,International Paper Co IP:US,sale,2026-04-13,2026-05-13,1K–15K,1001,15000,8000.5,capitol_trades
24fa7b27380cd4a3080a,2026-05-14T11:42:52Z,Ro Khanna,house,UHS,Universal Health Services Inc UHS:US,sale,2026-04-13,2026-05-13,1K–15K,1001,15000,8000.5,capitol_trades
fb396283f66262bd5770,2026-05-14T11:42:52Z,Ro Khanna,house,MKC,McCormick & Co Inc MKC:US,sale,2026-04-13,2026-05-13,1K–15K,1001,15000,8000.5,capitol_trades
ec8fcbd589ab4752bde2,2026-05-14T11:42:52Z,Ro Khanna,house,COIN,Coinbase Global Inc COIN:US,sale,2026-04-13,2026-05-13,1K–15K,1001,15000,8000.5,capitol_trades
c3fdc9320c1e98f813e3,2026-05-14T11:42:52Z,Ro Khanna,house,SUPER,SUPER MICRO COMPUTER INC SMCI:US,sale,2026-04-13,2026-05-13,1K–15K,1001,15000,8000.5,capitol_trades
86738966c8c7f2928192,2026-05-14T11:42:52Z,Ro Khanna,house,C,C.H. Robinson Worldwide Inc CHRW:US,sale,2026-04-13,2026-05-13,1K–15K,1001,15000,8000.5,capitol_trades
9f08630a43a8806dee52,2026-05-14T11:42:52Z,Ro Khanna,house,LGF,Lions Gate Entertainment Corp LGF/A:US,sale,2026-04-21,2026-05-13,1K–15K,1001,15000,8000.5,capitol_trades
6dac791f32b9145ada29,2026-05-14T11:42:52Z,Ro Khanna,house,TTD,The Trade Desk Inc TTD:US,sale,2026-04-13,2026-05-13,1K–15K,1001,15000,8000.5,capitol_trades
68a5c8511e64229d2e60,2026-05-14T11:42:52Z,Ro Khanna,house,BRK,Berkshire Hathaway Inc BRK/B:US,purchase,2026-04-24,2026-05-13,15K–50K,15001,50000,32500.5,capitol_trades
46c023a63f4655087bb1,2026-05-14T11:42:52Z,Ro Khanna,house,MA,Mastercard Inc MA:US,purchase,2026-04-24,2026-05-13,15K–50K,15001,50000,32500.5,capitol_trades
068b1c4a51fc120cdc66,2026-05-14T11:42:52Z,Ro Khanna,house,V,Visa Inc V:US,purchase,2026-04-24,2026-05-13,15K–50K,15001,50000,32500.5,capitol_trades
8672168e8e57b6901125,2026-05-14T11:42:52Z,Ro Khanna,house,IBM,International Business Machines Corp IBM:US,purchase,2026-04-24,2026-05-13,15K–50K,15001,50000,32500.5,capitol_trades
d3b24900285444b9c244,2026-05-14T11:42:52Z,Ro Khanna,house,INTC,Intel Corp INTC:US,purchase,2026-04-24,2026-05-13,15K–50K,15001,50000,32500.5,capitol_trades
686a8e8572664a5e486d,2026-05-14T11:42:52Z,Ro Khanna,house,BAC,Bank of America Corp BAC:US,purchase,2026-04-24,2026-05-13,15K–50K,15001,50000,32500.5,capitol_trades
650933d5372a412f4a95,2026-05-14T11:42:52Z,Ro Khanna,house,EMR,Emerson Electric Co EMR:US,purchase,2026-04-24,2026-05-13,1K–15K,1001,15000,8000.5,capitol_trades
42ebdec70afc8c10ebbf,2026-05-14T11:42:52Z,Ro Khanna,house,ORCL,Oracle Corp ORCL:US,purchase,2026-04-24,2026-05-13,1K–15K,1001,15000,8000.5,capitol_trades
3b73dcdf57e151c5107c,2026-05-14T11:42:52Z,Ro Khanna,house,BSX,Boston Scientific Corp BSX:US,purchase,2026-04-24,2026-05-13,1K–15K,1001,15000,8000.5,capitol_trades
22e6208daa1057f07f31,2026-05-14T11:42:52Z,Ro Khanna,house,CARR,Carrier Global Corp CARR:US,purchase,2026-04-24,2026-05-13,1K–15K,1001,15000,8000.5,capitol_trades
eca7827e0afb0d1af676,2026-05-14T11:42:52Z,Ro Khanna,house,PM,Philip Morris International Inc PM:US,purchase,2026-04-24,2026-05-13,1K–15K,1001,15000,8000.5,capitol_trades
fb6e29ab498a56a007af,2026-05-14T11:42:52Z,Ro Khanna,house,SYK,Stryker Corp SYK:US,purchase,2026-04-24,2026-05-13,1K–15K,1001,15000,8000.5,capitol_trades
e20520f275d35d2a6e13,2026-05-14T11:42:52Z,Ro Khanna,house,LOW,Lowe's Cos Inc LOW:US,purchase,2026-04-24,2026-05-13,1K–15K,1001,15000,8000.5,capitol_trades
fdef8b767e11ab1a2108,2026-05-14T11:42:52Z,Ro Khanna,house,MET,Metlife Inc MET:US,purchase,2026-04-24,2026-05-13,1K–15K,1001,15000,8000.5,capitol_trades
ed8c1585065755da27cd,2026-05-14T11:42:52Z,Ro Khanna,house,AMD,Advanced Micro Devices Inc AMD:US,purchase,2026-04-24,2026-05-13,1K–15K,1001,15000,8000.5,capitol_trades
7786bbf2badd071fa326,2026-05-14T11:42:52Z,Ro Khanna,house,TFC,Truist Financial Corp TFC:US,purchase,2026-04-24,2026-05-13,1K–15K,1001,15000,8000.5,capitol_trades
7d4b1823b93da72c9c9e,2026-05-14T11:42:52Z,Ro Khanna,house,AT,AT&T Inc T:US,purchase,2026-04-24,2026-05-13,1K–15K,1001,15000,8000.5,capitol_trades
c0b6a2cc63f5418d6fc9,2026-05-14T11:42:52Z,Ro Khanna,house,ANET,Arista Networks Inc ANET:US,purchase,2026-04-24,2026-05-13,1K–15K,1001,15000,8000.5,capitol_trades
003f735efa8c0dce2eb6,2026-05-14T11:42:52Z,Ro Khanna,house,MCO,Moody's Corp. MCO:US,purchase,2026-04-24,2026-05-13,1K–15K,1001,15000,8000.5,capitol_trades
b9959706736093593da3,2026-05-14T11:42:52Z,Ro Khanna,house,CRWD,CrowdStrike Holdings Inc CRWD:US,purchase,2026-04-24,2026-05-13,1K–15K,1001,15000,8000.5,capitol_trades
e8757a8af7394d4414f7,2026-05-14T11:42:52Z,Ro Khanna,house,KKR,KKR & Co Inc KKR:US,purchase,2026-04-24,2026-05-13,1K–15K,1001,15000,8000.5,capitol_trades
5e4ab29064f404725bfb,2026-05-14T11:42:52Z,Ro Khanna,house,ITW,Illinois Tool Works Inc ITW:US,purchase,2026-04-24,2026-05-13,1K–15K,1001,15000,8000.5,capitol_trades
2017b092027508e52550,2026-05-14T11:42:52Z,Ro Khanna,house,LII,Lennox International Inc LII:US,purchase,2026-04-24,2026-05-13,1K–15K,1001,15000,8000.5,capitol_trades
1a9a3c718f1cfc4c3899,2026-05-14T11:42:52Z,Ro Khanna,house,DHR,Danaher Corp DHR:US,purchase,2026-04-24,2026-05-13,1K–15K,1001,15000,8000.5,capitol_trades
e6a5c68be5aa865c8c34,2026-05-14T11:42:52Z,Ro Khanna,house,CTAS,Cintas Corp CTAS:US,purchase,2026-04-24,2026-05-13,1K–15K,1001,15000,8000.5,capitol_trades
9106ddcec4157fb62af3,2026-05-14T11:42:52Z,Ro Khanna,house,HOOD,Robinhood Markets Inc HOOD:US,purchase,2026-04-24,2026-05-13,1K–15K,1001,15000,8000.5,capitol_trades
ad6550d2eeb8edc0b454,2026-05-14T11:42:52Z,Ro Khanna,house,CDW,CDW Corp CDW:US,purchase,2026-04-24,2026-05-13,1K–15K,1001,15000,8000.5,capitol_trades
183a8a4bdb75d6af9db8,2026-05-14T11:42:52Z,Ro Khanna,house,SHW,The Sherwin-Williams Co SHW:US,purchase,2026-04-24,2026-05-13,1K–15K,1001,15000,8000.5,capitol_trades
e9b69588935c573b9418,2026-05-14T11:42:52Z,Ro Khanna,house,FISV,Fiserv Inc FISV:US,purchase,2026-04-24,2026-05-13,1K–15K,1001,15000,8000.5,capitol_trades
60f78289bb91949c9169,2026-05-14T11:42:52Z,Ro Khanna,house,VRT,Vertiv Holdings Co VRT:US,purchase,2026-04-24,2026-05-13,1K–15K,1001,15000,8000.5,capitol_trades
077c317f009e2db7dde9,2026-05-14T11:42:52Z,Ro Khanna,house,FITB,Fifth Third Bancorp FITB:US,purchase,2026-04-24,2026-05-13,1K–15K,1001,15000,8000.5,capitol_trades
049525cb428d68c8ddac,2026-05-14T11:42:52Z,Ro Khanna,house,VRTX,Vertex Pharmaceuticals Inc VRTX:US,purchase,2026-04-24,2026-05-13,1K–15K,1001,15000,8000.5,capitol_trades
a184f3f626b7687ac58e,2026-05-14T11:42:52Z,Ro Khanna,house,CMG,Chipotle Mexican Grill Inc CMG:US,purchase,2026-04-24,2026-05-13,1K–15K,1001,15000,8000.5,capitol_trades
3eed3dcb5f8b3d51b2b7,2026-05-14T11:42:52Z,Ro Khanna,house,ZTS,Zoetis Inc ZTS:US,purchase,2026-04-24,2026-05-13,1K–15K,1001,15000,8000.5,capitol_trades
a5b9960716ad80c44623,2026-05-14T11:42:52Z,Ro Khanna,house,BLDR,Builders FirstSource Inc BLDR:US,purchase,2026-04-24,2026-05-13,1K–15K,1001,15000,8000.5,capitol_trades
119ae8c7c2f5d19afd0b,2026-05-14T11:42:52Z,Ro Khanna,house,OTIS,Otis Worldwide Corp OTIS:US,purchase,2026-04-24,2026-05-13,1K–15K,1001,15000,8000.5,capitol_trades
c611dea177ed8f8d1a48,2026-05-14T11:42:52Z,Ro Khanna,house,MLM,Martin Marietta Materials Inc MLM:US,purchase,2026-04-24,2026-05-13,1K–15K,1001,15000,8000.5,capitol_trades
36930bcae85303ab91a1,2026-05-14T11:42:52Z,Ro Khanna,house,AMP,Ameriprise Financial Inc AMP:US,purchase,2026-04-24,2026-05-13,1K–15K,1001,15000,8000.5,capitol_trades
2e0a04182d83d2f2e93b,2026-05-14T11:42:52Z,Ro Khanna,house,ADBE,Adobe Inc ADBE:US,purchase,2026-04-24,2026-05-13,1K–15K,1001,15000,8000.5,capitol_trades
ade9543d5c87977b12dc,2026-05-14T11:42:52Z,Ro Khanna,house,CHTR,Charter Communications Inc CHTR:US,purchase,2026-04-24,2026-05-13,1K–15K,1001,15000,8000.5,capitol_trades
5a68abe0d4493ad62571,2026-05-14T11:42:52Z,Ro Khanna,house,WFC,Wells Fargo & Co WFC:US,purchase,2026-04-24,2026-05-13,1K–15K,1001,15000,8000.5,capitol_trades
6666a80ddfdfe3c107dd,2026-05-14T11:42:52Z,Ro Khanna,house,FICO,Fair Isaac Corporation FICO:US,purchase,2026-04-24,2026-05-13,1K–15K,1001,15000,8000.5,capitol_trades
1c609dcf00c31ad92bca,2026-05-14T11:42:52Z,Ro Khanna,house,CORP,SANDISK CORP SNDK:US,purchase,2026-04-24,2026-05-13,1K–15K,1001,15000,8000.5,capitol_trades
dfbcc2fcde3858fcdb81,2026-05-14T11:42:52Z,Ro Khanna,house,S,S&P Global Inc SPGI:US,purchase,2026-04-24,2026-05-13,1K–15K,1001,15000,8000.5,capitol_trades
d45be352e172923e5382,2026-05-14T11:42:52Z,Ro Khanna,house,CVNA,Carvana Co CVNA:US,purchase,2026-04-24,2026-05-13,1K–15K,1001,15000,8000.5,capitol_trades
b75e0823947fa9cb916f,2026-05-14T11:42:52Z,Ro Khanna,house,ROK,Rockwell Automation Inc ROK:US,purchase,2026-04-24,2026-05-13,1K–15K,1001,15000,8000.5,capitol_trades
e337f66a8c8420dfcec8,2026-05-14T11:42:52Z,Ro Khanna,house,MS,Morgan Stanley MS:US,purchase,2026-04-24,2026-05-13,1K–15K,1001,15000,8000.5,capitol_trades
54b6c647fa44f2da5290,2026-05-14T11:42:54Z,Ro Khanna,house,PODD,Insulet Corp PODD:US,purchase,2026-04-24,2026-05-13,1K–15K,1001,15000,8000.5,capitol_trades
c585cdb02a47a87915cc,2026-05-14T11:42:54Z,Ro Khanna,house,QCOM,QUALCOMM Inc QCOM:US,purchase,2026-04-24,2026-05-13,1K–15K,1001,15000,8000.5,capitol_trades
b2d96c6ac7985a4e80ad,2026-05-14T11:42:54Z,Ro Khanna,house,HD,The Home Depot Inc HD:US,purchase,2026-04-24,2026-05-13,1K–15K,1001,15000,8000.5,capitol_trades
048cf3d5946f847633b3,2026-05-14T11:42:54Z,Ro Khanna,house,LULU,Lululemon Athletica Inc LULU:US,purchase,2026-04-24,2026-05-13,1K–15K,1001,15000,8000.5,capitol_trades
023c7484bc6400fdecfb,2026-05-14T11:42:54Z,Ro Khanna,house,CRH,CRH PLC CRH:US,purchase,2026-04-24,2026-05-13,1K–15K,1001,15000,8000.5,capitol_trades
0809e4b53c75b268924a,2026-05-14T11:42:54Z,Ro Khanna,house,AME,AMETEK Inc AME:US,purchase,2026-04-24,2026-05-13,1K–15K,1001,15000,8000.5,capitol_trades
75ec9068b310a12bc9cd,2026-05-14T11:42:54Z,Ro Khanna,house,EFX,Equifax Inc EFX:US,purchase,2026-04-24,2026-05-13,1K–15K,1001,15000,8000.5,capitol_trades
fff9b12fdb08e26fbe37,2026-05-14T11:42:54Z,Ro Khanna,house,SWK,Stanley Black & Decker Inc SWK:US,purchase,2026-04-24,2026-05-13,1K–15K,1001,15000,8000.5,capitol_trades
c448b8212673370c5aab,2026-05-14T11:42:54Z,Ro Khanna,house,ZBRA,Zebra Technologies Corp ZBRA:US,purchase,2026-04-24,2026-05-13,1K–15K,1001,15000,8000.5,capitol_trades
4b61f2da6ca93fb6f5e0,2026-05-14T11:42:54Z,Ro Khanna,house,IR,Ingersoll Rand Inc IR:US,purchase,2026-04-24,2026-05-13,1K–15K,1001,15000,8000.5,capitol_trades
70e19cf0dfd5caeeef94,2026-05-14T11:42:54Z,Ro Khanna,house,GDDY,GoDaddy Inc GDDY:US,purchase,2026-04-24,2026-05-13,1K–15K,1001,15000,8000.5,capitol_trades
dc6f07785a80c6421a36,2026-05-14T11:42:54Z,Ro Khanna,house,MAS,Masco Corporation MAS:US,purchase,2026-04-24,2026-05-13,1K–15K,1001,15000,8000.5,capitol_trades
9aa7c0987273dba598b4,2026-05-14T11:42:54Z,Ro Khanna,house,AVY,Avery Dennison Corp AVY:US,purchase,2026-04-24,2026-05-13,1K–15K,1001,15000,8000.5,capitol_trades
afe4b60041973aae27b4,2026-05-14T11:42:54Z,Ro Khanna,house,ARE,Alexandria Real Estate Equities Inc ARE:US,purchase,2026-04-24,2026-05-13,1K–15K,1001,15000,8000.5,capitol_trades
236c869668e612516346,2026-05-14T11:42:54Z,Ro Khanna,house,BRO,Brown & Brown Inc BRO:US,purchase,2026-04-24,2026-05-13,1K–15K,1001,15000,8000.5,capitol_trades
80b7642dc9fd24085b26,2026-05-14T11:42:54Z,Ro Khanna,house,LEN,Lennar Corp LEN:US,purchase,2026-04-24,2026-05-13,1K–15K,1001,15000,8000.5,capitol_trades
d84f2eac0ca9d6cb148b,2026-05-14T11:42:54Z,Ro Khanna,house,RMD,Resmed Inc RMD:US,purchase,2026-04-24,2026-05-13,1K–15K,1001,15000,8000.5,capitol_trades
65878eba59d5226d448f,2026-05-14T11:42:54Z,Ro Khanna,house,O,O'Reilly Automotive Inc ORLY:US,purchase,2026-04-24,2026-05-13,1K–15K,1001,15000,8000.5,capitol_trades
e66efeea4302a9525c34,2026-05-14T11:42:54Z,Ro Khanna,house,DECK,Deckers Outdoor Corp DECK:US,purchase,2026-04-24,2026-05-13,1K–15K,1001,15000,8000.5,capitol_trades
8e12549fb37541f3f19e,2026-05-14T11:42:54Z,Ro Khanna,house,KEY,KeyCorp KEY:US,purchase,2026-04-24,2026-05-13,1K–15K,1001,15000,8000.5,capitol_trades
01a93f18bd92083ccd31,2026-05-14T11:42:54Z,Ro Khanna,house,A,A. O. Smith Corp AOS:US,purchase,2026-04-24,2026-05-13,1K–15K,1001,15000,8000.5,capitol_trades
d159510cf31bec4297af,2026-05-14T11:42:54Z,Ro Khanna,house,PCAR,PACCAR Inc PCAR:US,purchase,2026-04-24,2026-05-13,1K–15K,1001,15000,8000.5,capitol_trades
83027ac1fa3956c9d445,2026-05-14T11:42:54Z,Ro Khanna,house,WAT,Waters Corp WAT:US,purchase,2026-04-24,2026-05-13,1K–15K,1001,15000,8000.5,capitol_trades
694277ceeb77497c52d7,2026-05-14T11:42:54Z,Ro Khanna,house,TSCO,Tractor Supply Co TSCO:US,purchase,2026-04-24,2026-05-13,1K–15K,1001,15000,8000.5,capitol_trades
858f6851546c1e254bd5,2026-05-14T11:42:54Z,Ro Khanna,house,DIS,The Walt Disney Co DIS:US,purchase,2026-04-24,2026-05-13,1K–15K,1001,15000,8000.5,capitol_trades
499f877f7188a5f47e63,2026-05-14T11:42:54Z,Ro Khanna,house,XYL,Xylem Inc XYL:US,purchase,2026-04-24,2026-05-13,1K–15K,1001,15000,8000.5,capitol_trades
df9233bde07b2860121a,2026-05-14T11:42:54Z,Ro Khanna,house,VMC,Vulcan Materials Co VMC:US,purchase,2026-04-24,2026-05-13,1K–15K,1001,15000,8000.5,capitol_trades
5f2332f64d6a2adefff7,2026-05-14T11:42:54Z,Ro Khanna,house,SE,TotalEnergies SE TTE:US,purchase,2026-04-10,2026-05-13,1K–15K,1001,15000,8000.5,capitol_trades
40d30160983038d5d177,2026-05-14T11:42:54Z,Ro Khanna,house,CBOE,CBOE MINI SPX INDEX XSP:US,purchase,2026-04-07,2026-05-13,1K–15K,1001,15000,8000.5,capitol_trades
dbd70052287dd14cc10a,2026-05-14T11:42:54Z,Ro Khanna,house,PLC,Shell PLC SHEL:US,purchase,2026-04-10,2026-05-13,1K–15K,1001,15000,8000.5,capitol_trades
4b038f66fe8437701d3b,2026-05-14T11:42:54Z,Ro Khanna,house,CBOE,CBOE MINI SPX INDEX XSP:US,sale,2026-04-07,2026-05-13,1K–15K,1001,15000,8000.5,capitol_trades
56ea7fcfa53b73880879,2026-05-14T11:42:54Z,Ro Khanna,house,CBOE,CBOE MINI SPX INDEX XSP:US,sale,2026-04-20,2026-05-13,1K–15K,1001,15000,8000.5,capitol_trades
98bea4e9e4589a84c221,2026-05-14T11:42:54Z,Ro Khanna,house,CBOE,CBOE MINI SPX INDEX XSP:US,sale,2026-04-27,2026-05-13,1K–15K,1001,15000,8000.5,capitol_trades
78f43acc3cf8f207bd67,2026-05-14T11:42:54Z,Ro Khanna,house,CBOE,CBOE MINI SPX INDEX XSP:US,sale,2026-04-15,2026-05-13,1K–15K,1001,15000,8000.5,capitol_trades
dbeb3212be02b0c93402,2026-05-14T11:42:54Z,Ro Khanna,house,BLK,Blackrock Inc BLK:US,sale,2026-04-24,2026-05-13,15K–50K,15001,50000,32500.5,capitol_trades
e77f42de6babb2a997a7,2026-05-14T11:42:54Z,Ro Khanna,house,AMGN,Amgen Inc AMGN:US,sale,2026-04-24,2026-05-13,15K–50K,15001,50000,32500.5,capitol_trades
0507fb3f90cb0be4a173,2026-05-14T11:42:54Z,Ro Khanna,house,NOW,ServiceNow Inc NOW:US,sale,2026-04-24,2026-05-13,15K–50K,15001,50000,32500.5,capitol_trades
f75d4e4b66b20e6119cb,2026-05-14T11:42:54Z,Ro Khanna,house,PLC,Eaton Corp PLC ETN:US,sale,2026-04-24,2026-05-13,15K–50K,15001,50000,32500.5,capitol_trades
209f0701b6615e553ca4,2026-05-14T11:42:54Z,Ro Khanna,house,WAB,Westinghouse Air Brake Technologies Corp WAB:US,sale,2026-04-24,2026-05-13,15K–50K,15001,50000,32500.5,capitol_trades
3659f8fc559a4324a25c,2026-05-14T11:42:54Z,Ro Khanna,house,PNC,The PNC Financial Services Group Inc PNC:US,sale,2026-04-24,2026-05-13,15K–50K,15001,50000,32500.5,capitol_trades
18ac0e3523ea0326ae99,2026-05-14T11:42:54Z,Ro Khanna,house,T,T-Mobile US Inc TMUS:US,sale,2026-04-24,2026-05-13,15K–50K,15001,50000,32500.5,capitol_trades
32f800f264bf33d74cb7,2026-05-14T11:42:54Z,Ro Khanna,house,KMB,Kimberly-Clark Corp KMB:US,sale,2026-04-24,2026-05-13,15K–50K,15001,50000,32500.5,capitol_trades
499d3bfc370b9610e497,2026-05-14T11:42:54Z,Ro Khanna,house,MMM,3M Co MMM:US,sale,2026-04-24,2026-05-13,15K–50K,15001,50000,32500.5,capitol_trades
d4847765e21233443c2e,2026-05-14T11:42:54Z,Ro Khanna,house,NDAQ,Nasdaq Inc NDAQ:US,sale,2026-04-24,2026-05-13,15K–50K,15001,50000,32500.5,capitol_trades
c46d4e9ef0488fcaccd4,2026-05-14T11:42:54Z,Ro Khanna,house,ADP,Automatic Data Processing Inc ADP:US,sale,2026-04-24,2026-05-13,15K–50K,15001,50000,32500.5,capitol_trades
30495dd2f0f4e5c08b0c,2026-05-14T11:42:54Z,Ro Khanna,house,PFG,Principal Financial Group Inc PFG:US,sale,2026-04-24,2026-05-13,15K–50K,15001,50000,32500.5,capitol_trades
df64e85cef9b2193f11a,2026-05-14T11:42:54Z,Ro Khanna,house,PGR,The Progressive Corp PGR:US,sale,2026-04-24,2026-05-13,15K–50K,15001,50000,32500.5,capitol_trades
81d1ce5c78d729652eb7,2026-05-14T11:42:54Z,Ro Khanna,house,FCX,Freeport-McMoRan Inc FCX:US,sale,2026-04-24,2026-05-13,1K–15K,1001,15000,8000.5,capitol_trades
4b6e9e4aaf563862c1b1,2026-05-14T11:42:54Z,Ro Khanna,house,CTSH,Cognizant Technology Solutions Corp CTSH:US,sale,2026-04-24,2026-05-13,1K–15K,1001,15000,8000.5,capitol_trades
768d327f5e75c79e399e,2026-05-14T11:42:54Z,Ro Khanna,house,PAYX,Paychex Inc PAYX:US,sale,2026-04-24,2026-05-13,1K–15K,1001,15000,8000.5,capitol_trades
5c38c1c75169f68b2c83,2026-05-14T11:42:54Z,Ro Khanna,house,CFG,Citizens Financial Group Inc CFG:US,sale,2026-04-24,2026-05-13,1K–15K,1001,15000,8000.5,capitol_trades
334fade4c4b014364b62,2026-05-14T11:42:54Z,Ro Khanna,house,CI,Cigna Corp CI:US,sale,2026-04-24,2026-05-13,1K–15K,1001,15000,8000.5,capitol_trades
38c638ebb697f63f3200,2026-05-14T11:42:54Z,Ro Khanna,house,TMO,Thermo Fisher Scientific Inc TMO:US,sale,2026-04-24,2026-05-13,1K–15K,1001,15000,8000.5,capitol_trades
8f2c6e987c7a42ce23fa,2026-05-14T11:42:54Z,Ro Khanna,house,IT,Gartner Inc IT:US,sale,2026-04-24,2026-05-13,1K–15K,1001,15000,8000.5,capitol_trades
de50035352c418d009a1,2026-05-14T11:42:54Z,Ro Khanna,house,IP,International Paper Co IP:US,sale,2026-04-24,2026-05-13,1K–15K,1001,15000,8000.5,capitol_trades
0e346c9a3285483bed2a,2026-05-14T11:42:54Z,Ro Khanna,house,ARES,Ares Management Corp ARES:US,sale,2026-04-24,2026-05-13,1K–15K,1001,15000,8000.5,capitol_trades
9af7c340d7033da3ae79,2026-05-14T11:42:54Z,Ro Khanna,house,U,U.S. Bancorp USB:US,sale,2026-04-24,2026-05-13,1K–15K,1001,15000,8000.5,capitol_trades
7bcdd32f99797104ed92,2026-05-14T11:42:54Z,Ro Khanna,house,NKE,Nike Inc NKE:US,sale,2026-04-24,2026-05-13,1K–15K,1001,15000,8000.5,capitol_trades
867bbeaa9830f8df8cee,2026-05-14T11:42:54Z,Ro Khanna,house,CSGP,CoStar Group Inc CSGP:US,sale,2026-04-24,2026-05-13,1K–15K,1001,15000,8000.5,capitol_trades
48051dce2c3048924054,2026-05-14T11:42:54Z,Ro Khanna,house,ADSK,AUTODESK Inc ADSK:US,sale,2026-04-24,2026-05-13,1K–15K,1001,15000,8000.5,capitol_trades
a8afb211ec50bf49723a,2026-05-14T11:42:54Z,Ro Khanna,house,F,Ford Motor Co F:US,sale,2026-04-24,2026-05-13,1K–15K,1001,15000,8000.5,capitol_trades
8cd254a1634b73cc1a0f,2026-05-14T11:42:54Z,Ro Khanna,house,PLC,Aon PLC AON:US,sale,2026-04-24,2026-05-13,1K–15K,1001,15000,8000.5,capitol_trades
4dfeceb027aa6c93b5ee,2026-05-14T11:42:54Z,Ro Khanna,house,BR,Broadridge Financial Solutions Inc BR:US,sale,2026-04-24,2026-05-13,1K–15K,1001,15000,8000.5,capitol_trades
ebfeaaf95205ba404f28,2026-05-14T11:42:54Z,Ro Khanna,house,HBAN,Huntington Bancshares Inc HBAN:US,sale,2026-04-24,2026-05-13,1K–15K,1001,15000,8000.5,capitol_trades
2ebb13ebe773b88a8157,2026-05-14T11:42:54Z,Ro Khanna,house,GPN,GLOBAL PAYMENTS Inc GPN:US,sale,2026-04-24,2026-05-13,1K–15K,1001,15000,8000.5,capitol_trades
23d7f31d20338dd25832,2026-05-14T11:42:54Z,Ro Khanna,house,MCD,McDonald's Corp MCD:US,sale,2026-04-24,2026-05-13,1K–15K,1001,15000,8000.5,capitol_trades
19a12120224cedc1d21c,2026-05-14T11:42:54Z,Ro Khanna,house,MRSH,Marsh & McLennan Companies Inc MRSH:US,sale,2026-04-24,2026-05-13,1K–15K,1001,15000,8000.5,capitol_trades
b4c3b02403362029bb2e,2026-05-14T11:42:54Z,Ro Khanna,house,BAX,Baxter International Inc BAX:US,sale,2026-04-24,2026-05-13,1K–15K,1001,15000,8000.5,capitol_trades
1f795bc862aba58b4eee,2026-05-14T11:42:54Z,Ro Khanna,house,EW,Edwards Lifesciences Corp EW:US,sale,2026-04-24,2026-05-13,1K–15K,1001,15000,8000.5,capitol_trades
594f489a7837d062c1ae,2026-05-14T11:42:54Z,Ro Khanna,house,VRSK,VERISK ANALYTICS Inc VRSK:US,sale,2026-04-24,2026-05-13,1K–15K,1001,15000,8000.5,capitol_trades
8c9275166e369b9e58de,2026-05-14T11:42:54Z,Ro Khanna,house,ISRG,Intuitive Surgical Inc ISRG:US,sale,2026-04-24,2026-05-13,1K–15K,1001,15000,8000.5,capitol_trades
293143e5c0e905b7989d,2026-05-14T11:42:54Z,Ro Khanna,house,WDAY,Workday Inc WDAY:US,sale,2026-04-24,2026-05-13,1K–15K,1001,15000,8000.5,capitol_trades
adc2379d78ad295a9568,2026-05-14T11:42:54Z,Ro Khanna,house,KLA,KLA Corp KLAC:US,sale,2026-04-24,2026-05-13,1K–15K,1001,15000,8000.5,capitol_trades
c7f73b858cda1a86a5d0,2026-05-14T11:42:54Z,Ro Khanna,house,DPZ,Domino's Pizza Inc DPZ:US,sale,2026-04-24,2026-05-13,1K–15K,1001,15000,8000.5,capitol_trades
bbce356de89c86d15b2d,2026-05-14T11:42:54Z,Ro Khanna,house,AMT,American Tower Corp AMT:US,sale,2026-04-24,2026-05-13,1K–15K,1001,15000,8000.5,capitol_trades
b055d6b356402a010260,2026-05-14T11:42:54Z,Ro Khanna,house,TYL,Tyler Technologies Inc TYL:US,sale,2026-04-24,2026-05-13,1K–15K,1001,15000,8000.5,capitol_trades
fa175cf8be1532897294,2026-05-14T11:42:54Z,Ro Khanna,house,PRU,Prudential Financial Inc PRU:US,sale,2026-04-24,2026-05-13,1K–15K,1001,15000,8000.5,capitol_trades
64cc84c4764edfa85cca,2026-05-14T11:42:54Z,Ro Khanna,house,BDX,Becton Dickinson and Co BDX:US,sale,2026-04-24,2026-05-13,1K–15K,1001,15000,8000.5,capitol_trades
4740fe9b68440d23a0a2,2026-05-14T11:42:54Z,Ro Khanna,house,HRL,Hormel Foods Corp HRL:US,sale,2026-04-24,2026-05-13,1K–15K,1001,15000,8000.5,capitol_trades
cd00422ffcf83eba4353,2026-05-14T11:42:54Z,Ro Khanna,house,TTD,The Trade Desk Inc TTD:US,sale,2026-04-24,2026-05-13,1K–15K,1001,15000,8000.5,capitol_trades
35af95b8de39e7f9fe05,2026-05-14T11:42:54Z,Ro Khanna,house,DXCM,DexCom Inc DXCM:US,sale,2026-04-24,2026-05-13,1K–15K,1001,15000,8000.5,capitol_trades
7d70bd3ff1677f2e7bda,2026-05-14T11:42:54Z,Ro Khanna,house,NV,Koninklijke Ahold Delhaize NV ADRNY:US,sale,2026-04-10,2026-05-13,1K–15K,1001,15000,8000.5,capitol_trades
b5e6ecff8b7e1770b2d1,2026-05-14T11:42:54Z,Ro Khanna,house,DELL,Dell Technologies Inc DELL:US,sale,2026-04-24,2026-05-13,1K–15K,1001,15000,8000.5,capitol_trades
a2d8ea04919b866a742e,2026-05-14T11:42:54Z,Ro Khanna,house,WFC,Wells Fargo & Co WFC:US,purchase,2026-04-15,2026-05-13,1K–15K,1001,15000,8000.5,capitol_trades
9b96c0250072c879a235,2026-05-14T11:42:54Z,Ro Khanna,house,EMERA,EMERA US FINANCE LP N/A,purchase,2026-04-15,2026-05-13,1K–15K,1001,15000,8000.5,capitol_trades
e357b5f9aa0f1c81f744,2026-05-14T11:42:54Z,Ro Khanna,house,TEXAS,COLLIN COUNTY TEXAS N/A,purchase,2026-04-02,2026-05-13,1K–15K,1001,15000,8000.5,capitol_trades
803dff6c2bcc550c2b16,2026-05-14T11:42:54Z,Ro Khanna,house,DELL,Dell Technologies Inc DELL:US,purchase,2026-04-15,2026-05-13,1K–15K,1001,15000,8000.5,capitol_trades
d91e389938d5cb34c8c8,2026-05-14T11:42:54Z,Ro Khanna,house,MRVL,Marvell Technology Inc MRVL:US,sale,2026-04-15,2026-05-13,1K–15K,1001,15000,8000.5,capitol_trades
cfd67d006abca6218587,2026-05-14T11:42:54Z,Ro Khanna,house,NET,Cloudflare Inc NET:US,sale,2026-04-15,2026-05-13,1K–15K,1001,15000,8000.5,capitol_trades
6f27459882827ce4ca49,2026-05-14T11:42:54Z,Ro Khanna,house,SACHS,GOLDMAN SACHS TAX-ADVANTAGED GLOBAL EQUITY PORTFOLIO GSKPX:US,purchase,2026-04-10,2026-05-13,50K–100K,50001,100000,75000.5,capitol_trades
cde5d6668acbee76af74,2026-05-14T16:02:39Z,John McGuire,house,AAPL,Apple Inc AAPL:US,purchase,2026-04-15,2026-05-14,1K–15K,1001,15000,8000.5,capitol_trades
9c334252ba6fba95d018,2026-05-14T16:02:39Z,John McGuire,house,MSFT,Microsoft Corp MSFT:US,purchase,2026-04-15,2026-05-14,1K–15K,1001,15000,8000.5,capitol_trades
67a639978a1219c29fd5,2026-05-14T16:02:39Z,John McGuire,house,NVDA,NVIDIA Corporation NVDA:US,purchase,2026-04-15,2026-05-14,1K–15K,1001,15000,8000.5,capitol_trades
2fcbf5753c213ecc3391,2026-05-14T16:02:39Z,Byron Donalds,house,CMG,Chipotle Mexican Grill Inc CMG:US,sale,2026-04-02,2026-05-14,1K–15K,1001,15000,8000.5,capitol_trades
b9bc9364f60a659c0fa9,2026-05-14T16:02:39Z,Byron Donalds,house,LLY,Eli Lilly and Co LLY:US,purchase,2026-04-02,2026-05-14,1K–15K,1001,15000,8000.5,capitol_trades
43c4a089a5a4e5358443,2026-05-14T16:02:39Z,Byron Donalds,house,INTU,Intuit Inc INTU:US,sale,2026-04-02,2026-05-14,1K–15K,1001,15000,8000.5,capitol_trades
ab889bc63680fa5b1d6f,2026-05-14T16:02:39Z,Byron Donalds,house,MRVL,Marvell Technology Inc MRVL:US,purchase,2026-04-02,2026-05-14,1K–15K,1001,15000,8000.5,capitol_trades
c557041f1dea0986f952,2026-05-15T15:54:16Z,Laura Friedman,house,HOLX,Hologic Inc HOLX:US,exchange,2026-04-08,2026-05-15,1K–15K,1001,15000,8000.5,capitol_trades
567aa076b125405ed5e0,2026-05-15T15:54:16Z,Laura Friedman,house,HOLX,Hologic Inc HOLX:US,sale,2026-04-08,2026-05-15,1K–15K,1001,15000,8000.5,capitol_trades
bfaf3e7d67ecda8ed820,2026-05-18T12:59:27Z,John Fetterman,senate,FCBN,First Citizens Bancorporation Inc FCBN:US,purchase,2025-04-24,2026-05-15,1K–15K,1001,15000,8000.5,capitol_trades
8ad5bbddc401d8e9a21e,2026-05-18T12:59:27Z,John Fetterman,senate,BAKER,BAKER HUGHES HOLDINGS LLC N/A,purchase,2025-04-24,2026-05-15,1K–15K,1001,15000,8000.5,capitol_trades
05fc176bdcbeb6787b37,2026-05-18T12:59:27Z,John Fetterman,senate,JPM,JPMorgan Chase & Co JPM:US,purchase,2025-06-17,2026-05-15,1K–15K,1001,15000,8000.5,capitol_trades
d1221916a0820c32a5d0,2026-05-18T16:42:45Z,Val Hoyle,house,LPL,LPL Financial Holdings Inc LPLA:US,sale,2025-04-02,2026-05-18,1K–15K,1001,15000,8000.5,capitol_trades
a2cfcc546358141248b6,2026-05-18T16:42:45Z,Dwight Evans,house,AMT,American Tower Corp AMT:US,sale,2026-05-11,2026-05-18,1K–15K,1001,15000,8000.5,capitol_trades
fde02be1766f6bed8aae,2026-05-18T16:42:45Z,Dwight Evans,house,CVS,CVS Health Corp CVS:US,sale,2025-11-21,2026-05-18,1K–15K,1001,15000,8000.5,capitol_trades
a04c5343049965a9a296,2026-05-18T16:42:45Z,Dwight Evans,house,INTC,Intel Corp INTC:US,sale,2026-05-07,2026-05-18,1K–15K,1001,15000,8000.5,capitol_trades
96228d745f5618bc3c98,2026-05-18T16:42:45Z,Dwight Evans,house,PWR,Quanta Services Inc PWR:US,sale,2026-05-07,2026-05-18,1K–15K,1001,15000,8000.5,capitol_trades
ddf651c85c1046a8216a,2026-05-18T16:42:45Z,Dwight Evans,house,TMO,Thermo Fisher Scientific Inc TMO:US,sale,2026-05-07,2026-05-18,1K–15K,1001,15000,8000.5,capitol_trades
4ff383d95245b51b357f,2026-05-18T16:42:45Z,Steve Cohen,house,SONY,SONY FINANCIAL GROUP INC SFGYY:US,purchase,2025-12-26,2026-05-18,1K–15K,1001,15000,8000.5,capitol_trades
9c4aabe0a9f29b72faa1,2026-05-19T16:42:50Z,Scott Peters,house,CITY,CITY OF ANAHEIM N/A,sale,2026-04-02,2026-05-19,50K–100K,50001,100000,75000.5,capitol_trades
2638510288e73893acb4,2026-05-19T16:42:50Z,Scott Peters,house,AUDAX,AUDAX SENIOR LOAN FUND ST LP N/A,purchase,2026-04-28,2026-05-19,500K–1M,500001,1000000,750000.5,capitol_trades
b9a33fdc4400670cbaee,2026-05-19T16:42:50Z,Scott Peters,house,CITY,CITY OF AUSTIN TEXAS N/A,purchase,2026-04-21,2026-05-19,50K–100K,50001,100000,75000.5,capitol_trades
900deab429683392fcb1,2026-05-19T16:42:50Z,Scott Peters,house,OF,COUNTY OF BERKS N/A,purchase,2026-04-28,2026-05-19,50K–100K,50001,100000,75000.5,capitol_trades
e789837556078e16f0da,2026-05-19T16:42:50Z,Scott Peters,house,STATE,STATE OF CALIFORNIA N/A,purchase,2026-04-09,2026-05-19,50K–100K,50001,100000,75000.5,capitol_trades
79875e03b007c3e49343,2026-05-19T16:42:50Z,Scott Peters,house,STATE,STATE OF CALIFORNIA N/A,purchase,2026-04-09,2026-05-19,250K–500K,250001,500000,375000.5,capitol_trades
5d18ca3459c7d390cc20,2026-05-19T16:42:50Z,Scott Peters,house,OF,COUNTY OF CHESTER N/A,purchase,2026-04-14,2026-05-19,50K–100K,50001,100000,75000.5,capitol_trades
ba14e319ab381772f23c,2026-05-19T16:42:50Z,Scott Peters,house,STATE,STATE OF ILLINOIS N/A,purchase,2026-04-24,2026-05-19,500K–1M,500001,1000000,750000.5,capitol_trades
96866a99605b6e453bef,2026-05-19T16:42:50Z,Scott Peters,house,CITY,CITY OF LOS ANGELES N/A,sale,2026-04-24,2026-05-19,50K–100K,50001,100000,75000.5,capitol_trades
ef77e58c3e149b84aa5b,2026-05-19T16:42:50Z,Scott Peters,house,CITY,CITY OF LOS ANGELES N/A,sale,2026-04-09,2026-05-19,500K–1M,500001,1000000,750000.5,capitol_trades
7812a35c837d7935ad1d,2026-05-19T16:42:50Z,Scott Peters,house,CITY,CITY OF LOS ANGELES N/A,sale,2026-04-06,2026-05-19,500K–1M,500001,1000000,750000.5,capitol_trades
d54328666703fca782ef,2026-05-19T16:42:50Z,Scott Peters,house,CITY,CITY OF LOS ANGELES N/A,sale,2026-04-02,2026-05-19,100K–250K,100001,250000,175000.5,capitol_trades
01e6c948833a0a0dda5d,2026-05-19T16:42:50Z,Scott Peters,house,CITY,CITY OF LOS ANGELES N/A,purchase,2026-04-21,2026-05-19,500K–1M,500001,1000000,750000.5,capitol_trades
640dda77d981e86179df,2026-05-19T16:42:50Z,Scott Peters,house,CITY,CITY OF LOS ANGELES N/A,sale,2026-04-22,2026-05-19,250K–500K,250001,500000,375000.5,capitol_trades
9705834fd2a69f9952ca,2026-05-19T16:42:50Z,Scott Peters,house,OF,METROPOLITAN GOVERNMENT OF NASHVILLE AND DAVIDSON COUNTY TENNESSEE N/A,purchase,2026-04-21,2026-05-19,250K–500K,250001,500000,375000.5,capitol_trades
1335a8d2e5bf92ac47b7,2026-05-19T16:42:50Z,Scott Peters,house,CITY,NOVATO CITY CALIFORNIA N/A,sale,2026-04-22,2026-05-19,50K–100K,50001,100000,75000.5,capitol_trades
f24e46c46329e1645380,2026-05-19T16:42:50Z,Scott Peters,house,AREA,PASADENA AREA COMMUNITY COLLEGE DISTRICT N/A,sale,2026-04-13,2026-05-19,250K–500K,250001,500000,375000.5,capitol_trades
0e1ccb1962a7e7a052f1,2026-05-19T16:42:50Z,Scott Peters,house,CITY,CITY OF PITTSBURG CALIFORNIA N/A,sale,2026-04-07,2026-05-19,250K–500K,250001,500000,375000.5,capitol_trades
e5ad3aa3bb94143e21bb,2026-05-19T16:42:50Z,Scott Peters,house,SAN,SAN DIEGO COUNTY WATER AUTHORITY N/A,sale,2026-04-24,2026-05-19,50K–100K,50001,100000,75000.5,capitol_trades
9d4fef8f083866de9a39,2026-05-19T16:42:50Z,Scott Peters,house,SAN,SAN FRANCISCO BAY AREA RAPID TRANSIT DISTRICT N/A,sale,2026-04-22,2026-05-19,50K–100K,50001,100000,75000.5,capitol_trades
e38fd76b8f49ea99ef32,2026-05-19T16:42:50Z,Scott Peters,house,RIVER,TRINITY RIVER AUTHORITY OF TEXAS N/A,purchase,2026-04-16,2026-05-19,50K–100K,50001,100000,75000.5,capitol_trades
b648964230ad0592abb6,2026-05-19T16:42:50Z,Scott Peters,house,OF,UNIVERSITY OF CALIFORNIA N/A,sale,2026-04-24,2026-05-19,50K–100K,50001,100000,75000.5,capitol_trades
16096160b12d31e7abe3,2026-05-19T16:42:50Z,Bill Keating,house,JPM,JPMorgan Chase & Co JPM:US,purchase,2026-05-08,2026-05-19,1K–15K,1001,15000,8000.5,capitol_trades
89ddaff528cf288d7086,2026-05-19T16:42:50Z,Bill Keating,house,NOC,Northrop Grumman Corp NOC:US,purchase,2026-05-08,2026-05-19,1K–15K,1001,15000,8000.5,capitol_trades
5bf4f15c435ad058624d,2026-05-19T16:42:50Z,Bill Keating,house,OTIS,Otis Worldwide Corp OTIS:US,purchase,2026-04-29,2026-05-19,1K–15K,1001,15000,8000.5,capitol_trades
bcdd4614760f300865ad,2026-05-19T16:42:50Z,Bill Keating,house,SPG,Simon Property Group Inc SPG:US,purchase,2026-05-08,2026-05-19,1K–15K,1001,15000,8000.5,capitol_trades
9aacb9c986216486f774,2026-05-19T16:42:50Z,Bill Keating,house,T,T-Mobile US Inc TMUS:US,purchase,2026-04-17,2026-05-19,1K–15K,1001,15000,8000.5,capitol_trades
dc730cdf8ed1eea30ca2,2026-05-19T16:42:50Z,Bill Keating,house,CPB,Campbell Soup Co CPB:US,sale,2026-05-06,2026-05-19,15K–50K,15001,50000,32500.5,capitol_trades
e0d45c1c1bfd12995890,2026-05-19T16:42:50Z,Bill Keating,house,VMW,VMware Inc VMW:US,purchase,2026-05-08,2026-05-19,1K–15K,1001,15000,8000.5,capitol_trades
afec1e03adaf2d79629d,2026-05-19T16:42:50Z,Brian Babin,house,CODI,Compass Diversified Holdings CODI:US,sale,2026-05-05,2026-05-19,1K–15K,1001,15000,8000.5,capitol_trades
310b7cc8de44d92bb493,2026-05-19T16:42:50Z,Brian Babin,house,ENB,Enbridge Inc ENB:US,sale,2026-05-05,2026-05-19,1K–15K,1001,15000,8000.5,capitol_trades
b426fe3cd7a6e16b355d,2026-05-19T16:42:50Z,Brian Babin,house,LP,Energy Transfer LP ET:US,sale,2026-05-05,2026-05-19,1K–15K,1001,15000,8000.5,capitol_trades
7cc104b4d61670ccc069,2026-05-19T16:42:50Z,Brian Babin,house,LLC,Fortress Transportation and Infrastructure Investors LLC FTAI:US,sale,2026-05-05,2026-05-19,50K–100K,50001,100000,75000.5,capitol_trades
74a1265bf00f9820b98c,2026-05-19T16:42:50Z,Brian Babin,house,FTAI,FTAI INFRASTRUCTURE INC FIP:US,sale,2026-05-05,2026-05-19,1K–15K,1001,15000,8000.5,capitol_trades
42c48bba11383ee35d02,2026-05-19T16:42:50Z,Brian Babin,house,HII,Huntington Ingalls Industries Inc HII:US,sale,2026-05-05,2026-05-19,15K–50K,15001,50000,32500.5,capitol_trades
398f3f2d18c7590dc511,2026-05-19T16:42:50Z,Brian Babin,house,IAG,IAMGold Corp IAG:US,sale,2026-05-05,2026-05-19,1K–15K,1001,15000,8000.5,capitol_trades
6d06b9c262f3ff3a33a2,2026-05-19T16:42:50Z,Brian Babin,house,RRC,Range Resources Corp RRC:US,sale,2026-05-05,2026-05-19,1K–15K,1001,15000,8000.5,capitol_trades
a05c774dc146d9f98d46,2026-05-19T16:42:50Z,Brian Babin,house,SOUHY,South32 Ltd SOUHY:US,sale,2026-05-05,2026-05-19,1K–15K,1001,15000,8000.5,capitol_trades
c0186e0f797f9eea741e,2026-05-19T16:42:50Z,Brian Babin,house,TERMS,WESTSHORE TERMS INVESTMNT CP WTSHF,sale,2026-05-05,2026-05-19,1K–15K,1001,15000,8000.5,capitol_trades
d8982f260e5b3acb2aea,2026-05-19T16:42:50Z,Brian Babin,house,WPM,Wheaton Precious Metals Corp WPM:US,sale,2026-05-05,2026-05-19,15K–50K,15001,50000,32500.5,capitol_trades
a22c1ac51bd751586664,2026-05-19T16:42:50Z,Brian Babin,house,WDS,Woodside Energy Group Ltd WDS:US,sale,2026-05-05,2026-05-19,1K–15K,1001,15000,8000.5,capitol_trades
aa89ce51b87fe15394dd,2026-05-20T16:42:43Z,Tim Moore,house,AT,AT&T Inc T:US,purchase,2026-05-18,2026-05-20,15K–50K,15001,50000,32500.5,capitol_trades
c054015766666722174a,2026-05-20T16:42:43Z,Tim Moore,house,PLC,Intercontinental Hotels Group PLC IHG:US,purchase,2026-05-07,2026-05-20,1K–15K,1001,15000,8000.5,capitol_trades
61c497871d442bae3c1c,2026-05-20T16:42:43Z,Josh Gottheimer,house,MMM,3M Co MMM:US,sale,2026-04-28,2026-05-20,1K–15K,1001,15000,8000.5,capitol_trades
b64eff5d7d16baff2bae,2026-05-20T16:42:43Z,Josh Gottheimer,house,AMD,Advanced Micro Devices Inc AMD:US,purchase,2026-04-27,2026-05-20,1K–15K,1001,15000,8000.5,capitol_trades
988c3b5c8b2dd2ef1718,2026-05-20T16:42:43Z,Josh Gottheimer,house,AMD,Advanced Micro Devices Inc AMD:US,purchase,2026-04-23,2026-05-20,1K–15K,1001,15000,8000.5,capitol_trades
dbe5897d46f118f4aa57,2026-05-20T16:42:43Z,Josh Gottheimer,house,ALLY,Ally Financial Inc ALLY:US,sale,2026-04-09,2026-05-20,1K–15K,1001,15000,8000.5,capitol_trades
edcb5e2eb45aad130a1b,2026-05-20T16:42:43Z,Josh Gottheimer,house,AT,AT&T Inc T:US,sale,2026-04-09,2026-05-20,1K–15K,1001,15000,8000.5,capitol_trades
4fb7b412fd6c287765c0,2026-05-20T16:42:43Z,Josh Gottheimer,house,CBIZ,CBIZ Inc CBZ:US,purchase,2026-04-06,2026-05-20,1K–15K,1001,15000,8000.5,capitol_trades
0ba0566e0ba8e7be13ac,2026-05-20T16:42:43Z,Josh Gottheimer,house,DRI,Darden Restaurants Inc DRI:US,sale,2026-04-09,2026-05-20,15K–50K,15001,50000,32500.5,capitol_trades
fb013ebb9c02993c0dd2,2026-05-20T16:42:43Z,Josh Gottheimer,house,DLTR,Dollar Tree Inc DLTR:US,sale,2026-04-09,2026-05-20,1K–15K,1001,15000,8000.5,capitol_trades
2596671d66cee8c760de,2026-05-20T16:42:43Z,Josh Gottheimer,house,FIRST,FIRST WATCH RESTAURA GRO INC FWRG:US,purchase,2026-04-06,2026-05-20,1K–15K,1001,15000,8000.5,capitol_trades
314367b51e77ef8662a5,2026-05-20T16:42:43Z,Josh Gottheimer,house,F,Ford Motor Co F:US,sale,2026-04-09,2026-05-20,15K–50K,15001,50000,32500.5,capitol_trades
62d592cb962865842a50,2026-05-20T16:42:43Z,Josh Gottheimer,house,FCX,Freeport-McMoRan Inc FCX:US,purchase,2026-04-15,2026-05-20,1K–15K,1001,15000,8000.5,capitol_trades
834252ee270366f934b4,2026-05-20T16:42:43Z,Josh Gottheimer,house,GS,The Goldman Sachs Group Inc GS:US,purchase,2026-04-16,2026-05-20,1K–15K,1001,15000,8000.5,capitol_trades
52cf61ad41b2434dfff6,2026-05-20T16:42:43Z,Josh Gottheimer,house,GS,The Goldman Sachs Group Inc GS:US,sale,2026-04-09,2026-05-20,15K–50K,15001,50000,32500.5,capitol_trades
98106b257d81de009237,2026-05-20T16:42:43Z,Josh Gottheimer,house,H,H D F C Bank Ltd HDB:US,sale,2026-04-13,2026-05-20,1K–15K,1001,15000,8000.5,capitol_trades
135a587ffbcbce10956a,2026-05-20T16:42:43Z,Josh Gottheimer,house,HD,The Home Depot Inc HD:US,sale,2026-04-09,2026-05-20,15K–50K,15001,50000,32500.5,capitol_trades
954cf1b997a5aaed77a1,2026-05-20T16:42:43Z,Josh Gottheimer,house,AG,Infineon Technologies AG IFNNY:US,purchase,2026-04-13,2026-05-20,1K–15K,1001,15000,8000.5,capitol_trades
43252b6a92733a2562bf,2026-05-20T16:42:43Z,Josh Gottheimer,house,INC,INTAPP INC N/A,purchase,2026-04-13,2026-05-20,1K–15K,1001,15000,8000.5,capitol_trades
009c9f52cf4d35dbd464,2026-05-20T16:42:43Z,Josh Gottheimer,house,IBM,International Business Machines Corp IBM:US,sale,2026-04-24,2026-05-20,1K–15K,1001,15000,8000.5,capitol_trades
513d042f3bffe5e58509,2026-05-20T16:42:43Z,Josh Gottheimer,house,MKTX,MarketAxess Holdings Inc MKTX:US,sale,2026-04-09,2026-05-20,1K–15K,1001,15000,8000.5,capitol_trades
0649c88015cb0705028f,2026-05-20T16:42:43Z,Josh Gottheimer,house,MLM,Martin Marietta Materials Inc MLM:US,sale,2026-04-09,2026-05-20,15K–50K,15001,50000,32500.5,capitol_trades
363cb5432cb65ca97230,2026-05-20T16:42:43Z,Josh Gottheimer,house,NTES,Netease Inc NTES:US,purchase,2026-04-06,2026-05-20,1K–15K,1001,15000,8000.5,capitol_trades
fd5f8432fe654e4929c1,2026-05-20T16:42:43Z,Josh Gottheimer,house,FOOD,PERFORMANCE FOOD GROUP COMPANY PFGC:US,sale,2026-04-09,2026-05-20,15K–50K,15001,50000,32500.5,capitol_trades
ad3145863beca8dfbe4c,2026-05-20T16:42:43Z,Josh Gottheimer,house,NOW,ServiceNow Inc NOW:US,sale,2026-04-24,2026-05-20,1K–15K,1001,15000,8000.5,capitol_trades
2e7742e914f076c9a0d6,2026-05-20T16:42:43Z,Josh Gottheimer,house,SYF,Synchrony Financial SYF:US,sale,2026-04-09,2026-05-20,15K–50K,15001,50000,32500.5,capitol_trades
76c82c91543758641b99,2026-05-20T16:42:43Z,Josh Gottheimer,house,TSCO,Tractor Supply Co TSCO:US,sale,2026-04-09,2026-05-20,15K–50K,15001,50000,32500.5,capitol_trades
